segment_a,segment_b,games_a,games_b,reviewers_a,reviewers_b,overlap,pct_of_a_also_b,pct_of_b_also_a,baseline_pct_b,baseline_pct_a,lift_a_to_b,lift_b_to_a,lift,lift_low,lift_high,reliable
dog,hunting,612,365,72288,56304,2971,4.11,5.28,1.9,2.36,2.16,2.24,2.2,2.12,2.28,True
hunting,extraction,374,91,58945,28765,861,1.46,2.99,0.76,2.03,1.92,1.48,1.69,1.57,1.8,True
roguelite,extraction,253,61,51296,20722,536,1.04,2.59,0.49,2.02,2.12,1.28,1.65,1.51,1.79,True
dog,roguelite,573,235,68071,51841,1834,2.69,3.54,2.1,2.4,1.28,1.47,1.37,1.31,1.44,True
hunting,roguelite,340,249,54860,54970,1529,2.79,2.78,2.19,1.96,1.27,1.42,1.35,1.28,1.41,True
horror,extraction,960,66,194881,20338,1397,0.72,6.87,0.64,6.11,1.12,1.12,1.12,1.06,1.18,True
friendslop,roguelite,1122,157,223375,30799,3187,1.43,10.35,1.7,7.31,0.84,1.41,1.09,1.05,1.13,True
dog,extraction,621,91,74979,28765,723,0.96,2.51,0.83,2.58,1.16,0.98,1.07,0.99,1.14,True
horror,roguelite,883,181,182832,36375,2578,1.41,7.09,1.56,5.85,0.91,1.21,1.05,1.01,1.09,True
hunting,horror,274,885,39889,185620,2713,6.8,1.46,5.93,1.54,1.15,0.95,1.04,1.0,1.08,True
dog,friendslop,613,1240,73443,247782,6927,9.43,2.8,8.19,3.03,1.15,0.92,1.03,1.01,1.06,True
friendslop,horror,997,734,195092,148821,10223,5.24,6.87,5.81,7.1,0.9,0.97,0.93,0.92,0.95,True
dog,horror,550,914,64223,192649,4284,6.67,2.22,6.29,2.75,1.06,0.81,0.93,0.9,0.95,True
friendslop,extraction,1243,86,247709,27185,1940,0.78,7.14,0.91,8.09,0.86,0.88,0.87,0.83,0.91,True
hunting,friendslop,363,1237,57843,248094,4976,8.6,2.01,8.4,2.84,1.02,0.71,0.85,0.83,0.87,True
