intersection,core_profiled,appid,name,game_reviews_total,core_who_reviewed,pct_of_core,lift
dog+friendslop,2643,401190,Dinosaur Hunt,3929,63,2.38,1.32
dog+friendslop,2643,321270,UNLOVED,2157,57,2.16,1.19
dog+friendslop,2643,3343840,Dino running from a FURRY: GAMESFORFARM,1378,49,1.85,0.99
dog+friendslop,2643,2776450,Multiverse Loot Hunter,2700,48,1.82,0.97
dog+friendslop,2643,448370,IS Defense,1733,38,1.44,0.78
dog+friendslop,2643,270550,Yet Another Zombie Defense,12390,36,1.36,0.75
dog+friendslop,2643,39800,Nation Red,2792,36,1.36,0.74
dog+friendslop,2643,635200,Distrust: Polar Survival,2561,32,1.21,0.66
dog+friendslop,2643,1955330,Save Room - Organization Puzzle,2494,33,1.25,0.66
dog+friendslop,2643,330580,Shark Attack Deathmatch 2,1883,30,1.14,0.62
dog+friendslop,2643,394760,Dead Effect 2,2320,29,1.1,0.59
dog+friendslop,2643,17500,Zombie Panic! Source,7864,27,1.02,0.56
dog+horror,3247,2560240,Biped 2,1114,73,2.25,1.38
dog+horror,3247,3343840,Dino running from a FURRY: GAMESFORFARM,1378,49,1.51,0.91
dog+horror,3247,448370,IS Defense,1733,45,1.39,0.85
dog+horror,3247,263740,FootLOL: Epic Soccer League,1099,39,1.2,0.75
dog+horror,3247,2776450,Multiverse Loot Hunter,2700,40,1.23,0.74
dog+horror,3247,2878420,Old Market Simulator,5445,37,1.14,0.69
dog+horror,3247,360940,The Mean Greens - Plastic Warfare,10202,36,1.11,0.68
dog+horror,3247,247950,Sacred 3,4470,36,1.11,0.68
dog+horror,3247,1661630,KarmaZoo,1420,35,1.08,0.66
dog+horror,3247,1021770,Wanba Warriors,2753,34,1.05,0.64
dog+horror,3247,516110,ToeJam & Earl: Back in the Groove!,1132,34,1.05,0.63
dog+horror,3247,2752710,WHAT THE PAK?!,1301,33,1.02,0.63
dog+hunting,1920,321270,UNLOVED,2157,38,1.98,1.58
dog+hunting,1920,2560240,Biped 2,1114,29,1.51,1.18
dog+hunting,1920,1021770,Wanba Warriors,2753,25,1.3,1.02
dog+hunting,1920,39800,Nation Red,2792,25,1.3,1.02
dog+hunting,1920,263740,FootLOL: Epic Soccer League,1099,24,1.25,0.99
dog+hunting,1920,270550,Yet Another Zombie Defense,12390,23,1.2,0.96
dog+hunting,1920,2752710,WHAT THE PAK?!,1301,23,1.2,0.94
dog+hunting,1920,360940,The Mean Greens - Plastic Warfare,10202,23,1.2,0.94
dog+hunting,1920,635200,Distrust: Polar Survival,2561,23,1.2,0.94
dog+hunting,1920,3771740,IQ Under Construction,1275,23,1.2,0.93
dog+hunting,1920,1661630,KarmaZoo,1420,19,0.99,0.78
dog+hunting,1920,2543510,GUNTOUCHABLES,4179,19,0.99,0.77
hunting+friendslop,2455,1986840,POPGOES Arcade,1914,75,3.05,1.92
hunting+friendslop,2455,321270,UNLOVED,2157,50,2.04,1.28
hunting+friendslop,2455,513780,Turbo Pug DX,1840,48,1.96,1.25
hunting+friendslop,2455,418070,Turbo Pug,3362,33,1.34,0.85
hunting+friendslop,2455,39800,Nation Red,2792,32,1.3,0.81
hunting+friendslop,2455,270550,Yet Another Zombie Defense,12390,30,1.22,0.77
hunting+friendslop,2455,313740,Sakura Spirit,6830,30,1.22,0.75
hunting+friendslop,2455,2698420,Restore Your Island,1795,28,1.14,0.72
hunting+friendslop,2455,971680,Montaro RE,1330,27,1.1,0.67
hunting+friendslop,2455,325210,Arctico,2555,27,1.1,0.67
hunting+friendslop,2455,635200,Distrust: Polar Survival,2561,26,1.06,0.66
hunting+friendslop,2455,1597730,Dogs Organized Neatly,1506,25,1.02,0.63
hunting+horror,3464,513780,Turbo Pug DX,1840,54,1.56,1.08
hunting+horror,3464,418070,Turbo Pug,3362,38,1.1,0.75
hunting+horror,3464,2752710,WHAT THE PAK?!,1301,36,1.04,0.7
hunting+horror,3464,360940,The Mean Greens - Plastic Warfare,10202,36,1.04,0.69
hunting+horror,3464,2560240,Biped 2,1114,36,1.04,0.69
hunting+horror,3464,313740,Sakura Spirit,6830,34,0.98,0.65
hunting+horror,3464,3771740,IQ Under Construction,1275,33,0.95,0.63
hunting+horror,3464,1597730,Dogs Organized Neatly,1506,32,0.92,0.62
hunting+horror,3464,971680,Montaro RE,1330,32,0.92,0.61
hunting+horror,3464,263740,FootLOL: Epic Soccer League,1099,30,0.87,0.59
hunting+horror,3464,1021770,Wanba Warriors,2753,30,0.87,0.58
hunting+horror,3464,390520,PewDiePie: Legend of the Brofist,1689,30,0.87,0.57
