combo,n_elements,period_type,period,incomplete,games,pct_100plus,pct_1000plus,median_reviews
собака,1,year,2019,False,13,53.8,23.1,133.0
собака,1,year,2020,False,44,38.6,11.4,32.5
собака,1,year,2021,False,80,32.5,8.8,38.5
собака,1,year,2022,False,71,25.4,7.0,24.0
собака,1,year,2023,False,91,25.3,4.4,13.0
собака,1,year,2024,False,141,18.4,3.5,18.0
собака,1,year,2025,True,148,12.8,2.0,13.0
собака,1,year,2026,True,167,9.0,3.0,7.0
собака,1,half,2019-H1,False,5,60.0,20.0,133.0
собака,1,half,2019-H2,False,8,50.0,25.0,92.0
собака,1,half,2020-H1,False,15,26.7,0.0,19.0
собака,1,half,2020-H2,False,29,44.8,17.2,38.0
собака,1,half,2021-H1,False,27,33.3,3.7,46.0
собака,1,half,2021-H2,False,53,32.1,11.3,36.0
собака,1,half,2022-H1,False,39,28.2,10.3,22.0
собака,1,half,2022-H2,False,32,21.9,3.1,31.5
собака,1,half,2023-H1,False,42,31.0,4.8,13.0
собака,1,half,2023-H2,False,49,20.4,4.1,12.0
собака,1,half,2024-H1,False,56,17.9,1.8,22.5
собака,1,half,2024-H2,False,85,18.8,4.7,11.0
собака,1,half,2025-H1,False,67,11.9,3.0,13.0
собака,1,half,2025-H2,True,81,13.6,1.2,13.0
собака,1,half,2026-H1,True,94,5.3,2.1,7.0
собака,1,half,2026-H2,True,73,13.7,4.1,5.0
охота,1,year,2019,False,14,42.9,7.1,78.0
охота,1,year,2020,False,42,26.2,7.1,29.0
охота,1,year,2021,False,51,29.4,7.8,14.0
охота,1,year,2022,False,62,14.5,6.5,9.0
охота,1,year,2023,False,62,24.2,8.1,14.0
охота,1,year,2024,False,88,21.6,5.7,11.0
охота,1,year,2025,True,97,29.9,9.3,16.0
охота,1,year,2026,True,85,12.9,7.1,6.0
охота,1,half,2019-H1,False,3,0.0,0.0,30.0
охота,1,half,2019-H2,False,11,54.5,9.1,106.0
охота,1,half,2020-H1,False,9,22.2,0.0,22.0
охота,1,half,2020-H2,False,33,27.3,9.1,39.0
охота,1,half,2021-H1,False,21,23.8,4.8,13.0
охота,1,half,2021-H2,False,30,33.3,10.0,15.0
охота,1,half,2022-H1,False,35,8.6,5.7,8.0
охота,1,half,2022-H2,False,27,22.2,7.4,18.0
охота,1,half,2023-H1,False,23,17.4,8.7,8.0
охота,1,half,2023-H2,False,39,28.2,7.7,16.0
охота,1,half,2024-H1,False,45,17.8,4.4,9.0
охота,1,half,2024-H2,False,43,25.6,7.0,13.0
охота,1,half,2025-H1,False,46,41.3,10.9,45.5
охота,1,half,2025-H2,True,51,19.6,7.8,6.0
охота,1,half,2026-H1,True,54,18.5,9.3,14.5
охота,1,half,2026-H2,True,31,3.2,3.2,2.0
собака + охота,2,year,2020,False,1,100.0,100.0,1185.0
собака + охота,2,year,2021,False,2,50.0,50.0,1177.5
собака + охота,2,year,2022,False,1,0.0,0.0,2.0
собака + охота,2,year,2023,False,4,50.0,0.0,165.0
собака + охота,2,year,2024,False,3,33.3,33.3,29.0
собака + охота,2,year,2025,True,2,0.0,0.0,23.0
собака + охота,2,year,2026,True,3,33.3,33.3,2.0
собака + охота,2,half,2020-H2,False,1,100.0,100.0,1185.0
собака + охота,2,half,2021-H2,False,2,50.0,50.0,1177.5
собака + охота,2,half,2022-H1,False,1,0.0,0.0,2.0
собака + охота,2,half,2023-H1,False,1,100.0,0.0,322.0
собака + охота,2,half,2023-H2,False,3,33.3,0.0,8.0
собака + охота,2,half,2024-H1,False,1,0.0,0.0,29.0
собака + охота,2,half,2024-H2,False,2,50.0,50.0,634.5
собака + охота,2,half,2025-H1,False,1,0.0,0.0,45.0
собака + охота,2,half,2025-H2,True,1,0.0,0.0,1.0
собака + охота,2,half,2026-H2,True,3,33.3,33.3,2.0
собака + кооп,2,year,2019,False,2,100.0,100.0,7749.5
собака + кооп,2,year,2020,False,4,50.0,25.0,142.0
собака + кооп,2,year,2021,False,6,33.3,16.7,48.0
собака + кооп,2,year,2022,False,4,75.0,25.0,126.5
собака + кооп,2,year,2023,False,8,25.0,0.0,55.5
собака + кооп,2,year,2024,False,9,22.2,0.0,24.0
собака + кооп,2,year,2025,True,7,42.9,14.3,61.0
собака + кооп,2,year,2026,True,9,22.2,22.2,16.0
собака + кооп,2,half,2019-H2,False,2,100.0,100.0,7749.5
собака + кооп,2,half,2020-H1,False,1,0.0,0.0,81.0
собака + кооп,2,half,2020-H2,False,3,66.7,33.3,203.0
собака + кооп,2,half,2021-H1,False,3,0.0,0.0,22.0
собака + кооп,2,half,2021-H2,False,3,66.7,33.3,123.0
собака + кооп,2,half,2022-H1,False,2,100.0,50.0,1352.5
собака + кооп,2,half,2022-H2,False,2,50.0,0.0,53.5
собака + кооп,2,half,2023-H1,False,2,0.0,0.0,4.5
собака + кооп,2,half,2023-H2,False,6,33.3,0.0,64.0
собака + кооп,2,half,2024-H1,False,6,16.7,0.0,13.0
собака + кооп,2,half,2024-H2,False,3,33.3,0.0,48.0
собака + кооп,2,half,2025-H1,False,1,0.0,0.0,2.0
собака + кооп,2,half,2025-H2,True,6,50.0,16.7,216.5
собака + кооп,2,half,2026-H1,True,6,16.7,16.7,11.0
собака + кооп,2,half,2026-H2,True,3,33.3,33.3,17.0
собака + френдслоп,2,year,2020,False,2,50.0,50.0,777.5
собака + френдслоп,2,year,2021,False,1,0.0,0.0,46.0
собака + френдслоп,2,year,2024,False,1,0.0,0.0,38.0
собака + френдслоп,2,year,2025,True,2,50.0,0.0,216.5
собака + френдслоп,2,year,2026,True,2,50.0,50.0,1778.5
собака + френдслоп,2,half,2020-H1,False,1,0.0,0.0,81.0
собака + френдслоп,2,half,2020-H2,False,1,100.0,100.0,1474.0
собака + френдслоп,2,half,2021-H1,False,1,0.0,0.0,46.0
собака + френдслоп,2,half,2024-H2,False,1,0.0,0.0,38.0
собака + френдслоп,2,half,2025-H2,True,2,50.0,0.0,216.5
собака + френдслоп,2,half,2026-H1,True,2,50.0,50.0,1778.5
собака + хоррор,2,year,2019,False,3,100.0,66.7,1104.0
собака + хоррор,2,year,2020,False,3,66.7,0.0,230.0
собака + хоррор,2,year,2021,False,8,50.0,0.0,153.5
собака + хоррор,2,year,2022,False,8,50.0,12.5,85.5
собака + хоррор,2,year,2023,False,10,40.0,10.0,30.5
собака + хоррор,2,year,2024,False,15,33.3,20.0,55.0
собака + хоррор,2,year,2025,True,12,0.0,0.0,23.0
собака + хоррор,2,year,2026,True,12,16.7,0.0,28.5
собака + хоррор,2,half,2019-H1,False,1,100.0,100.0,1104.0
собака + хоррор,2,half,2019-H2,False,2,100.0,50.0,4329.0
собака + хоррор,2,half,2020-H1,False,1,100.0,0.0,230.0
собака + хоррор,2,half,2020-H2,False,2,50.0,0.0,131.0
собака + хоррор,2,half,2021-H1,False,2,100.0,0.0,692.0
собака + хоррор,2,half,2021-H2,False,6,33.3,0.0,65.0
собака + хоррор,2,half,2022-H1,False,1,100.0,0.0,149.0
собака + хоррор,2,half,2022-H2,False,7,42.9,14.3,49.0
собака + хоррор,2,half,2023-H1,False,5,60.0,20.0,357.0
собака + хоррор,2,half,2023-H2,False,5,20.0,0.0,30.0
собака + хоррор,2,half,2024-H1,False,5,40.0,0.0,55.0
собака + хоррор,2,half,2024-H2,False,10,30.0,30.0,52.5
собака + хоррор,2,half,2025-H1,False,7,0.0,0.0,38.0
собака + хоррор,2,half,2025-H2,True,5,0.0,0.0,5.0
собака + хоррор,2,half,2026-H1,True,5,0.0,0.0,21.0
собака + хоррор,2,half,2026-H2,True,7,28.6,0.0,36.0
собака + рогалик,2,year,2020,False,1,0.0,0.0,80.0
собака + рогалик,2,year,2021,False,5,20.0,20.0,40.0
собака + рогалик,2,year,2022,False,2,50.0,0.0,163.5
собака + рогалик,2,year,2023,False,5,40.0,0.0,61.0
собака + рогалик,2,year,2024,False,11,18.2,0.0,11.0
собака + рогалик,2,year,2025,True,16,18.8,0.0,13.0
собака + рогалик,2,year,2026,True,20,15.0,10.0,16.5
собака + рогалик,2,half,2020-H1,False,1,0.0,0.0,80.0
собака + рогалик,2,half,2021-H1,False,1,0.0,0.0,10.0
собака + рогалик,2,half,2021-H2,False,4,25.0,25.0,49.0
собака + рогалик,2,half,2022-H2,False,2,50.0,0.0,163.5
собака + рогалик,2,half,2023-H1,False,2,50.0,0.0,401.0
собака + рогалик,2,half,2023-H2,False,3,33.3,0.0,61.0
собака + рогалик,2,half,2024-H1,False,2,0.0,0.0,25.5
собака + рогалик,2,half,2024-H2,False,9,22.2,0.0,11.0
собака + рогалик,2,half,2025-H1,False,7,0.0,0.0,3.0
собака + рогалик,2,half,2025-H2,True,9,33.3,0.0,21.0
собака + рогалик,2,half,2026-H1,True,15,6.7,6.7,13.0
собака + рогалик,2,half,2026-H2,True,5,40.0,20.0,33.0
охота + кооп,2,year,2019,False,1,100.0,100.0,1883.0
охота + кооп,2,year,2020,False,7,57.1,28.6,269.0
охота + кооп,2,year,2021,False,7,42.9,14.3,9.0
охота + кооп,2,year,2022,False,6,50.0,33.3,95.5
охота + кооп,2,year,2023,False,4,50.0,25.0,221.5
охота + кооп,2,year,2024,False,8,50.0,12.5,245.5
охота + кооп,2,year,2025,True,13,53.8,30.8,159.0
охота + кооп,2,year,2026,True,18,22.2,16.7,67.5
охота + кооп,2,half,2019-H2,False,1,100.0,100.0,1883.0
охота + кооп,2,half,2020-H1,False,1,100.0,0.0,269.0
охота + кооп,2,half,2020-H2,False,6,50.0,33.3,440.0
охота + кооп,2,half,2021-H1,False,3,33.3,0.0,6.0
охота + кооп,2,half,2021-H2,False,4,50.0,25.0,92.5
охота + кооп,2,half,2022-H1,False,2,0.0,0.0,7.5
охота + кооп,2,half,2022-H2,False,4,75.0,50.0,3891.0
охота + кооп,2,half,2023-H1,False,1,0.0,0.0,1.0
охота + кооп,2,half,2023-H2,False,3,66.7,33.3,375.0
охота + кооп,2,half,2024-H1,False,3,66.7,0.0,422.0
охота + кооп,2,half,2024-H2,False,5,40.0,20.0,69.0
охота + кооп,2,half,2025-H1,False,9,55.6,33.3,159.0
охота + кооп,2,half,2025-H2,True,4,50.0,25.0,104.5
охота + кооп,2,half,2026-H1,True,14,21.4,14.3,30.5
охота + кооп,2,half,2026-H2,True,4,25.0,25.0,88.5
охота + френдслоп,2,year,2021,False,2,50.0,0.0,92.5
охота + френдслоп,2,year,2022,False,1,0.0,0.0,13.0
охота + френдслоп,2,year,2024,False,1,0.0,0.0,69.0
охота + френдслоп,2,year,2025,True,2,0.0,0.0,24.5
охота + френдслоп,2,year,2026,True,5,0.0,0.0,81.0
охота + френдслоп,2,half,2021-H2,False,2,50.0,0.0,92.5
охота + френдслоп,2,half,2022-H1,False,1,0.0,0.0,13.0
охота + френдслоп,2,half,2024-H2,False,1,0.0,0.0,69.0
охота + френдслоп,2,half,2025-H1,False,1,0.0,0.0,9.0
охота + френдслоп,2,half,2025-H2,True,1,0.0,0.0,40.0
охота + френдслоп,2,half,2026-H1,True,4,0.0,0.0,56.0
охота + френдслоп,2,half,2026-H2,True,1,0.0,0.0,86.0
охота + хоррор,2,year,2019,False,2,100.0,50.0,1095.5
охота + хоррор,2,year,2020,False,12,33.3,8.3,43.0
охота + хоррор,2,year,2021,False,10,30.0,10.0,24.0
охота + хоррор,2,year,2022,False,10,20.0,10.0,10.5
охота + хоррор,2,year,2023,False,14,35.7,14.3,31.0
охота + хоррор,2,year,2024,False,28,25.0,7.1,10.0
охота + хоррор,2,year,2025,True,20,35.0,15.0,15.0
охота + хоррор,2,year,2026,True,21,14.3,9.5,30.0
охота + хоррор,2,half,2019-H2,False,2,100.0,50.0,1095.5
охота + хоррор,2,half,2020-H1,False,2,0.0,0.0,13.0
охота + хоррор,2,half,2020-H2,False,10,40.0,10.0,60.5
охота + хоррор,2,half,2021-H1,False,4,50.0,25.0,106.0
охота + хоррор,2,half,2021-H2,False,6,16.7,0.0,14.0
охота + хоррор,2,half,2022-H1,False,5,20.0,20.0,8.0
охота + хоррор,2,half,2022-H2,False,5,20.0,0.0,18.0
охота + хоррор,2,half,2023-H1,False,3,33.3,33.3,51.0
охота + хоррор,2,half,2023-H2,False,11,36.4,9.1,23.0
охота + хоррор,2,half,2024-H1,False,9,22.2,0.0,9.0
охота + хоррор,2,half,2024-H2,False,19,26.3,10.5,11.0
охота + хоррор,2,half,2025-H1,False,7,42.9,14.3,16.0
охота + хоррор,2,half,2025-H2,True,13,30.8,15.4,14.0
охота + хоррор,2,half,2026-H1,True,15,20.0,13.3,31.0
охота + хоррор,2,half,2026-H2,True,6,0.0,0.0,7.5
охота + рогалик,2,year,2019,False,3,66.7,0.0,112.0
охота + рогалик,2,year,2020,False,2,0.0,0.0,3.5
охота + рогалик,2,year,2021,False,3,66.7,66.7,2286.0
охота + рогалик,2,year,2022,False,4,25.0,0.0,27.5
охота + рогалик,2,year,2023,False,10,10.0,0.0,4.5
охота + рогалик,2,year,2024,False,7,42.9,0.0,72.0
охота + рогалик,2,year,2025,True,12,16.7,16.7,12.5
охота + рогалик,2,year,2026,True,8,12.5,0.0,27.5
охота + рогалик,2,half,2019-H2,False,3,66.7,0.0,112.0
охота + рогалик,2,half,2020-H2,False,2,0.0,0.0,3.5
охота + рогалик,2,half,2021-H1,False,1,100.0,100.0,2286.0
охота + рогалик,2,half,2021-H2,False,2,50.0,50.0,1171.5
охота + рогалик,2,half,2022-H2,False,4,25.0,0.0,27.5
охота + рогалик,2,half,2023-H1,False,2,0.0,0.0,29.0
охота + рогалик,2,half,2023-H2,False,8,12.5,0.0,2.0
охота + рогалик,2,half,2024-H1,False,5,20.0,0.0,6.0
охота + рогалик,2,half,2024-H2,False,2,100.0,0.0,174.5
охота + рогалик,2,half,2025-H1,False,4,25.0,25.0,57.0
охота + рогалик,2,half,2025-H2,True,8,12.5,12.5,2.5
охота + рогалик,2,half,2026-H1,True,6,16.7,0.0,27.5
охота + рогалик,2,half,2026-H2,True,2,0.0,0.0,43.0
собака + охота + кооп,3,year,2026,True,1,100.0,100.0,1811.0
собака + охота + кооп,3,half,2026-H2,True,1,100.0,100.0,1811.0
собака + охота + хоррор,3,year,2024,False,2,50.0,50.0,634.5
собака + охота + хоррор,3,half,2024-H2,False,2,50.0,50.0,634.5
собака + охота + рогалик,3,year,2021,False,1,100.0,100.0,2339.0
собака + охота + рогалик,3,half,2021-H2,False,1,100.0,100.0,2339.0
собака + кооп + френдслоп,3,year,2020,False,2,50.0,50.0,777.5
собака + кооп + френдслоп,3,year,2021,False,1,0.0,0.0,46.0
собака + кооп + френдслоп,3,year,2024,False,1,0.0,0.0,38.0
собака + кооп + френдслоп,3,year,2025,True,2,50.0,0.0,216.5
собака + кооп + френдслоп,3,year,2026,True,2,50.0,50.0,1778.5
собака + кооп + френдслоп,3,half,2020-H1,False,1,0.0,0.0,81.0
собака + кооп + френдслоп,3,half,2020-H2,False,1,100.0,100.0,1474.0
собака + кооп + френдслоп,3,half,2021-H1,False,1,0.0,0.0,46.0
собака + кооп + френдслоп,3,half,2024-H2,False,1,0.0,0.0,38.0
собака + кооп + френдслоп,3,half,2025-H2,True,2,50.0,0.0,216.5
собака + кооп + френдслоп,3,half,2026-H1,True,2,50.0,50.0,1778.5
собака + кооп + хоррор,3,year,2019,False,1,100.0,100.0,8254.0
собака + кооп + хоррор,3,year,2022,False,1,0.0,0.0,4.0
собака + кооп + хоррор,3,year,2024,False,3,0.0,0.0,24.0
собака + кооп + хоррор,3,year,2025,True,1,0.0,0.0,61.0
собака + кооп + хоррор,3,year,2026,True,1,0.0,0.0,96.0
собака + кооп + хоррор,3,half,2019-H2,False,1,100.0,100.0,8254.0
собака + кооп + хоррор,3,half,2022-H2,False,1,0.0,0.0,4.0
собака + кооп + хоррор,3,half,2024-H1,False,2,0.0,0.0,18.0
собака + кооп + хоррор,3,half,2024-H2,False,1,0.0,0.0,48.0
собака + кооп + хоррор,3,half,2025-H2,True,1,0.0,0.0,61.0
собака + кооп + хоррор,3,half,2026-H1,True,1,0.0,0.0,96.0
собака + кооп + рогалик,3,year,2024,False,1,100.0,0.0,113.0
собака + кооп + рогалик,3,year,2025,True,1,0.0,0.0,5.0
собака + кооп + рогалик,3,year,2026,True,2,50.0,50.0,1778.5
собака + кооп + рогалик,3,half,2024-H2,False,1,100.0,0.0,113.0
собака + кооп + рогалик,3,half,2025-H2,True,1,0.0,0.0,5.0
собака + кооп + рогалик,3,half,2026-H1,True,2,50.0,50.0,1778.5
собака + френдслоп + хоррор,3,year,2025,True,1,0.0,0.0,61.0
собака + френдслоп + хоррор,3,year,2026,True,1,0.0,0.0,96.0
собака + френдслоп + хоррор,3,half,2025-H2,True,1,0.0,0.0,61.0
собака + френдслоп + хоррор,3,half,2026-H1,True,1,0.0,0.0,96.0
собака + френдслоп + рогалик,3,year,2026,True,2,50.0,50.0,1778.5
собака + френдслоп + рогалик,3,half,2026-H1,True,2,50.0,50.0,1778.5
собака + хоррор + рогалик,3,year,2022,False,1,100.0,0.0,290.0
собака + хоррор + рогалик,3,year,2023,False,1,0.0,0.0,4.0
собака + хоррор + рогалик,3,year,2025,True,1,0.0,0.0,14.0
собака + хоррор + рогалик,3,year,2026,True,2,50.0,0.0,258.0
собака + хоррор + рогалик,3,half,2022-H2,False,1,100.0,0.0,290.0
собака + хоррор + рогалик,3,half,2023-H1,False,1,0.0,0.0,4.0
собака + хоррор + рогалик,3,half,2025-H2,True,1,0.0,0.0,14.0
собака + хоррор + рогалик,3,half,2026-H1,True,1,0.0,0.0,96.0
собака + хоррор + рогалик,3,half,2026-H2,True,1,100.0,0.0,420.0
охота + кооп + френдслоп,3,year,2021,False,2,50.0,0.0,92.5
охота + кооп + френдслоп,3,year,2022,False,1,0.0,0.0,13.0
охота + кооп + френдслоп,3,year,2024,False,1,0.0,0.0,69.0
охота + кооп + френдслоп,3,year,2025,True,2,0.0,0.0,24.5
охота + кооп + френдслоп,3,year,2026,True,5,0.0,0.0,81.0
охота + кооп + френдслоп,3,half,2021-H2,False,2,50.0,0.0,92.5
охота + кооп + френдслоп,3,half,2022-H1,False,1,0.0,0.0,13.0
охота + кооп + френдслоп,3,half,2024-H2,False,1,0.0,0.0,69.0
охота + кооп + френдслоп,3,half,2025-H1,False,1,0.0,0.0,9.0
охота + кооп + френдслоп,3,half,2025-H2,True,1,0.0,0.0,40.0
охота + кооп + френдслоп,3,half,2026-H1,True,4,0.0,0.0,56.0
охота + кооп + френдслоп,3,half,2026-H2,True,1,0.0,0.0,86.0
охота + кооп + хоррор,3,year,2019,False,1,100.0,100.0,1883.0
охота + кооп + хоррор,3,year,2020,False,4,50.0,25.0,420.5
охота + кооп + хоррор,3,year,2021,False,1,100.0,0.0,176.0
охота + кооп + хоррор,3,year,2022,False,2,0.0,0.0,24.5
охота + кооп + хоррор,3,year,2023,False,2,50.0,0.0,188.0
охота + кооп + хоррор,3,year,2024,False,5,40.0,20.0,69.0
охота + кооп + хоррор,3,year,2025,True,1,100.0,100.0,1854.0
охота + кооп + хоррор,3,year,2026,True,8,12.5,12.5,42.5
охота + кооп + хоррор,3,half,2019-H2,False,1,100.0,100.0,1883.0
охота + кооп + хоррор,3,half,2020-H2,False,4,50.0,25.0,420.5
охота + кооп + хоррор,3,half,2021-H2,False,1,100.0,0.0,176.0
охота + кооп + хоррор,3,half,2022-H1,False,1,0.0,0.0,13.0
охота + кооп + хоррор,3,half,2022-H2,False,1,0.0,0.0,36.0
охота + кооп + хоррор,3,half,2023-H1,False,1,0.0,0.0,1.0
охота + кооп + хоррор,3,half,2023-H2,False,1,100.0,0.0,375.0
охота + кооп + хоррор,3,half,2024-H1,False,1,100.0,0.0,751.0
охота + кооп + хоррор,3,half,2024-H2,False,4,25.0,25.0,61.5
охота + кооп + хоррор,3,half,2025-H1,False,1,100.0,100.0,1854.0
охота + кооп + хоррор,3,half,2026-H1,True,7,14.3,14.3,31.0
охота + кооп + хоррор,3,half,2026-H2,True,1,0.0,0.0,86.0
охота + кооп + рогалик,3,year,2022,False,1,100.0,0.0,155.0
охота + кооп + рогалик,3,year,2026,True,3,0.0,0.0,81.0
охота + кооп + рогалик,3,half,2022-H2,False,1,100.0,0.0,155.0
охота + кооп + рогалик,3,half,2026-H1,True,2,0.0,0.0,43.5
охота + кооп + рогалик,3,half,2026-H2,True,1,0.0,0.0,86.0
охота + френдслоп + хоррор,3,year,2021,False,1,100.0,0.0,176.0
охота + френдслоп + хоррор,3,year,2022,False,1,0.0,0.0,13.0
охота + френдслоп + хоррор,3,year,2024,False,1,0.0,0.0,69.0
охота + френдслоп + хоррор,3,year,2026,True,4,0.0,0.0,56.0
охота + френдслоп + хоррор,3,half,2021-H2,False,1,100.0,0.0,176.0
охота + френдслоп + хоррор,3,half,2022-H1,False,1,0.0,0.0,13.0
охота + френдслоп + хоррор,3,half,2024-H2,False,1,0.0,0.0,69.0
охота + френдслоп + хоррор,3,half,2026-H1,True,3,0.0,0.0,31.0
охота + френдслоп + хоррор,3,half,2026-H2,True,1,0.0,0.0,86.0
охота + френдслоп + рогалик,3,year,2026,True,2,0.0,0.0,83.5
охота + френдслоп + рогалик,3,half,2026-H1,True,1,0.0,0.0,81.0
охота + френдслоп + рогалик,3,half,2026-H2,True,1,0.0,0.0,86.0
охота + хоррор + рогалик,3,year,2021,False,1,100.0,100.0,2286.0
охота + хоррор + рогалик,3,year,2024,False,2,0.0,0.0,37.5
охота + хоррор + рогалик,3,year,2025,True,1,0.0,0.0,22.0
охота + хоррор + рогалик,3,year,2026,True,3,0.0,0.0,81.0
охота + хоррор + рогалик,3,half,2021-H1,False,1,100.0,100.0,2286.0
охота + хоррор + рогалик,3,half,2024-H1,False,2,0.0,0.0,37.5
охота + хоррор + рогалик,3,half,2025-H2,True,1,0.0,0.0,22.0
охота + хоррор + рогалик,3,half,2026-H1,True,2,0.0,0.0,58.0
охота + хоррор + рогалик,3,half,2026-H2,True,1,0.0,0.0,86.0
