name,games,pct_100plus,pct_100plus_without,uplift_100,pct_1000plus,pct_1000plus_without,uplift_1000,median_reviews,pct_100plus_2022_23,games_2022_23,pct_100plus_2024_25,games_2024_25,share_of_coop_games_2024_25,examples_top,tags
Экстракшн,10,70.0,29.2,2.4,50.0,12.1,4.13,1124.0,100.0,1,66.7,9,0.4,Gray Zone Warfare (69320); The Forever Winter (21418); Incursion Red River (8355),Extraction Shooter
Песочница / строительство,350,53.1,26.5,2.0,28.0,10.3,2.72,134.5,46.6,131,57.1,219,10.9,Raft (323844); Schedule I (290718); Sons Of The Forest (285354),"Sandbox, Building, Automation, City Builder"
Выживание / крафт,452,43.6,27.1,1.61,19.7,11.0,1.79,52.0,41.1,180,45.2,272,13.5,R.E.P.O. (343131); Raft (323844); Schedule I (290718),"Survival, Crafting, Open World Survival Craft, Base Building"
Симулятор,515,41.0,27.2,1.51,20.4,10.7,1.91,46.0,43.8,178,39.5,337,16.7,Schedule I (290718); Supermarket Simulator (79457); Gray Zone Warfare (69320),"Simulation, Life Sim, Job Simulator, Immersive Sim"
Реалистичное,208,39.9,28.6,1.4,23.6,11.4,2.07,46.0,43.3,67,38.3,141,7.0,Ready or Not (266467); SCUM (98668); Gray Zone Warfare (69320),Realistic
Открытый мир / исследование,599,39.6,27.1,1.46,22.0,10.0,2.2,41.0,42.8,208,37.9,391,19.4,Lethal Company (411708); Raft (323844); PEAK (305582),"Open World, Exploration"
RPG,622,36.2,27.7,1.31,15.3,11.5,1.33,31.0,44.5,245,30.8,377,18.7,Baldur's Gate 3 (757056); Path of Exile 2 (168239); V Rising (110670),"RPG, Action RPG, Loot, Character Customization"
Хоррор,505,34.9,28.3,1.23,12.7,12.1,1.05,32.0,35.9,170,34.3,335,16.6,Lethal Company (411708); R.E.P.O. (343131); Sons Of The Forest (285354),"Horror, Psychological Horror, Survival Horror"
Животные / природа,121,34.7,29.1,1.19,14.9,12.1,1.23,42.0,32.5,40,35.8,81,4.0,WEBFISHING (57397); RoadCraft (13591); WolfQuest: Anniversary Edition (11565),"Animals, Nature, Dogs, Cats, Dinosaurs, Hunting, Fishing"
Гонки / транспорт,165,34.5,29.0,1.19,15.8,12.0,1.32,24.0,33.8,68,35.1,97,4.8,"Car For Sale Simulator (20312); Drive Beyond Horizons (17992); Flashing Lights - Police, Firefighting, Emergency Services (EMS) Simulator (16173)","Racing, Driving, Vehicular Combat, Automobile Sim"
Стратегия / тактика,526,33.5,28.5,1.18,14.4,11.7,1.23,17.5,40.0,210,29.1,316,15.7,Ready or Not (266467); Gray Zone Warfare (69320); Bodycam (64073),"Strategy, Tactical, Tower Defense, RTS, Turn-Based Strategy"
Стелс,89,32.6,29.2,1.12,19.1,12.0,1.59,18.0,29.7,37,34.6,52,2.6,R.E.P.O. (343131); The Outlast Trials (91642); PAYDAY 3 (49556),Stealth
Рогалик,426,32.2,28.9,1.11,12.0,12.2,0.98,28.0,42.5,153,26.4,273,13.5,Vampire Survivors (251988); Brotato (111826); Content Warning (72681),"Roguelite, Roguelike, Action Roguelike, Roguelike Deckbuilder"
Процедурная генерация,117,29.9,29.3,1.02,6.8,12.4,0.55,15.0,30.6,36,29.6,81,4.0,PEAK (305582); Content Warning (72681); Labyrinthine (13801),Procedural Generation
Смешное / физика,572,29.4,29.3,1.0,10.5,12.5,0.84,25.0,34.8,224,25.9,348,17.3,Lethal Company (411708); R.E.P.O. (343131); PEAK (305582),"Funny, Comedy, Physics, Memes, Dark Comedy"
Волны / орды,134,29.1,29.3,0.99,14.9,12.1,1.23,15.0,24.1,58,32.9,76,3.8,7 Days to Die (274031); Dying Light 2 Stay Human: Reloaded Edition (165543); SCUM (98668),"Wave Shooter, Zombies, Horde"
Шутер,695,27.9,29.7,0.94,13.4,11.9,1.13,15.0,29.1,316,26.9,379,18.8,"Ready or Not (266467); Warhammer 40,000: Space Marine 2 (170273); Brotato (111826)","Shooter, FPS, Third-Person Shooter, Looter Shooter, Arena Shooter"
Экшен / взрывы,1640,25.7,32.8,0.78,9.7,14.5,0.67,16.0,27.8,706,24.1,934,46.3,"Vampire Survivors (251988); Warhammer 40,000: Space Marine 2 (170273); Path of Exile 2 (168239)","Action, Explosions, Hack and Slash, Beat 'em up, Bullet Hell, Twin Stick Shooter"
Пати-игра,122,22.1,29.6,0.75,4.9,12.4,0.4,15.0,31.2,48,16.2,74,3.7,Party Animals (56306); Climber Animals: Together (6079); SOS OPS! (4649),"Party Game, Party"
Спорт,190,21.6,29.8,0.72,7.4,12.5,0.59,15.0,23.6,89,19.8,101,5.0,REMATCH (41292); Golf It! (24735); Le Mans Ultimate (15356),"Sports, Football (Soccer), Basketball, Golf"
Головоломки,413,21.5,30.4,0.71,8.0,12.8,0.62,13.0,25.6,164,18.9,249,12.3,Chained Together (54948); Inside the Backrooms (38839); We Were Here Forever (16286),"Puzzle, Puzzle Platformer, Logic"
PvP / соревновательное,715,21.0,31.6,0.66,7.3,13.5,0.54,12.0,21.8,293,20.4,422,20.9,Dune: Awakening (68068); Party Animals (56306); Liar's Bar (48761),"PvP, Competitive, Team-Based, Battle Royale, eSports"
Уютное / милое,601,20.1,31.3,0.64,7.0,13.3,0.53,13.0,20.8,221,19.7,380,18.8,WEBFISHING (57397); Party Animals (56306); PowerWash Simulator (51011),"Cozy, Relaxing, Cute, Wholesome, Family Friendly"
Мультяшное / стилизация,619,18.9,31.7,0.6,5.2,13.7,0.38,11.0,23.4,248,15.9,371,18.4,Bopl Battle (21618); Titan Quest II (17548); Friends vs Friends (10899),"Cartoony, Stylized, Colorful, Hand-drawn, Cartoon"
Платформер,492,15.4,31.7,0.49,5.1,13.4,0.38,11.0,16.0,200,15.1,292,14.5,Chained Together (54948); Super Bunny Man (10173); Climber Animals: Together (6079),"Platformer, 2D Platformer, 3D Platformer, Precision Platformer"
