direction,games,pct_100plus,ci_low,ci_high,vs_small_average,pct_1000plus,pct_100plus_2022_23,pct_100plus_2024_25,examples_top
Психологический хоррор,182,39.6,32.7,46.8,уверенно выше,13.7,44.4,37.0,Lethal Company; Ready or Not; The Outlast Trials; Backrooms: Escape Together; Inside the Backrooms
Хоррор (любой),390,35.9,31.3,40.8,уверенно выше,12.6,36.2,35.7,"Lethal Company; R.E.P.O.; Ready or Not; Warhammer 40,000: Darktide; The Outlast Trials"
Онлайн-кооп как основа,595,35.6,31.9,39.6,уверенно выше,12.9,35.4,35.8,Lethal Company; R.E.P.O.; PEAK; Content Warning; WEBFISHING
Стелс,72,33.3,23.5,44.8,неясно,18.1,25.0,40.0,R.E.P.O.; The Outlast Trials; PAYDAY 3; Sniper Elite 5; The Texas Chain Saw Massacre
Рогалик,270,33.3,28.0,39.2,уверенно выше,12.6,40.8,29.1,Vampire Survivors; Brotato; Content Warning; Crab Champions; Roboquest
Выживание + онлайн-кооп,49,32.7,21.2,46.6,неясно,8.2,31.6,33.3,R.E.P.O.; FOREWARNED; Killer Klowns From Outer Space: The Game; Welcome to ParadiZe; Vade Retro : Exorcist
Вид от первого лица,351,30.2,25.6,35.2,уверенно выше,13.4,26.8,32.1,Lethal Company; R.E.P.O.; PEAK; Ready or Not; The Outlast Trials
Природа / животные / охота,70,30.0,20.5,41.5,неясно,10.0,29.2,30.4,WEBFISHING; FlyKnight Enhanced Edition; Way of the Hunter; Cat Quest III; GONE Fishing
Реалистичный стиль,108,27.8,20.2,36.9,неясно,11.1,25.8,28.6,Ready or Not; Backrooms: Escape Together; Zero Hour; Six Days in Fallujah; Way of the Hunter
Шутер,482,25.5,21.8,29.6,неясно,11.6,25.2,25.8,"Ready or Not; Warhammer 40,000: Space Marine 2; Warhammer 40,000: Darktide; PAYDAY 3; Liar's Bar"
Смешное / комедия,318,24.8,20.4,29.9,неясно,7.9,32.3,20.1,Lethal Company; R.E.P.O.; PEAK; Content Warning; Party Animals
Физика,123,22.8,16.2,30.9,неясно,7.3,27.3,20.3,R.E.P.O.; PEAK; Content Warning; SOS OPS!; Hidden Deep
Экшен,1063,21.7,19.4,24.3,неясно,7.1,22.2,21.4,"Warhammer 40,000: Space Marine 2; The Outlast Trials; Party Animals; PAYDAY 3; Pavlov"
Вид от третьего лица,135,21.5,15.4,29.1,неясно,8.9,21.2,21.7,"Warhammer 40,000: Space Marine 2; The Forever Winter; The Texas Chain Saw Massacre; Sniper Elite: Resistance; SOS OPS!"
Пати-игра,103,19.4,12.9,28.1,неясно,3.9,28.6,13.1,Party Animals; SOS OPS!; West Hunt; LEGO® Party!; Kukoro: Stream chat games
Милое / мультяшное / стилизация,390,18.2,14.7,22.3,уверенно ниже,4.6,19.2,17.6,WEBFISHING; Party Animals; Rabbit and Steel; Your Mother; Echo Point Nova
Локальный кооп,424,16.7,13.5,20.6,уверенно ниже,4.0,21.6,13.0,Brotato; Nobody Saves the World; Ship of Fools; Bread & Fred; Teenage Mutant Ninja Turtles: Splintered Fate
Выживание (без онлайна в топе),79,16.5,9.9,26.1,неясно,5.1,15.4,17.5,Brotato; The Texas Chain Saw Massacre; Sker Ritual; Paranoia Place: Escape Together; Section 13
Пиксель-арт / 2D,545,15.6,12.8,18.9,уверенно ниже,4.4,19.7,12.3,Vampire Survivors; Teenage Mutant Ninja Turtles: Shredder's Revenge; BOKURA; Rabbit and Steel; Your Mother
Казуальное,577,13.7,11.1,16.7,уверенно ниже,4.3,14.6,13.1,Vampire Survivors; WEBFISHING; Party Animals; Liar's Bar; Mage Arena
