name,games,pct_100plus,pct_100plus_without,uplift_100,pct_1000plus,pct_1000plus_without,uplift_1000,median_reviews,pct_100plus_2022_23,games_2022_23,pct_100plus_2024_25,games_2024_25,share_of_coop_games_2024_25,examples_top
Open World Survival Craft,78,78.2,28.1,2.78,53.8,11.2,4.8,1162.5,76.7,30,79.2,48,2.4,Raft (323844); 7 Days to Die (274031); SCUM (98668)
Management,98,64.3,28.3,2.27,27.6,11.7,2.36,194.0,81.5,27,57.7,71,3.5,Schedule I (290718); Supermarket Simulator (79457); Farming Simulator 25 (40166)
Base Building,144,60.4,27.9,2.16,35.4,11.1,3.19,249.5,55.1,49,63.2,95,4.7,Raft (323844); Schedule I (290718); Sons Of The Forest (285354)
Crafting,148,58.1,28.0,2.08,27.7,11.5,2.41,212.5,53.8,52,60.4,96,4.8,Raft (323844); Schedule I (290718); Sons Of The Forest (285354)
Gore,45,57.8,28.9,2.0,31.1,11.9,2.61,185.0,57.1,21,58.3,24,1.2,"Dying Light 2 Stay Human: Reloaded Edition (165543); Warhammer 40,000: Darktide (108993); Dying Light: The Beast (60322)"
Turn-Based Combat,40,57.5,29.0,1.98,32.5,11.9,2.73,148.5,72.2,18,45.5,22,1.1,"Baldur's Gate 3 (757056); Warhammer 40,000: Rogue Trader (33921); Wartales (32345)"
Open World,220,56.8,27.4,2.07,38.6,10.3,3.75,248.0,54.8,84,58.1,136,6.7,Raft (323844); Schedule I (290718); Sons Of The Forest (285354)
Building,162,56.2,27.9,2.01,34.0,11.1,3.06,196.0,48.4,62,61.0,100,5.0,Raft (323844); Sons Of The Forest (285354); 7 Days to Die (274031)
Resource Management,43,55.8,29.0,1.92,25.6,12.0,2.13,249.0,46.7,15,60.7,28,1.4,Satisfactory (235681); Outpost: Infinity Siege (11647); Grocery Store Simulator (5343)
Sandbox,219,54.3,27.6,1.97,27.4,11.1,2.47,144.0,47.1,87,59.1,132,6.5,Satisfactory (235681); Teardown (127249); PowerWash Simulator (51011)
Driving,68,52.9,28.8,1.84,23.5,11.9,1.97,108.0,55.6,27,51.2,41,2.0,"Car For Sale Simulator (20312); Drive Beyond Horizons (17992); Flashing Lights - Police, Firefighting, Emergency Services (EMS) Simulator (16173)"
Economy,46,52.2,29.0,1.8,19.6,12.1,1.62,121.0,80.0,5,48.8,41,2.0,Supermarket Simulator (79457); Farming Simulator 25 (40166); Planet Coaster 2 (13165)
Immersive Sim,132,50.0,28.5,1.75,21.2,11.8,1.8,102.0,55.9,34,48.0,98,4.9,Supermarket Simulator (79457); Car For Sale Simulator (20312); Police Simulator: Patrol Officers (18959)
Tactical,89,49.4,28.8,1.72,24.7,11.8,2.09,84.0,55.0,40,44.9,49,2.4,Ready or Not (266467); Gray Zone Warfare (69320); Bodycam (64073)
RTS,74,47.3,28.9,1.64,25.7,11.9,2.16,82.5,60.0,20,42.6,54,2.7,Company of Heroes 3 (24618); Mechabellum (18178); WARNO (14545)
Life Sim,75,46.7,28.9,1.62,21.3,12.0,1.78,78.0,38.1,21,50.0,54,2.7,Supermarket Simulator (79457); Car For Sale Simulator (20312); WolfQuest: Anniversary Edition (11565)
Turn-Based Strategy,93,45.2,28.9,1.56,19.4,12.0,1.62,50.0,55.3,47,34.8,46,2.3,"Warhammer 40,000: Rogue Trader (33921); Wartales (32345); Age of Wonders 4 (16870)"
Violent,40,45.0,29.1,1.55,17.5,12.1,1.45,58.5,43.8,16,45.8,24,1.2,"Warhammer 40,000: Darktide (108993); Onward (8620); Your Mother (8484)"
Female Protagonist,59,42.4,29.1,1.46,10.2,12.2,0.84,66.0,54.8,31,28.6,28,1.4,Granblue Fantasy: Relink (41310); 嗜血印 Bloody Spell (34226); Your Mother (8484)
Souls-like,45,42.2,29.1,1.45,20.0,12.1,1.65,55.0,73.3,15,26.7,30,1.5,Path of Exile 2 (168239); No Rest for the Wicked (66382); REMNANT II® (46575)
Wargame,55,41.8,29.1,1.44,18.2,12.1,1.5,57.0,38.1,21,44.1,34,1.7,Foxhole (47434); Company of Heroes 3 (24618); Mechabellum (18178)
Simulation,452,40.7,27.5,1.48,20.8,10.8,1.93,46.0,44.7,159,38.6,293,14.5,Schedule I (290718); Supermarket Simulator (79457); Gray Zone Warfare (69320)
Loot,45,40.0,29.2,1.37,8.9,12.2,0.73,32.0,36.8,19,42.3,26,1.3,Path of Exile 2 (168239); Wayfinder (25117); SurrounDead (24706)
Party-Based RPG,40,40.0,29.2,1.37,22.5,12.0,1.88,27.5,61.5,13,29.6,27,1.3,Wartales (32345); For The King II (12767); Sea of Stars: Sunset Edition (12143)
War,50,40.0,29.1,1.37,26.0,12.0,2.17,48.5,52.0,25,28.0,25,1.2,Foxhole (47434); Age of Wonders 4 (16870); Myth of Empires (15539)
Action RPG,180,40.0,28.7,1.39,14.4,12.0,1.2,41.0,44.9,69,36.9,111,5.5,"Path of Exile 2 (168239); Warhammer 40,000: Darktide (108993); No Rest for the Wicked (66382)"
Realistic,208,39.9,28.6,1.4,23.6,11.4,2.07,46.0,43.3,67,38.3,141,7.0,Ready or Not (266467); SCUM (98668); Gray Zone Warfare (69320)
Story Rich,93,39.8,29.0,1.37,17.2,12.0,1.43,38.0,52.5,40,30.2,53,2.6,Baldur's Gate 3 (757056); Lords of the Fallen (38043); Temtem (31270)
Psychological Horror,220,39.5,28.6,1.38,13.2,12.1,1.09,56.0,44.4,72,37.2,148,7.3,Lethal Company (411708); Ready or Not (266467); The Outlast Trials (91642)
Multiplayer,1197,39.2,23.8,1.65,18.8,8.5,2.21,41.0,39.4,492,39.0,705,35.0,R.E.P.O. (343131); Raft (323844); PEAK (305582)
Online Co-Op,955,39.1,25.4,1.54,16.6,10.4,1.6,45.0,41.3,351,37.7,604,29.9,Lethal Company (411708); R.E.P.O. (343131); Raft (323844)
Survival,304,39.1,28.3,1.38,18.1,11.6,1.56,35.5,33.6,128,43.2,176,8.7,R.E.P.O. (343131); Raft (323844); Sons Of The Forest (285354)
Military,77,37.7,29.1,1.3,19.5,12.0,1.62,42.0,34.4,32,40.0,45,2.2,Gray Zone Warfare (69320); Bodycam (64073); Foxhole (47434)
Co-op,1039,37.1,25.8,1.44,16.6,10.2,1.63,33.0,39.2,398,35.7,641,31.8,Lethal Company (411708); R.E.P.O. (343131); Raft (323844)
Roguelite,257,36.2,28.7,1.26,11.3,12.2,0.93,38.0,48.2,85,30.2,172,8.5,Vampire Survivors (251988); Roboquest (19197); PlateUp! (18548)
Nature,47,36.2,29.2,1.24,21.3,12.0,1.78,30.0,37.5,16,35.5,31,1.5,RoadCraft (13591); WolfQuest: Anniversary Edition (11565); Way of the Hunter (8563)
Horror,427,36.1,28.3,1.28,13.6,12.0,1.13,35.0,36.9,141,35.7,286,14.2,Lethal Company (411708); R.E.P.O. (343131); Sons Of The Forest (285354)
Sci-fi,165,35.8,29.0,1.23,15.2,12.0,1.27,24.0,38.7,62,34.0,103,5.1,"Lethal Company (411708); Warhammer 40,000: Space Marine 2 (170273); Brotato (111826)"
Anime,76,35.5,29.2,1.22,14.5,12.1,1.2,43.0,44.4,27,30.6,49,2.4,Granblue Fantasy: Relink (41310); Rabbit and Steel (10198); Your Mother (8484)
Singleplayer,564,35.5,28.1,1.26,16.5,11.3,1.46,29.5,36.8,247,34.4,317,15.7,"Ready or Not (266467); Vampire Survivors (251988); Warhammer 40,000: Space Marine 2 (170273)"
RPG,336,35.4,28.6,1.24,17.0,11.6,1.47,30.5,46.7,135,27.9,201,10.0,Baldur's Gate 3 (757056); Path of Exile 2 (168239); Enshrouded (93799)
Escape Room,40,35.0,29.2,1.2,15.0,12.1,1.24,47.0,45.0,20,25.0,20,1.0,We Were Here Forever (16286); The Past Within (14696); Emissary Zero (2718)
Action Roguelike,279,34.8,28.8,1.21,13.6,12.0,1.13,33.0,42.6,101,30.3,178,8.8,Vampire Survivors (251988); Brotato (111826); Content Warning (72681)
Hack and Slash,155,34.8,29.0,1.2,12.3,12.2,1.01,28.0,37.5,64,33.0,91,4.5,Path of Exile 2 (168239); No Rest for the Wicked (66382); 嗜血印 Bloody Spell (34226)
Turn-Based Tactics,75,34.7,29.2,1.19,9.3,12.2,0.76,23.0,36.4,33,33.3,42,2.1,Temtem (31270); Songs of Conquest (12144); Jagged Alliance 3 (11029)
Cooking,52,34.6,29.2,1.18,13.5,12.1,1.12,32.0,57.1,14,26.3,38,1.9,PlateUp! (18548); Ale & Tale Tavern (8715); Fast Food Simulator (8686)
First-Person,555,34.4,28.3,1.22,17.3,11.2,1.54,24.0,31.4,194,36.0,361,17.9,Lethal Company (411708); R.E.P.O. (343131); PEAK (305582)
Roguelike,213,34.3,29.0,1.18,14.1,12.0,1.18,31.0,43.2,81,28.8,132,6.5,Vampire Survivors (251988); Brotato (111826); Crab Champions (26602)
Supernatural,50,34.0,29.2,1.16,8.0,12.2,0.66,29.0,26.1,23,40.7,27,1.3,Labyrinthine (13801); Midnight Ghost Hunt (5418); Hospital 666 (1204)
FPS,271,33.9,28.9,1.17,20.3,11.5,1.77,24.0,33.9,115,34.0,156,7.7,"Ready or Not (266467); Warhammer 40,000: Darktide (108993); Gray Zone Warfare (69320)"
Survival Horror,203,33.5,29.0,1.16,10.8,12.3,0.88,39.0,31.6,79,34.7,124,6.1,Lethal Company (411708); Sons Of The Forest (285354); The Outlast Trials (91642)
Dark Fantasy,57,33.3,29.2,1.14,17.5,12.1,1.45,22.0,40.9,22,28.6,35,1.7,Path of Exile 2 (168239); Lords of the Fallen (38043); Mage Arena (17821)
Character Customization,229,33.2,29.0,1.14,15.3,11.9,1.29,26.0,39.8,93,28.7,136,6.7,Baldur's Gate 3 (757056); V Rising (110670); The Outlast Trials (91642)
Choices Matter,49,32.7,29.3,1.12,16.3,12.1,1.35,35.0,61.1,18,16.1,31,1.5,"Baldur's Gate 3 (757056); Warhammer 40,000: Rogue Trader (33921); Survivalist: Invisible Strain (4029)"
Physics,196,32.7,29.1,1.12,12.8,12.1,1.06,29.0,36.4,77,30.3,119,5.9,R.E.P.O. (343131); PEAK (305582); Teardown (127249)
Exploration,474,32.7,28.7,1.14,15.8,11.6,1.36,28.5,34.0,159,32.1,315,15.6,Lethal Company (411708); PEAK (305582); Satisfactory (235681)
Stealth,89,32.6,29.2,1.12,19.1,12.0,1.59,18.0,29.7,37,34.6,52,2.6,R.E.P.O. (343131); The Outlast Trials (91642); PAYDAY 3 (49556)
Co-op Campaign,118,32.2,29.2,1.1,11.0,12.2,0.9,27.5,37.5,48,28.6,70,3.5,Dying Light: The Beast (60322); Abiotic Factor (42333); We Were Here Forever (16286)
Medieval,72,31.9,29.2,1.09,15.3,12.1,1.26,15.5,37.9,29,27.9,43,2.1,Wartales (32345); Bellwright (20241); Mage Arena (17821)
Post-apocalyptic,90,31.1,29.3,1.06,17.8,12.0,1.48,27.5,27.5,40,34.0,50,2.5,7 Days to Die (274031); Dying Light 2 Stay Human: Reloaded Edition (165543); Deadside (34603)
Dungeon Crawler,135,31.1,29.2,1.07,11.9,12.2,0.98,26.0,38.3,47,27.3,88,4.4,Path of Exile 2 (168239); Wayfinder (25117); Titan Quest II (17548)
Level Editor,42,31.0,29.3,1.06,9.5,12.2,0.78,18.0,33.3,24,27.8,18,0.9,Golf It! (24735); Hero's Hour (4648); Make Way (1622)
Demons,55,30.9,29.3,1.05,10.9,12.2,0.89,26.0,40.0,20,25.7,35,1.7,Demonologist (18925); Ghost Watchers (12732); Evil West (10268)
Comedy,124,30.6,29.3,1.04,11.3,12.2,0.93,31.5,41.3,46,24.4,78,3.9,R.E.P.O. (343131); PEAK (305582); Content Warning (72681)
Strategy,421,30.4,29.1,1.04,13.8,11.9,1.16,16.0,36.0,164,26.8,257,12.7,"Foxhole (47434); Warhammer 40,000: Rogue Trader (33921); Wartales (32345)"
Atmospheric,201,30.3,29.2,1.04,12.4,12.2,1.02,25.0,35.1,74,27.6,127,6.3,"Warhammer 40,000: Darktide (108993); Backrooms: Escape Together (42747); Nuclear Nightmare (15454)"
Third-Person Shooter,142,30.3,29.3,1.03,14.8,12.1,1.22,13.5,29.6,71,31.0,71,3.5,"Warhammer 40,000: Space Marine 2 (170273); REMNANT II® (46575); Crab Champions (26602)"
Procedural Generation,117,29.9,29.3,1.02,6.8,12.4,0.55,15.0,30.6,36,29.6,81,4.0,PEAK (305582); Content Warning (72681); Labyrinthine (13801)
Adventure,742,29.4,29.3,1.0,14.3,11.6,1.23,19.0,31.1,305,28.1,437,21.7,Baldur's Gate 3 (757056); Raft (323844); PEAK (305582)
Isometric,51,29.4,29.3,1.0,11.8,12.2,0.97,27.0,31.6,19,28.1,32,1.6,Path of Exile 2 (168239); No Rest for the Wicked (66382); Jagged Alliance 3 (11029)
Zombies,134,29.1,29.3,0.99,14.9,12.1,1.23,15.0,24.1,58,32.9,76,3.8,7 Days to Die (274031); Dying Light 2 Stay Human: Reloaded Edition (165543); SCUM (98668)
Real Time Tactics,70,28.6,29.3,0.98,15.7,12.1,1.3,18.5,28.0,25,28.9,45,2.2,Company of Heroes 3 (24618); WARNO (14545); Door Kickers 2: Task Force North (12358)
Walking Simulator,49,28.6,29.3,0.98,8.2,12.2,0.67,24.0,28.6,14,28.6,35,1.7,Call of the Wild: The Angler™ (6132); Fears to Fathom - Woodbury Getaway (3481); Hospital 666 (1204)
Difficult,106,28.3,29.3,0.97,7.5,12.3,0.61,30.5,32.5,40,25.8,66,3.3,The Forever Winter (21418); Ravenswatch (17014); Rabbit and Steel (10198)
Dark,100,28.0,29.3,0.96,11.0,12.2,0.9,34.0,39.1,46,18.5,54,2.7,REMNANT II® (46575); Dead Island 2 (23554); Demonologist (18925)
VR,126,27.8,29.4,0.95,11.1,12.2,0.91,24.5,27.7,65,27.9,61,3.0,Pavlov (37862); Le Mans Ultimate (15356); Onward (8620)
Funny,359,27.6,29.5,0.94,9.5,12.5,0.76,24.0,34.8,141,22.9,218,10.8,Lethal Company (411708); Content Warning (72681); Party Animals (56306)
Third Person,257,27.6,29.4,0.94,10.5,12.3,0.85,10.0,24.2,95,29.6,162,8.0,"Warhammer 40,000: Space Marine 2 (170273); Wayfinder (25117); The Forever Winter (21418)"
Board Game,80,27.5,29.4,0.94,6.2,12.3,0.5,15.0,29.7,37,25.6,43,2.1,For The King II (12767); Guilty as Sock! (4872); TerraScape (2071)
Fantasy,177,27.1,29.4,0.92,14.1,12.1,1.17,20.0,26.1,69,27.8,108,5.4,Baldur's Gate 3 (757056); Granblue Fantasy: Relink (41310); Outward Definitive Edition (24664)
Mystery,70,27.1,29.4,0.92,7.1,12.3,0.58,18.0,40.0,30,17.5,40,2.0,We Were Here Forever (16286); The Past Within (14696); Hidden Deep (4298)
Investigation,48,27.1,29.3,0.92,8.3,12.2,0.68,24.5,35.3,17,22.6,31,1.5,Police Simulator: Patrol Officers (18959); Demonologist (18925); Whisper Mountain Outbreak (2435)
PvE,404,27.0,29.6,0.91,10.6,12.4,0.85,16.5,23.1,134,28.9,270,13.4,"Lethal Company (411708); Warhammer 40,000: Space Marine 2 (170273); V Rising (110670)"
Looter Shooter,52,26.9,29.3,0.92,13.5,12.1,1.12,13.5,29.2,24,25.0,28,1.4,Crab Champions (26602); The Forever Winter (21418); Roboquest (19197)
Action-Adventure,417,26.9,29.7,0.91,9.4,12.6,0.75,17.0,29.6,162,25.1,255,12.6,"Warhammer 40,000: Space Marine 2 (170273); Dead Island 2 (23554); Choo-Choo Charles (16428)"
Flight,49,26.5,29.3,0.9,6.1,12.3,0.5,24.0,26.1,23,26.9,26,1.3,FPV Kamikaze Drone (12247); X-Plane 12 (6381); AirportSim (1417)
Parkour,58,25.9,29.4,0.88,13.8,12.1,1.14,18.5,36.8,19,20.5,39,1.9,Dying Light 2 Stay Human: Reloaded Edition (165543); Dying Light: The Beast (60322); Echo Point Nova (7567)
Time Management,66,25.8,29.4,0.88,7.6,12.3,0.62,13.5,10.0,20,32.6,46,2.3,Farming Simulator 25 (40166); gogh: Focus with Your Avatar (4839); Farm Together 2 (4486)
Space,101,25.7,29.4,0.87,10.9,12.2,0.89,12.0,28.6,42,23.7,59,2.9,The Planet Crafter (69147); Cosmoteer: Starship Architect & Commander (12052); Jump Space (11259)
Combat,164,25.6,29.5,0.87,7.9,12.4,0.64,16.5,35.0,60,20.2,104,5.2,"Warhammer 40,000: Darktide (108993); No Rest for the Wicked (66382); Lords of the Fallen (38043)"
Indie,454,25.3,29.9,0.85,9.7,12.6,0.77,15.0,27.8,198,23.4,256,12.7,Vampire Survivors (251988); Teardown (127249); WEBFISHING (57397)
Side Scroller,127,25.2,29.5,0.85,7.1,12.4,0.57,21.0,29.4,68,20.3,59,2.9,Teenage Mutant Ninja Turtles: Shredder's Revenge (12981); PICO PARK 2 (4058); Kingdom Eighties (3007)
Tower Defense,96,25.0,29.4,0.85,10.4,12.2,0.85,15.0,30.0,40,21.4,56,2.8,Outpost: Infinity Siege (11647); Night of the Dead (10390); Age of Darkness: Final Stand (9505)
Party,40,25.0,29.4,0.85,5.0,12.3,0.41,19.5,35.7,14,19.2,26,1.3,SOS OPS! (4649); LEGO® Party! (1128); Kukoro: Stream chat games (914)
Twin Stick Shooter,76,25.0,29.4,0.85,11.8,12.2,0.97,20.0,31.2,32,20.5,44,2.2,Voidigo (3784); Windowkill (3399); ENDLESS Dungeon™ - Definitive Edition (2955)
Team-Based,150,24.7,29.5,0.84,6.7,12.4,0.54,18.0,22.2,63,26.4,87,4.3,REMATCH (41292); The Texas Chain Saw Massacre (19787); Friends vs Friends (10899)
Action,1466,24.7,32.9,0.75,9.5,14.2,0.67,15.0,26.8,635,23.1,831,41.2,"Warhammer 40,000: Space Marine 2 (170273); Path of Exile 2 (168239); SCUM (98668)"
Shooter,499,24.2,30.2,0.8,10.4,12.5,0.83,14.0,26.9,227,22.1,272,13.5,Ready or Not (266467); Gray Zone Warfare (69320); Bodycam (64073)
2D Fighter,75,24.0,29.4,0.82,9.3,12.2,0.76,15.0,25.0,36,23.1,39,1.9,Bopl Battle (21618); Rivals of Aether II (7035); SpiderHeck (3945)
Racing,111,23.4,29.5,0.79,7.2,12.3,0.59,13.0,22.4,49,24.2,62,3.1,Le Mans Ultimate (15356); Test Drive Unlimited Solar Crown (6577); WRC Generations – The FIA WRC Official Game (3384)
Massively Multiplayer,43,23.3,29.4,0.79,14.0,12.1,1.16,10.0,18.2,22,28.6,21,1.0,SCUM (98668); Foxhole (47434); Cultivation Tales (12560)
1990's,69,23.2,29.4,0.79,10.1,12.2,0.83,25.0,21.2,33,25.0,36,1.8,Dale & Dawson Stationery Supplies (7800); Midnight Ghost Hunt (5418); Fears to Fathom - Woodbury Getaway (3481)
3D,810,23.2,31.2,0.74,8.6,13.3,0.65,12.0,23.1,307,23.3,503,24.9,R.E.P.O. (343131); PEAK (305582); WEBFISHING (57397)
Party Game,99,23.2,29.5,0.79,5.1,12.4,0.41,15.0,29.3,41,19.0,58,2.9,Party Animals (56306); Climber Animals: Together (6079); West Hunt (1520)
Beat 'em up,108,23.1,29.5,0.78,5.6,12.4,0.45,25.5,28.0,50,19.0,58,2.9,"Teenage Mutant Ninja Turtles: Shredder's Revenge (12981); Evil West (10268); Warhammer 40,000: Shootas, Blood & Teef (2591)"
Cartoony,175,22.9,29.7,0.77,6.3,12.5,0.5,12.0,23.9,67,22.2,108,5.4,Bopl Battle (21618); Guilty as Sock! (4872); POPUCOM (3435)
Education,44,22.7,29.4,0.77,13.6,12.1,1.12,13.0,25.0,16,21.4,28,1.4,Construction Simulator (10644); Ships At Sea (2508); Rail Route (2413)
Hidden Object,75,22.7,29.5,0.77,2.7,12.4,0.22,9.0,35.3,17,19.0,58,2.9,West Hunt (1520); Anomaly Exit (1124); I'm on Observation Duty 5 (776)
Pixel Graphics,354,22.6,30.1,0.75,6.8,12.8,0.53,16.0,29.6,152,17.3,202,10.0,Vampire Survivors (251988); Core Keeper (50307); Teenage Mutant Ninja Turtles: Shredder's Revenge (12981)
Early Access,112,22.3,29.5,0.76,8.0,12.3,0.65,13.5,20.4,49,23.8,63,3.1,Backrooms: Escape Together (42747); FPV Kamikaze Drone (12247); Windblown (9096)
Cute,315,22.2,30.0,0.74,8.3,12.6,0.66,14.0,20.3,118,23.4,197,9.8,WEBFISHING (57397); Party Animals (56306); PlateUp! (18548)
Relaxing,143,21.7,29.6,0.73,9.8,12.3,0.8,14.0,25.6,39,20.2,104,5.2,PowerWash Simulator (51011); House Flipper 2 (16647); Luma Island (11242)
eSports,46,21.7,29.4,0.74,6.5,12.2,0.53,8.5,21.7,23,21.7,23,1.1,REMATCH (41292); Breachers™ (1372); The Karters 2: Turbo Charged (1047)
Sports,185,21.6,29.8,0.72,7.6,12.4,0.61,15.0,23.3,86,20.2,99,4.9,REMATCH (41292); Golf It! (24735); Le Mans Ultimate (15356)
Bullet Hell,186,21.5,29.8,0.72,7.0,12.5,0.56,16.5,23.6,72,20.2,114,5.7,Vampire Survivors (251988); Brotato (111826); Crab Champions (26602)
Perma Death,42,21.4,29.4,0.73,9.5,12.2,0.78,17.5,25.0,20,18.2,22,1.1,Ghost Exile (3696); 30XX (2516); Paranoia Place: Escape Together (1562)
Retro,155,21.3,29.7,0.72,3.2,12.6,0.25,16.0,22.1,68,20.7,87,4.3,FUMES (2850); Infernax (2132); Double Dragon Gaiden: Rise Of The Dragons (1276)
Card Game,52,21.2,29.4,0.72,5.8,12.3,0.47,12.0,29.2,24,14.3,28,1.4,Friends vs Friends (10899); Across the Obelisk (10748); Ticket to Ride® (1061)
Old School,76,21.1,29.5,0.72,6.6,12.3,0.54,13.0,23.5,34,19.0,42,2.1,Friends vs Friends (10899); FlyKnight Enhanced Edition (10509); Serious Sam: Siberian Mayhem (4748)
Puzzle Platformer,115,20.9,29.6,0.71,8.7,12.3,0.71,14.0,25.6,43,18.1,72,3.6,Chained Together (54948); BOKURA (10910); Climber Animals: Together (6079)
PvP,562,20.6,31.0,0.66,8.2,13.0,0.63,10.0,22.2,225,19.6,337,16.7,Dune: Awakening (68068); Party Animals (56306); Liar's Bar (48761)
Puzzle,338,20.4,30.3,0.67,7.4,12.7,0.58,12.5,25.0,136,17.3,202,10.0,Inside the Backrooms (38839); We Were Here Forever (16286); The Past Within (14696)
Logic,66,19.7,29.5,0.67,4.5,12.3,0.37,12.0,13.8,29,24.3,37,1.8,THE 4 SINS (3379); Oddsparks: An Automation Adventure (1872); Brickadia (1270)
Local Co-Op,489,19.6,31.0,0.63,5.7,13.3,0.43,13.0,26.1,211,14.7,278,13.8,Brotato (111826); Outward Definitive Edition (24664); Bopl Battle (21618)
3D Platformer,178,19.1,29.9,0.64,5.1,12.6,0.4,12.5,12.9,70,23.1,108,5.4,Chained Together (54948); Climber Animals: Together (6079); THE 4 SINS (3379)
Top-Down Shooter,163,19.0,29.8,0.64,5.5,12.5,0.44,14.0,26.8,71,13.0,92,4.6,Ship of Fools (5062); Apocalypse Party (4664); Voidigo (3784)
Casual,932,18.6,33.4,0.56,6.7,14.3,0.47,9.0,19.2,359,18.2,573,28.4,Vampire Survivors (251988); WEBFISHING (57397); Party Animals (56306)
Local Multiplayer,254,18.1,30.2,0.6,4.7,12.8,0.37,13.5,19.3,119,17.0,135,6.7,Songs of Conquest (12144); Rivals of Aether II (7035); Ship of Fools (5062)
Hand-drawn,97,17.5,29.7,0.59,4.1,12.4,0.33,6.0,32.4,34,9.5,63,3.1,Astral Ascent (5416); Ancient Warfare: The Han Dynasty (1709); Dominions 6 - Rise of the Pantokrator (1694)
Colorful,293,17.4,30.4,0.57,5.5,12.8,0.43,10.0,21.9,128,13.9,165,8.2,Titan Quest II (17548); Friends vs Friends (10899); Guilty as Sock! (4872)
Stylized,127,17.3,29.8,0.58,3.9,12.5,0.31,6.0,23.1,39,14.8,88,4.4,Age of Darkness: Final Stand (9505); Echo Point Nova (7567); Pantheon: Rise of the Fallen (4835)
2.5D,64,17.2,29.5,0.58,6.2,12.3,0.5,5.0,15.0,20,18.2,44,2.2,Rivals of Aether II (7035); Teenage Mutant Ninja Turtles: Splintered Fate (4169); Cat Quest III (3124)
Magic,70,17.1,29.6,0.58,8.6,12.2,0.7,6.5,13.6,22,18.8,48,2.4,Mage Arena (17821); Fae Farm (2744); Legendary Tales (2713)
Platformer,271,17.0,30.4,0.56,7.4,12.6,0.59,14.0,20.6,107,14.6,164,8.1,Chained Together (54948); Super Bunny Man (10173); Climber Animals: Together (6079)
Cartoon,107,16.8,29.7,0.57,1.9,12.5,0.15,12.0,17.0,47,16.7,60,3.0,Among Us 3D (3078); Little Fighter 2 Remastered (1773); Just Another Night Shift (956)
1980s,60,16.7,29.5,0.57,1.7,12.4,0.14,9.5,22.2,27,12.1,33,1.6,Ghostbusters: Spirits Unleashed Ecto Edition (1144); Moving Out 2 (461); Pampas & Selene: The Maze of Demons (369)
Collectathon,55,16.4,29.5,0.56,0.0,12.4,0.0,17.0,23.5,17,13.2,38,1.9,Kukoro: Stream chat games (914); Super Mining Mechs (848); Amazing Frog? 2 (728)
2D,602,15.9,32.2,0.49,5.1,13.7,0.37,8.0,19.9,256,13.0,346,17.2,Vampire Survivors (251988); Barotrauma (62116); Teenage Mutant Ninja Turtles: Shredder's Revenge (12981)
Tabletop,76,15.8,29.6,0.53,2.6,12.4,0.21,12.0,13.9,36,17.5,40,2.0,Sunderfolk (1905); Ticket to Ride® (1061); Nexus 5X (886)
Arena Shooter,89,15.7,29.7,0.53,6.7,12.3,0.54,6.0,14.6,41,16.7,48,2.4,Brotato (111826); BRAZILIAN DRUG DEALER 3: I OPENED A PORTAL TO HELL IN THE FAVELA TRYING TO REVIVE MIT AIA I NEED TO CLOSE IT (7939); Echo Point Nova (7567)
Controller,227,15.4,30.3,0.51,3.1,12.8,0.24,12.0,23.7,93,9.7,134,6.6,Wayfinder (25117); Labyrinthine (13801); Teenage Mutant Ninja Turtles: Splintered Fate (4169)
Family Friendly,263,15.2,30.5,0.5,1.9,13.0,0.15,13.0,16.0,100,14.7,163,8.1,Farm Together 2 (4486); Firefighting Simulator: Ignite (2063); In Sink: A Co-op Escape Adventure (1445)
Aliens,48,14.6,29.5,0.49,8.3,12.2,0.68,6.0,21.7,23,8.0,25,1.2,Starship Troopers: Extermination (29733); Hidden Deep (4298); Destroy All Humans! 2 - Reprobed (2284)
Arcade,618,14.1,32.7,0.43,2.8,14.3,0.2,10.5,16.4,275,12.2,343,17.0,REMATCH (41292); Crab Champions (26602); Teenage Mutant Ninja Turtles: Shredder's Revenge (12981)
Battle Royale,50,14.0,29.5,0.47,4.0,12.3,0.33,6.0,14.3,21,13.8,29,1.4,Friends vs Friends (10899); Blazing Sails (8406); Kukoro: Stream chat games (914)
Futuristic,41,12.2,29.5,0.41,4.9,12.3,0.4,8.0,0.0,14,18.5,27,1.3,MechWarrior 5: Clans (5587); Daemon X Machina: Titanic Scion (1850); Solar Nations 2 (629)
Shoot 'Em Up,181,11.6,30.3,0.38,3.3,12.7,0.26,12.0,17.0,94,5.7,87,4.3,Apocalypse Party (4664); Voidigo (3784); Greedland (2949)
Split Screen,97,11.3,29.8,0.38,5.2,12.4,0.42,12.0,13.5,37,10.0,60,3.0,Outward Definitive Edition (24664); Bang-On Balls: Chronicles (4343); Revenge of the Savage Planet (2855)
Top-Down,221,11.3,30.6,0.37,3.6,12.8,0.28,10.0,11.6,95,11.1,126,6.2,Foxhole (47434); Shape of Dreams (16300); Door Kickers 2: Task Force North (12358)
2D Platformer,233,11.2,30.7,0.36,3.4,12.8,0.27,8.0,15.8,101,7.6,132,6.5,"Hidden Deep (4298); Bread & Fred (4225); Warhammer 40,000: Shootas, Blood & Teef (2591)"
Precision Platformer,66,10.6,29.7,0.36,3.0,12.4,0.24,17.5,11.1,18,10.4,48,2.4,Bread & Fred (4225); Only Climb: Better Together (2953); Garbanzo Quest (659)
4 Player Local,174,10.3,30.3,0.34,2.9,12.7,0.23,11.0,11.7,77,9.3,97,4.8,Bopl Battle (21618); Rivals of Aether II (7035); A Few Quick Matches (2492)
Score Attack,70,10.0,29.7,0.34,4.3,12.3,0.35,13.0,11.4,35,8.6,35,1.7,Greedland (2949); Bounty of One (2750); Arcade Paradise (1216)
3D Fighter,52,9.6,29.6,0.32,1.9,12.3,0.15,3.5,4.0,25,14.8,27,1.3,AEW: Fight Forever (1347); Valkyrie of Phantasm (556); Elements Divided (139)
Minimalist,55,9.1,29.6,0.31,7.3,12.3,0.59,5.0,6.7,30,12.0,25,1.2,Windowkill (3399); Little Fighter 2 Remastered (1773); Bee Island (1620)
Comic Book,44,9.1,29.6,0.31,0.0,12.3,0.0,5.0,5.6,18,11.5,26,1.3,Parallel Experiment (715); Explosive Odds (172); Garfield Lasagna Party (151)
Linear,50,8.0,29.6,0.27,0.0,12.4,0.0,7.0,18.8,16,2.9,34,1.7,Don't Shout Together (470); River City Girls Zero (190); IT Simulator (140)
