appid,name,reviews,positive_pct,date,tags
513710,SCUM,98668,74,2025-06-17 14:55:16,"Open World Survival Craft, Open World, Survival, Massively Multiplayer, Nudity, Zombies, Crafting, Singleplayer, Action, Realistic"
3146520,WEBFISHING,57397,97,2024-10-11 19:00:31,"Fishing, Multiplayer, Casual, Cute, Character Customization, Creature Collector, Indie, Online Co-Op, LGBTQ+, 3D"
1119730,"Ranch Simulator: Build, Hunt, Farm",40969,79,2023-11-03 16:55:42,"Simulation, Multiplayer, Online Co-Op, Open World, Farming Sim, Farming, Job Simulator, Co-op, Realistic, Sandbox"
2300320,Farming Simulator 25,40166,87,2024-11-12 12:34:00,"Simulation, Farming Sim, Multiplayer, Realistic, 3D, Economy, First-Person, Time Management, Building, Management"
2104890,RoadCraft,13591,74,2025-05-20 14:51:15,"Simulation, Building, Driving, Physics, Online Co-Op, Adventure, Automobile Sim, Multiplayer, Automation, Nature"
926990,WolfQuest: Anniversary Edition,11565,97,2025-07-22 13:20:54,"Wolves, Animals, Survival, Life Sim, Open World, Exploration, Hunting, Nature, Immersive Sim, Simulation"
3108510,FlyKnight Enhanced Edition,10509,96,2025-01-31 14:59:28,"Dungeon Crawler, Souls-like, Online Co-Op, First-Person, Old School, Fantasy, Fishing, Action RPG, Inventory Management, Exploration"
1377380,Night of the Dead,10390,77,2024-05-31 08:34:00,"Open World Survival Craft, Zombies, Tower Defense, Multiplayer, Online Co-Op, Singleplayer, Open World, Crafting, Survival, Sandbox"
1288320,Way of the Hunter,8563,81,2022-08-16 16:56:53,"Adventure, Hunting, Shooter, Exploration, FPS, Realistic, Sports, First-Person, 3D, Nature"
1635450,Longvinter,6952,68,2025-02-21 09:30:52,"Multiplayer, Survival, Crafting, Open World, Open World Survival Craft, Sandbox, PvP, Co-op, Building, Adventure"
1408610,Call of the Wild: The Angler™,6132,63,2022-08-31 12:59:58,"Fishing, Multiplayer, Simulation, Nature, Open World, Immersive Sim, Relaxing, Sports, Realistic, Walking Simulator"
1696810,Railroads Online,5420,75,2024-12-05 15:56:00,"Trains, Multiplayer, Online Co-Op, Open World, Building, Automobile Sim, Physics, Sandbox, Driving, Immersive Sim"
2418520,Farm Together 2,4486,93,2025-05-30 16:58:58,"Farming Sim, Agriculture, Sandbox, Family Friendly, Life Sim, Cute, Character Customization, Time Management, Fishing, Casual"
1054510,Survivalist: Invisible Strain,4029,87,2025-04-25 12:00:21,"Open World Survival Craft, Colony Sim, RPG, RTS, Base Building, Post-apocalyptic, Third Person, Action, Character Customization, Choices Matter"
1874170,Shredders,3831,94,2022-03-16 23:54:56,"Sports, Snowboarding, Realistic, Multiplayer, Singleplayer, Open World, Physics, Nature, Character Customization, 3D"
2961530,Fears to Fathom - Woodbury Getaway,3481,86,2024-09-12 14:00:31,"Psychological Horror, Adventure, Horror, First-Person, Casual, Atmospheric, 1990's, Walking Simulator, Exploration, Crime"
4015530,MyVoiceZoo,3389,92,2025-09-26 07:07:17,"Zoo, Casual, Simulation, Creature Collector, Sandbox, Cute, Idler, 2D, Funny, Cartoony"
2305840,Cat Quest III,3124,94,2024-08-08 07:01:49,"Action, Adventure, Local Co-Op, Action RPG, Cats, Exploration, Cute, Pirates, Character Customization, 2.5D"
3645890,GONE Fishing,3048,90,2025-06-16 05:02:50,"Action, Adventure, Horror, Multiplayer, Fishing, Online Co-Op, First-Person, Co-op, 3D, Atmospheric"
2477340,Expeditions: A MudRunner Game,3010,59,2024-03-05 17:04:35,"Moddable, Multiplayer, Singleplayer, Nature, Driving, Exploration, Offroad, Co-op, Online Co-Op, Transportation"
1999520,CATO: Buttered Cat,2804,98,2024-09-06 02:00:26,"Puzzle Platformer, Cats, Cute, Adventure, Puzzle, Pixel Graphics, Indie, Platformer, Multiplayer, Singleplayer"
2230110,Fae Farm,2744,78,2023-09-08 16:04:48,"RPG, Farming Sim, Cozy, Magic, Co-op, Multiplayer, Relaxing, Cute, Colorful, Romance"
3149840,Скуф на рыбалке,2688,93,2025-04-10 03:46:21,"Simulation, Adventure, Comedy, Immersive Sim, Fishing, Sandbox, Atmospheric, Singleplayer, Co-op, Nature"
2271930,IfSunSets,2305,74,2024-11-05 01:52:23,"Open World Survival Craft, Open World, Base Building, Co-op, Action RPG, Action, Post-apocalyptic, Survival Horror, Zombies, Sandbox"
3107800,LIZARDS MUST DIE 2,2233,94,2025-03-27 08:57:30,"Hack and Slash, Co-op Campaign, Action-Adventure, Online Co-Op, Spectacle fighter, Third Person, Realistic, Cinematic, Multiplayer, Adventure"
325210,Arctico,2211,70,2022-02-15 17:01:21,"Open World Survival Craft, Multiplayer, Survival, Co-op, Open World, Adventure, Indie, Exploration, Nature, Atmospheric"
2708450,Oh Deer,2128,84,2024-06-27 16:55:36,"Multiplayer, Funny, Horror, Stealth, Social Deduction, Co-op, Archery, Comedy, Action, PvP"
1136380,Ultimate Fishing® Simulator 2,2084,66,2025-05-09 20:37:34,"Fishing, Simulation, Multiplayer, Sports, Realistic, Singleplayer, First-Person, Relaxing, Casual, Adventure"
1599330,Wildmender,1800,85,2023-09-28 15:44:43,"3D, Third Person, RPG, Simulation, Farming Sim, Strategy, Multiplayer, Singleplayer, Open World Survival Craft, Base Building"
1390190,APICO,1610,91,2022-05-20 12:56:12,"Exploration, Management, Sandbox, Education, Nature, Immersive Sim, Building, Casual, 2D, Open World"
1592290,Paranoia Place: Escape Together,1562,88,2025-04-09 17:35:16,"Survival Horror, Horror, Puzzle, Survival, Stealth, Perma Death, First-Person, Psychological Horror, Post-apocalyptic, Co-op"
3494520,Lost Rift,1470,67,2025-09-25 14:00:47,"Extraction Shooter, Open World Survival Craft, Survival, Crafting, Base Building, Character Customization, PvP, PvE, Multiplayer, FPS"
431180,WolfQuest: Classic,1400,90,2025-07-22 13:20:50,"Simulation, RPG, Survival, Singleplayer, Multiplayer, Realistic, Education, Exploration, Family Friendly, Nature"
2658510,Animal Shelter 2,1216,80,2025-07-23 14:50:56,"Simulation, Dogs, Cats, Cute, Multiplayer, Family Friendly, Realistic, Job Simulator, Casual, Life Sim"
1592110,Spirit of the Island,1193,69,2022-08-17 16:50:28,"Strategy, Choose Your Own Adventure, Life Sim, Farming Sim, RPG, Open World Survival Craft, Cozy, Simulation, Adventure, Online Co-Op"
1679220,Portal Dungeon,995,88,2023-07-26 07:00:01,"Action Roguelike, Roguelite, Multiplayer, Pixel Graphics, Side Scroller, Roguelike, PvE, Shooter, Dungeon Crawler, Platformer"
2287330,Empire of the Ants,932,73,2024-11-07 07:55:21,"Wargame, Real Time Tactics, Sandbox, PvE, PvP, RTS, Grand Strategy, Strategy, Third Person, 3D"
2977620,Squirreled Away,894,94,2025-03-28 16:01:34,"Exploration, Cute, Third Person, Relaxing, Funny, Multiplayer, Singleplayer, Casual, Open World, Base Building"
1562260,Camping Simulator: The Squad,882,57,2025-01-27 17:54:36,"Simulation, Survival, Co-op, Sandbox, Crafting, Adventure, Exploration, Resource Management, Building, Nature"
1138640,Hometopia,780,57,2025-04-02 20:46:25,"Immersive Sim, Design & Illustration, City Builder, Sandbox, Building, Base Building, Education, Nature, Tutorial, Family Friendly"
1016180,Terror of Hemasaurus,769,91,2022-10-17 16:48:00,"Physics, Villain Protagonist, Destruction, Dinosaurs, Dark Humor, Comedy, Arcade, Gore, 2D, Co-op"
2545360,Lonely Mountains: Snow Riders,750,91,2025-01-21 11:00:33,"Sports, Skiing, Multiplayer, Racing, Online Co-Op, Singleplayer, PvP, PvE, Nature, Exploration"
1916970,Tree Simulator 2023,675,95,2022-04-01 10:59:49,"Adventure, Casual, Simulation, Action-Adventure, Life Sim, Walking Simulator, Exploration, 3D, Colorful, Third Person"
1600780,MY LITTLE PONY: A Maretime Bay Adventure,649,79,2022-05-27 08:05:14,"Adventure, 3D Platformer, Wholesome, Family Friendly, Casual, Cute, Colorful, Horses, Female Protagonist, Controller"
3288270,Monster Care Simulator,646,91,2025-09-16 14:52:23,"Simulation, Management, Creature Collector, Online Co-Op, Economy, Singleplayer, Immersive Sim, Nature, Tutorial, Life Sim"
2350270,Primal Planet,645,88,2025-07-28 13:57:31,"Dinosaurs, Emotional, Metroidvania, Local Co-Op, Exploration, Pixel Graphics, Crafting, Action, 2D Platformer, Action-Adventure"
1547670,A Day Out,608,76,2024-06-27 20:22:24,"Horror, Hunting, Online Co-Op, Supernatural, Demons, Mystery, Conspiracy, Character Customization, Third Person, Controller"
2078350,Bluey: The Videogame,504,73,2023-11-17 09:01:19,"Cute, Family Friendly, Exploration, Action-Adventure, Female Protagonist, Controller, Dogs, Cartoony, Casual, Action"
2964280,Penguin Helper,465,95,2024-09-03 15:57:03,"Cute, Relaxing, Atmospheric, Open World, Nature, Snow, Multiplayer, Online Co-Op, Exploration, 3D"
2999030,Exploding Kittens® 2,453,75,2024-08-12 23:07:51,"Multiplayer, Card Game, Tabletop, Board Game, Casual, Family Friendly, Funny, Strategy, Party Game, Singleplayer"
1232220,Professional Fishing 2,440,77,2025-09-11 16:54:23,"Simulation, Fishing, Adventure, Sports, Arcade, Exploration, Co-op, Multiplayer, Online Co-Op, Singleplayer"
1416960,Everafter Falls,439,86,2024-06-20 15:57:07,"Farming Sim, Simulation, Story Rich, Local Co-Op, Life Sim, RPG, Crafting, 2D, Split Screen, Top-Down"
1961160,Cats Love Boxes,433,97,2024-02-28 19:50:29,"Sokoban, Cats, Co-op, Puzzle, Wholesome, Hand-drawn, Co-op Campaign, Casual, Adventure, Character Customization"
1751350,Wild Indigo Ranch,424,68,2024-09-18 11:04:25,"Western, Building, Life Sim, Crafting, Exploration, Sandbox, Open World, Cute, RPG, Farming Sim"
3201010,Starlight Revolver,404,54,2025-08-27 16:58:04,"Anime, Action-Adventure, Colorful, Minigames, Cute, Roguelite, LGBTQ+, Action Roguelike, Female Protagonist, Indie"
2794830,Cinnabunny,403,96,2025-02-19 17:53:08,"Casual, Cute, RPG, Simulation, Life Sim, Family Friendly, 3D, Cartoon, Farming Sim, Time Management"
2469200,Fera: The Sundered Tribes,394,57,2024-09-17 12:59:52,"Multiplayer, Online Co-Op, Simulation, Action RPG, Open World, Hunting, Colony Sim, Base Building, Third Person, 3D"
2165470,Taora : Survival,354,55,2024-05-23 20:32:38,"Exploration, Shooter, Crafting, Post-apocalyptic, Looter Shooter, Survival, Online Co-Op, RPG, Open World Survival Craft, Action RPG"
655740,Tallowmere 2: Curse of the Kittens,318,79,2024-02-19 20:25:28,"Action Roguelike, 2D Platformer, Online Co-Op, Local Co-Op, Singleplayer, Roguelite, Dungeon Crawler, Hack and Slash, Loot, Perma Death"
2596100,Lycans,311,91,2023-12-04 16:48:58,"Action, Strategy, First-Person, 3D, Assassins, Atmospheric, Loot, Hunting, Investigation, Fantasy"
3148160,Dragon Song Tavern: Cozy & Adventurous,275,71,2025-09-24 15:59:58,"Casual, Farming Sim, Cooking, Singleplayer, Co-op, Cute, Dragons, Fishing, Anime, Fantasy"
3444220,NiuMa,263,91,2025-08-14 01:27:02,"Multiplayer, Funny, Online Co-Op, Casual, Cute, Party Game, Family Friendly, Co-op, Relaxing, Team-Based"
1472930,Flock,251,94,2024-07-16 15:53:26,"Adventure, Casual, Creature Collector, Sandbox, 3D, Colorful, Cute, Stylized, Family Friendly, Flight"
2445390,Late Night Drive,223,80,2023-06-07 14:00:31,"Multiplayer, Relaxing, Driving, Atmospheric, Co-op, Nature, Casual, Racing, Automobile Sim, 3D"
2681180,MULTIPLAYER CAVEMEN,198,80,2023-11-18 08:35:25,"RPG, Action-Adventure, Exploration, 3D, Dinosaurs, PvP, Co-op, Online Co-Op, Multiplayer, Indie"
1851610,River Tails: Stronger Together,187,80,2023-12-14 15:50:45,"Co-op, Adventure, Action, Cats, Atmospheric, 3D Platformer, Split Screen, Platformer, 3D, Cute"
1266470,Real VR Fishing,185,74,2024-12-06 18:01:46,"VR, Underwater, Fishing, Realistic, Casual, Immersive Sim, Multiplayer, Exploration, Relaxing, Idler"
1549850,Virtual Hunter,173,71,2025-01-15 13:06:15,"Hunting, VR, Simulation, Adventure, Sports, Open World, Multiplayer, Immersive Sim, Shooter, Life Sim"
3448750,Frog Jump,157,85,2025-06-26 14:08:27,"3D Platformer, Racing, Platformer, Strategy, 3D, Cute, Third Person, Funny, Action, Casual"
1951780,Jumping Jazz Cats,148,74,2025-05-20 16:00:38,"Cats, Party Game, Multiplayer, 3D Platformer, Casual, Funny, Cute, Online Co-Op, Action, Character Customization"
2447260,Cats on Duty,144,90,2024-07-29 16:56:15,"Action, Adventure, Voxel, Tower Defense, Indie, RTS, Cats, Co-op, Strategy, Puzzle"
1952520,PAW Patrol World,144,88,2023-09-29 08:03:20,"Exploration, Sandbox, Driving, Action-Adventure, Character Customization, Family Friendly, 3D, Cute, Open World, Dogs"
1787760,Pets at Work,140,94,2022-02-28 18:05:58,"Local Co-Op, Puzzle Platformer, Dogs, Cats, Pixel Graphics, Colorful, Casual, 2D, Co-op, Adventure"
2235440,My Little Pony: A Zephyr Heights Mystery,127,73,2024-05-17 08:19:44,"Adventure, Family Friendly, 3D Platformer, Platformer, Multiplayer, Horses, Action-Adventure, Action, Cute, Exploration"
1675000,Surmount,126,83,2024-05-02 13:00:13,"Action, Procedural Generation, Colorful, Singleplayer, Physics, Nature, Family Friendly, Local Co-Op, Adventure, Controller"
2172320,Last Whisper,120,60,2024-07-22 09:51:59,"Action, Survival, Action-Adventure, Third Person, Online Co-Op, PvP, Adventure, Open World Survival Craft, Multiplayer, Early Access"
2504380,Survival Nation: Lost Horizon,113,55,2024-04-15 13:58:36,"Action, Adventure, Survival, Top-Down Shooter, Open World, Post-apocalyptic, Zombies, Multiplayer, PvP, Action RPG"
2868070,Descending The Woods,112,48,2024-07-13 04:03:16,"Horror, Online Co-Op, Open World Survival Craft, Singleplayer, Atmospheric, Survival Horror, Psychological Horror, First-Person, Base Building, Resource Management"
2397500,The Smurfs 2 - The Prisoner of the Green Stone,99,78,2023-11-02 13:06:13,"Exploration, 3D Platformer, Puzzle Platformer, Platformer, Action-Adventure, Cute, Third Person, 3D, Funny, Relaxing"
1527060,Cat Gets Medieval,98,93,2024-04-11 13:11:00,"Cats, Action-Adventure, Action RPG, Co-op, Open World, Character Customization, Funny, Collectathon, Exploration, Family Friendly"
1209510,Hand In Hand,94,87,2023-11-30 10:57:47,"Puzzle Platformer, Platformer, Split Screen, 2D Platformer, Local Co-Op, Controller, Singleplayer, Adventure, Fantasy, Atmospheric"
973070,Bound By Blades,94,77,2022-11-15 10:58:25,"Action, RPG, Adventure, Indie, Co-op, Action RPG, 2D, Singleplayer, Fantasy, Online Co-Op"
2634610,Sacabambaspis Chronicle,91,89,2023-11-03 02:50:48,"Exploration, Collectathon, PvE, Action RPG, RPG, Action-Adventure, Character Customization, 3D, Third Person, Underwater"
2859450,Find Cats With Friends,89,87,2024-03-14 08:16:19,"Casual, Simulation, Walking Simulator, Creature Collector, 3D, Cute, First-Person, Third Person, Family Friendly, Cats"
1586150,Ephesus,85,51,2023-02-17 14:25:21,"Action, Crafting, Sandbox, Simulation, Co-op, Atmospheric, Adventure, RPG, Action-Adventure, Exploration"
2430790,Phonk Cats,83,89,2023-05-26 10:01:38,"Cats, Action, Music-Based Procedural Generation, Online Co-Op, Casual, Rhythm, Funny, PvP, Difficult, 3D"
1492320,New Joe & Mac - Caveman Ninja,79,55,2022-12-02 00:31:31,"Side Scroller, 2D Platformer, Retro, 1990's, Arcade, Co-op, 2D, Action, Dinosaurs, Controller"
2299400,Aquascapers,78,69,2024-05-02 12:12:21,"Simulation, Life Sim, Sandbox, Exploration, Immersive Sim, 3D, First-Person, Realistic, Family Friendly, Relaxing"
3113750,Drunk Builder Simulator,78,39,2025-02-06 17:00:32,"Simulation, Runner, Parkour, Hunting, Stealth, PvP, Arcade, 3D, First-Person, Funny"
1403110,Primeval,76,59,2025-01-20 00:54:39,"Dinosaurs, Survival, Life Sim, Massively Multiplayer, Singleplayer, Open World, RPG, Nature, Character Customization, Exploration"
1965390,Online Sparkler,72,88,2022-06-24 11:00:24,"Immersive Sim, Word Game, Nature, Life Sim, Cute, 3D, Relaxing, Funny, Surreal, Casual"
2159530,On Dark Terms,71,66,2024-02-07 03:28:19,"Horror, Open World, Multiplayer, Indie, Cats, Investigation, Early Access, Singleplayer, Co-op, First-Person"
1770490,PAW Patrol: Grand Prix,71,81,2022-09-30 08:16:40,"Racing, Combat Racing, Driving, Family Friendly, Wholesome, PvP, 3D, Cartoon, Co-op, Local Co-Op"
1882130,Ultra Mega Cats,70,74,2025-06-17 14:00:33,"Roguelite, Fast-Paced, Multiplayer, Online Co-Op, Shooter, Action Roguelike, Co-op, PvE, Third-Person Shooter, Looter Shooter"
1183530,Go Fight Fantastic,68,67,2024-03-26 11:01:57,"Adventure, Multiplayer, Hack and Slash, Action RPG, Anime, Online Co-Op, Action-Adventure, Class-Based, Hand-drawn, Local Multiplayer"
1790360,Heist Kitty: Multiplayer Cat Simulator Game,67,70,2023-06-13 08:46:53,"Singleplayer, Action, Adventure, Casual, Cats, RPG, Simulation, Story Rich, Family Friendly, Multiplayer"
1568530,Realife Simulator,64,60,2024-12-27 13:39:16,"Action, Simulation, Life Sim, FPS, Immersive Sim, 3D, First-Person, Realistic, Driving, Atmospheric"
2321250,A Corgi's Cozy Hike,63,100,2025-08-30 16:36:15,"Relaxing, Exploration, 3D Platformer, Local Co-Op, Family Friendly, Collectathon, Adventure, Platformer, Dogs, Wholesome"
2012390,Galactic Getaway: Build a Home for Pets,62,61,2025-03-27 17:04:10,"Early Access, Creature Collector, Co-op, Wholesome, Farming Sim, Fishing, Building, Farming, Life Sim, Crafting"
1670120,Turn the Line!,59,79,2022-04-01 01:02:24,"Co-op, 4 Player Local, Local Co-Op, Party Game, Co-op Campaign, Arcade, 3D, Cute, Multiplayer, Local Multiplayer"
1632670,Cave Guessers,59,66,2022-10-07 07:45:19,"Multiplayer, Word Game, Family Friendly, Casual, Puzzle, Indie, 2D, Cartoony, Stylized, Funny"
3038590,BigFool,58,94,2024-07-08 07:01:10,"Casual, Action, Shooter, FPS, 3D, Cartoony, First-Person, Stylized, Comedy, Funny"
3342430,Dino Quake,54,100,2025-06-19 15:06:41,"Dinosaurs, Arcade, Indie, Platformer, 2D Platformer, Action, 2D, Colorful, Pixel Graphics, Linear"
2150310,元素召唤 Summon Elemental,50,88,2023-11-29 03:22:48,"Casual, Strategy, Card Game, Roguelike, Incremental, Creature Collector, Roguelite, 2D, Pixel Graphics, Cartoon"
2226750,Potion Brew: Co-op,50,76,2023-11-30 18:35:59,"Exploration, Online Co-Op, Fishing, Hunting, Sandbox, Character Customization, Open World, Cute, Life Sim, Farming Sim"
2668530,The Rake,49,57,2024-12-27 23:50:51,"Co-op, Online Co-Op, Multiplayer, Survival Horror, Action, Psychological Horror, Exploration, Horror, Atmospheric, Hunting"
2766880,Meowingtons Simulator,49,95,2025-05-07 04:02:52,"Simulation, Rhythm, Utilities, Immersive Sim, 3D, Third Person, Cats, Agriculture, Comedy, Automation"
1638500,The Garden Path,47,70,2024-07-30 13:59:17,"Sandbox, Relaxing, Hand-drawn, Simulation, Cozy, Life Sim, Exploration, Emotional, Nature, Atmospheric"
1296340,Undercat,46,97,2023-11-10 14:18:50,"Family Friendly, Local Co-Op, Cute, 2D Platformer, Adventure, Indie, Pixel Graphics, Retro, Comedy, Dogs"
2826140,Twilight Tails,43,51,2025-05-27 16:29:45,"Survival, Exploration, Hunting, Adventure, Open World Survival Craft, Nature, Life Sim, Immersive Sim, Open World, Action-Adventure"
2410030,Vinebound: Tangled Together,43,95,2025-04-17 12:32:34,"Action Roguelike, Local Co-Op, Colorful, Roguelite, Bullet Hell, Funny, Co-op, Multiplayer, Arcade, Action"
2217420,AQUA KITTY UDX,42,88,2023-05-18 12:02:18,"Action, Arcade, Shoot 'Em Up, Cats, Local Co-Op, Side Scroller, Cute, 2D, Pixel Graphics, 1990's"
2310810,Tents and Trees,42,90,2024-04-24 06:51:47,"Puzzle, Cozy, Relaxing, Cute, Logic, Nature, Casual, Colorful, 2D, Stylized"
3164400,Cats go! : Tactical Defense Braw,39,97,2025-08-09 10:46:35,"Real Time Tactics, Controller, Tower Defense, PvE, PvP, RTS, Strategy, 3D, Cute, Funny"
3081120,HOUND: AUTOMATON,39,58,2024-10-21 07:02:22,"Horror, Survival Horror, Multiplayer, Online Co-Op, Co-op, Survival, Psychological Horror, Stealth, Robots, PvP"
1175770,TopplePOP: Bungee Blockbusters,35,97,2025-02-06 03:04:00,"Falling Blocks, Physics, Puzzle, eSports, Party Game, Arcade, Singleplayer, 4 Player Local, Controller, Character Customization"
1978210,The Grinch: Christmas Adventures,35,62,2023-10-13 08:04:43,"Family Friendly, Action, 2D Platformer, Cartoon, Adventure, Local Multiplayer, Multiplayer, Platformer, Dogs, Local Co-Op"
3095720,Stick It!,34,97,2024-09-25 01:18:24,"Precision Platformer, Co-op, Casual, Physics, 2D Platformer, Online Co-Op, Platformer, Surreal, Linear, Fantasy"
1444320,Cat Saves Halloween,33,93,2022-10-13 21:33:38,"Cats, Action, Adventure, Co-op, Comedy, Open World, Supernatural, Family Friendly, Action-Adventure, Magic"
2550230,Kinduo 2 - Frostbite,32,100,2023-10-30 15:45:43,"Strategy, Adventure, Casual, Arcade, Platformer, Puzzle, 2D Platformer, Puzzle Platformer, 2D, Colorful"
3414480,Double Trip,32,100,2025-05-08 17:30:31,"Sokoban, Puzzle, 2D, Logic, Co-op, Relaxing, Casual, Top-Down, Atmospheric, Nature"
1527350,Dad's Coming,32,100,2025-01-21 17:01:27,"Casual, Co-op Campaign, Funny, Action, Pixel Graphics, Co-op, Comic Book, Cartoon, Local Co-Op, Local Multiplayer"
2965380,Relaxing Simulator,30,86,2024-05-24 11:51:04,"Exploration, Immersive Sim, Survival, Life Sim, Nature, Relaxing, Funny, 3D, Cute, Colorful"
2150820,Living With Dragons,30,80,2024-06-21 16:38:52,"Exploration, Hack and Slash, Creature Collector, Sandbox, Farming Sim, RPG, Cute, Dinosaurs, Dragons, Open World"
3108140,Cat & Capy,30,100,2025-04-11 21:05:00,"Action, Adventure, Action-Adventure, Platformer, 3D Platformer, Exploration, 3D, Colorful, Cute, Third Person"
3743830,100 Cats Lost In World Find & Color,29,96,2025-07-17 15:00:13,"Cats, Exploration, Hidden Object, Puzzle Platformer, Incremental, Puzzle, Education, Visual Novel, 2D, Cute"
3616450,Paws Against the World,28,78,2025-08-23 00:29:02,"Co-op, Top-Down Shooter, Roguelite, Shooter, Cute, Casual, Controller, Cats, Zombies, Survival"
1208690,Ailuri,28,57,2025-02-06 22:19:02,"Adventure, Indie, 2D, Platformer, Hand-drawn, Cute, 2D Platformer, Fantasy, Nature, Controller"
1725350,Mari and Bayu - The Road Home,28,53,2022-07-19 14:54:26,"Adventure, Co-op, Family Friendly, Action-Adventure, Platformer, 2D, Local Multiplayer, Exploration, Emotional, Singleplayer"
3194510,Shop Simulator: Pet Shop,28,82,2024-10-25 18:33:21,"Casual, Simulation, Cute, First-Person, Immersive Sim, Relaxing, Funny, Cats, Dogs, 3D"
1975370,Snipe Hunt,27,51,2022-10-24 09:28:19,"Horror, Online Co-Op, Lovecraftian, Psychological Horror, Investigation, Supernatural, Survival Horror, Adventure, Action, Multiplayer"
2644040,Ruff City,26,96,2023-12-21 07:59:51,"Action, Adventure, Action-Adventure, Arcade, Beat 'em up, Side Scroller, 2D, Pixel Graphics, Cats, Dogs"
1622040,Lila's Tale and the Hidden Forest,26,88,2022-11-10 09:21:39,"2D Platformer, Platformer, Cartoony, Casual, Cartoon, Adventure, Family Friendly, 2D, Colorful, Comic Book"
1975160,Be,26,76,2022-08-01 19:34:44,"Simulation, Casual, Sandbox, Building, Nature, Exploration, Walking Simulator, Relaxing, 3D, First-Person"
2753330,Hardcore Cottagecore,26,96,2024-02-16 20:40:33,"Action Roguelike, Bullet Hell, Top-Down Shooter, Roguelite, 2.5D, 3D, Cute, Action, Funny, Controller"
1345320,Deep Space Gardening,23,69,2023-02-13 18:00:21,"Team-Based, Local Co-Op, Online Co-Op, Colorful, Action, Space, Nature, Multiplayer, Cute, 4 Player Local"
2583540,Aquarium Land,23,82,2024-05-20 11:30:47,"Casual, Simulation, Fishing, Exploration, Creature Collector, Adventure, Nature, Cartoony, Colorful, Relaxing"
1225840,BeatBeat,20,100,2023-09-12 13:00:40,"Rhythm, Platformer, 1990's, Level Editor, Music, Retro, Minimalist, 2D Platformer, 2D, Action"
1892640,Marble Ball Friends,19,52,2022-04-29 03:47:01,"Top-Down Shooter, Collectathon, Idler, Nature, Physics, Tabletop, Arcade, 3D, Cute, Relaxing"
1382980,Fech The Ferret,19,78,2022-09-21 20:04:38,"Parkour, Cute, Racing, Open World, Rhythm, 3D Platformer, Colorful, Exploration, Adventure, Action-Adventure"
2144910,Blueprints,18,83,2022-10-04 19:45:47,"Casual, Platformer, 3D Platformer, 3D, Futuristic, Cinematic, Nature, Action, Colorful, Third Person"
3486220,Cats Together,18,88,2025-09-27 11:36:42,"Co-op, Local Co-Op, Platformer, Adventure, Puzzle, Cats, Indie, Atmospheric, Puzzle Platformer, Local Multiplayer"
2007050,Penguins Can Fly,18,88,2022-07-19 17:14:10,"Indie, Simulation, Casual, Snow, Fishing, Life Sim, Sandbox, Base Building, Singleplayer, Co-op"
2641910,Raven Tear: Season 0,18,72,2024-01-25 11:48:39,"Exploration, First-Person, Action, Choices Matter, Simulation, Adventure, Survival Horror, Singleplayer, Atmospheric, Automobile Sim"
2610050,Little Chefs: CO-OP,18,72,2023-12-06 20:52:53,"Cooking, Co-op, Online Co-Op, Indie, Multiplayer, Funny, Family Friendly, Cute, Comedy, Simulation"
3204780,Bonk It!,18,88,2025-09-15 16:53:41,"Casual, Adventure, Platformer, Precision Platformer, Third-Person Shooter, 3D, Colorful, Stylized, Third Person, Nature"
1719550,Platypus Adventures,17,100,2022-07-07 07:00:55,"Adventure, Action, Cute, Singleplayer, Collectathon, Colorful, Family Friendly, Atmospheric, Combat, Exploration"
3222830,DreamWorks Gabby’s Dollhouse: Ready to Party,17,94,2025-09-19 08:23:33,"Adventure, Family Friendly, Platformer, Action, Cartoon, Action-Adventure, Female Protagonist, Local Multiplayer, Cute, Cats"
2516770,My First Craft Survival,17,70,2025-04-16 07:18:59,"Crafting, Survival, Open World Survival Craft, Resource Management, Adventure, Inventory Management, Open World, Action-Adventure, Collectathon, Stylized"
2509700,Mimi the Cat - Meow Together,17,94,2023-12-15 14:41:45,"Sokoban, Local Co-Op, Cats, Cozy, Wholesome, Family Friendly, Strategy, Casual, Cute, Funny"
2410820,Too Many Sheep,15,93,2023-07-25 21:45:18,"Casual, Sports, Strategy, Arcade, Puzzle, 3D, Cartoon, Cartoony, Cute, Top-Down"
3521720,Sunny Reef,15,86,2025-02-25 08:58:41,"Exploration, Hidden Object, Sandbox, Survival, Fishing, Agriculture, Building, Simulation, Life Sim, Farming Sim"
2234420,Flower Memories,14,100,2023-02-01 20:24:26,"Tabletop, Education, Board Game, Cozy, Incremental, Nature, Point & Click, Relaxing, Casual, Old School"
2763000,Rescue: The Beagles,14,100,2024-03-14 23:01:24,"Action, 2D Platformer, Runner, Side Scroller, 2D, Cartoony, Colorful, Cute, 1980s, Dogs"
3593500,Strange Shores: Social Desktop Fishing,14,92,2025-05-20 09:01:02,"Fishing, Casual, Multiplayer, Online Co-Op, Collectathon, Singleplayer, Incremental, Creature Collector, Idler, Relaxing"
2928940,Yarn Guardians,14,100,2025-08-14 15:54:29,"Cute, Cats, Action-Adventure, 2D Platformer, Colorful, Anime, Family Friendly, Hand-drawn, Local Co-Op, 4 Player Local"
1285860,Voxelotl Garden,13,76,2024-01-08 15:54:29,"Casual, Simulation, Indie, Cute, Voxel, Life Sim, 3D, Early Access, Colorful, Family Friendly"
2356530,Landelver,12,41,2024-01-06 21:04:18,"Open World Survival Craft, RPG, Survival, Action, Online Co-Op, Sandbox, Adventure, Open World, Third Person, Procedural Generation"
3390730,Unidentified Feline Obliterators,12,100,2025-09-17 20:16:00,"Cats, Arcade, Space, Retro, Co-op, Local Co-Op, Action, Local Multiplayer, Multiplayer, Cute"
1824010,QuaQua,12,83,2022-02-04 19:17:00,"Casual, Puzzle, Score Attack, Local Multiplayer, Strategy, Colorful, Logic, Cute, Arcade, Character Customization"
2204760,Cat Life,11,72,2023-01-06 17:43:40,"Open World, Cats, Exploration, Action-Adventure, Singleplayer, Survival, Third Person, Co-op, PvE, Adventure"
2685370,Meowmunitions,10,50,2025-08-25 07:22:38,"Roguelike, Bullet Hell, Dungeon Crawler, Inventory Management, Top-Down Shooter, Perma Death, PvE, Shoot 'Em Up, Co-op, Shooter"
2704860,Run Tekila Run!,10,90,2024-01-12 12:02:37,"Action-Adventure, Funny, Zombies, Local Co-Op, Isometric, Co-op Campaign, Horror, Action, Comedy, Dogs"
1447700,ZpellCatz,10,90,2024-06-05 14:44:12,"Hack and Slash, Dungeon Crawler, Fantasy, Cats, Magic, Loot, Action RPG, Character Customization, Minimalist, Procedural Generation"
1942850,Sunshower,10,100,2024-11-01 04:02:46,"Action, Cute, Hand-drawn, Colorful, Casual, Bullet Hell, Relaxing, Pixel Graphics, Cartoony, Score Attack"
3602150,Rise Of Transport,10,60,2025-09-01 21:26:00,"Simulation, FPS, Physics, Open World, Sandbox, Online Co-Op, Exploration, Strategy RPG, 3D, First-Person"
1476830,Guillotine,10,10,2022-05-04 16:29:17,"Social Deduction, Multiplayer, Online Co-Op, Survival, Funny, Horror, Assassins, Casual, First-Person, Team-Based"
2798090,DINOS vs ROBOTS,9,100,2024-02-06 08:02:49,"Adventure, MMORPG, Looter Shooter, 3D, Dinosaurs, Robots, PvP, Co-op, Multiplayer, Online Co-Op"
3684830,Isekai Mystic World,9,77,2025-09-06 19:42:02,"Early Access, Indie, Action, Adventure, Action-Adventure, Anime, Character Customization, PvE, Online Co-Op, Open World"
2193770,Our Summer Sports,9,88,2023-02-02 01:09:58,"Action, Casual, Sports, eSports, Arcade, 3D Platformer, 3D, Cute, Voxel, Underwater"
1958950,Doggo Estates,8,50,2024-02-29 17:56:04,"Action, Casual, Colorful, Cute, Family Friendly, PvP, Massively Multiplayer, Controller, Co-op, Multiplayer"
2546350,Fair and Square,8,100,2024-06-20 16:34:40,"Action RTS, Action Roguelike, Procedural Generation, Co-op, PvE, PvP, Strategy, 2D, Fantasy, Multiplayer"
3588330,Finnigan Fox,8,100,2025-06-19 15:18:03,"Action, Adventure, 2D Platformer, Family Friendly, Cartoony, Colorful, Nature, Magic, Local Multiplayer, Local Co-Op"
3370190,Open Fishing 2,8,62,2025-03-07 02:55:31,"Simulation, Fishing, Open World, Nature, Multiplayer, Singleplayer, Sailing, Casual, Collectathon, Cooking"
3690910,Grave Bros,8,50,2025-07-11 21:20:47,"Casual, Platformer, Online Co-Op, Multiplayer, Simulation, Co-op, Walking Simulator, Funny, 3D Platformer, Puzzle Platformer"
2265950,Doggo Ninjas,8,87,2023-09-12 09:11:54,"Multiplayer, Funny, Stealth, Social Deduction, Local Multiplayer, Casual, Party Game, 4 Player Local, Action, Controller"
2183920,Cat Herders: Couch Coop Cat Corralling!,7,100,2022-11-07 20:16:19,"Collectathon, Creature Collector, Arcade, 3D, Cute, First-Person, Action, Funny, Casual, Nonlinear"
1870660,(Dis)assemble,7,100,2023-09-25 17:19:21,"Puzzle, Sokoban, Cute, Casual, 2D, Logic, Top-Down, Local Co-Op, Colorful, Co-op Campaign"
1918320,TactiCats,7,100,2025-02-20 16:00:20,"PvE, PvP, Battle Royale, 2D Fighter, Arcade, 2D, Cute, Top-Down, Controller, Action"
1968300,Ambushed,7,57,2022-11-04 08:43:23,"Horror, Online Co-Op, Psychological Horror, Survival Horror, First-Person, Thriller, Demons, Puzzle, Dark Fantasy, Mystery"
2529740,Bring The Chickens Home,6,83,2024-08-28 00:34:00,"Strategy, Bullet Hell, Survival, Action Roguelike, Roguelite, Action, Sandbox, Singleplayer, Roguelike, Local Co-Op"
1407640,Rascal's Escape,6,66,2024-12-11 11:34:28,"Adventure, 3D Platformer, Exploration, Family Friendly, Local Co-Op, Character Action Game, Education, Team-Based, Choose Your Own Adventure, Relaxing"
2239200,Animal Across: Afrika,6,100,2023-03-10 15:25:01,"Grid-Based Movement, Nature, Score Attack, Puzzle, Family Friendly, Local Co-Op, Casual, Hand-drawn, Arcade, Colorful"
3310260,Accolade Sports Collection (QUByte Classics),5,80,2025-01-30 14:02:22,"Sports, Casual, Arcade, Baseball, Basketball, Simulation, Retro, 1990's, 2D, Pixel Graphics"
2138460,Ovivim pra Sua Stream,4,100,2023-03-13 03:06:20,"Simulation, Creature Collector, Idler, God Game, RPG, Perma Death, Life Sim, Cute, Auto Battler, Fishing"
2143710,Huntscape,4,100,2023-01-18 16:49:16,"Survival, Action, PvP, Multiplayer, Online Co-Op, Stealth, Team-Based, Third Person, Platformer, Stylized"
3094630,Adventure of the Bucket,4,100,2024-09-17 07:59:10,"Casual, Arcade, Puzzle, 2D Platformer, Exploration, Puzzle Platformer, 2D, Pixel Graphics, Atmospheric, Family Friendly"
2477770,Summer Party Time,4,50,2023-07-13 01:14:59,"Local Multiplayer, Local Co-Op, 4 Player Local, Action, Singleplayer, Multiplayer, Casual, Co-op, Arcade, 3D Platformer"
2930170,Sheep Sweep,4,100,2025-06-21 11:17:45,"Family Friendly, Local Co-Op, Puzzle Platformer, Animals, Casual, Cute, Physics, Puzzle, Collectathon, Wholesome"
2990300,Snake Crossing,4,100,2024-06-07 10:45:39,"Casual, Auto Battler, Arcade, 2D, Top-Down, Cartoony, Cute, Artificial Intelligence, Comedy, Underwater"
2720340,Cole Dingo's Vtuber Blackjack,4,75,2024-03-29 03:33:31,"Capitalism, Economy, Survival, PvE, PvP, Video Production, Card Game, Tabletop, 2D, Cute"
2169700,Gramm,4,100,2022-10-20 13:30:55,"Dogs, Horror, Parody , Comedy, Dark, Platformer, Puzzle, 3D Platformer, Minimalist, Cartoony"
2308110,Bug Riders,3,33,2024-07-16 13:24:11,"Racing, Combat Racing, Action, Arcade, 3D, Comic Book, Dinosaurs, Dragons, Vehicular Combat, Fantasy"
2683970,Ground Parkour : First Mission,3,100,2023-11-23 17:45:21,"Adventure, Casual, Platformer, Co-op, Simulation, Physics, Action-Adventure, Parkour, 3D Platformer, Third Person"
2339320,Nick Jr. Party Adventure,3,100,2024-10-11 08:23:28,"Family Friendly, Adventure, Puzzle, Puzzle Platformer, Cartoon, Cozy, Action, Colorful, Platformer, Exploration"
1427450,Dino Drink,3,0,2022-08-05 01:00:54,"Strategy, 2D, Pixel Graphics, Singleplayer, Casual, Indie, Racing, Puzzle, Turn-Based Strategy, Board Game"
812380,Flock of Dogs,3,100,2024-12-17 22:10:23,"Action Roguelike, Co-op, Local Co-Op, Online Co-Op, Twin Stick Shooter, Roguelite, PvE, Action-Adventure, 2D, Cute"
1829960,Zephyrus Prelude,3,100,2022-12-20 20:14:44,"VR, Dungeon Crawler, Online Co-Op, Magic, Fantasy, Logic, Singleplayer, Adventure, Puzzle, Family Friendly"
2951380,Sentinel Agency,3,33,2024-12-26 16:00:14,"Online Co-Op, Action RPG, Combat, Open World, Survival, Dinosaurs, Action, Exploration, Atmospheric, Co-op Campaign"
3578530,Finding Ivy,3,66,2025-08-28 21:09:55,"Adventure, Casual, Platformer, 2D Platformer, Exploration, Roguelite, Side Scroller, 2D, Colorful, Cute"
3276440,JumpKin,3,100,2025-01-05 12:00:33,"Action, Casual, Adventure, 2D Fighter, Action-Adventure, Platformer, 2D Platformer, 2D, Hand-drawn, Colorful"
2925990,Escape The Forest,3,66,2024-08-17 17:44:24,"Exploration, Choose Your Own Adventure, Arena Shooter, FPS, Shoot 'Em Up, PvE, Shooter, Action-Adventure, First-Person, 3D"
2501750,Tactical Zone,2,50,2024-05-13 21:36:06,"Action, Shooter, Wargame, Third-Person Shooter, Third Person, Realistic, Military, Post-apocalyptic, Nature, Destruction"
3651630,Enchanted Meadows,2,100,2025-05-05 04:02:21,"Strategy, Tower Defense, Card Game, Singleplayer, Multiplayer, Co-op, Local Co-Op, Local Multiplayer, Controller, Family Friendly"
3416180,Minidinos,2,100,2025-01-21 09:10:49,"Casual, Dinosaurs, RTS, Colorful, Action RTS, 2D, Cute, Pixel Graphics, Strategy, PvP"
2518600,Snake Jump,2,100,2023-08-03 10:01:54,"3D Platformer, Multiplayer, Online Co-Op, Parkour, PvP, Difficult, Platformer, Character Customization, Third Person, Precision Platformer"
2962150,Happy Sawland,2,100,2024-06-21 15:00:50,"2D Platformer, Online Co-Op, Multiplayer, Pixel Graphics, Character Customization, Difficult, Singleplayer, Adventure, Controller, Family Friendly"
2586430,Undefined Survivors -アンディファインド サバイバーズ-,2,0,2025-03-05 11:48:37,"Underwater, Exploration, Survival, Action-Adventure, Open World, Crafting, 3D, Building, Hunting, Nature"
2914170,Land of Mushrooms,2,100,2024-10-31 18:19:42,"Action, Relaxing, Racing, Colorful, Cute, Funny, Platformer, Family Friendly, Arcade, Idler"
1765010,Darwin's Aquarium,2,0,2023-01-10 20:11:19,"Artificial Intelligence, Life Sim, Realistic, 3D, Relaxing, Sandbox, Adventure, Simulation, Auto Battler, Family Friendly"
1851840,Kitsune Battlemage,2,50,2023-04-27 06:00:20,"PvP, Multiplayer, Magic, Action, Arena Shooter, Fantasy, 3D Fighter, Third-Person Shooter, Shooter, Third Person"
2945730,Purrgonia,2,50,2024-12-19 13:59:17,"Action Roguelike, Choices Matter, Action-Adventure, Co-op, Exploration, Colorful, Story Rich, Multiple Endings, Character Customization, Family Friendly"
2703790,Jumpfox: Always Running,2,100,2024-01-19 17:56:25,"Precision Platformer, Singleplayer, Local Co-Op, 2D Platformer, Difficult, Local Multiplayer, Platformer, 2D, Controller, Pixel Graphics"
1863010,DuckHunt - Missouri,1,100,2022-03-21 22:31:13,"Action, Casual, Sports, Shooter, Visual Novel, Bullet Hell, Immersive Sim, Shoot 'Em Up, Cartoon, Cartoony"
963950,Paws in the Maze,1,100,2024-03-22 12:36:49,"Local Co-Op, Split Screen, Local Multiplayer, 2D, Adventure, Casual, Singleplayer, Dogs, Top-Down, Puzzle"
2296880,Quiet Soul,1,0,2023-04-26 15:23:02,"Action, Adventure, Action-Adventure, Puzzle, 3D, First-Person, Dark, Horror, Hunting, Mystery"
2281520,Dino Dash Party,1,100,2023-04-12 07:01:28,"Casual, Action, Strategy, Arcade, Platformer, Puzzle, 2D Platformer, 2D, Cartoony, Dinosaurs"
2261690,Kitten Kingdom,1,0,2023-01-17 08:04:52,"Action, Adventure, Action-Adventure, Platformer, 2D Platformer, Exploration, Puzzle Platformer, 2D, Colorful, Cute"
2195500,Green Valley,1,0,2023-01-18 07:59:37,"Simulation, Casual, Farming Sim, Multiplayer, Sandbox, Open World, Singleplayer, 3D Platformer, Exploration, Time Management"
2107780,Sokoboxes Duo,1,100,2023-06-20 19:45:18,"Local Co-Op, Sokoban, Puzzle, Family Friendly, Pixel Graphics, Snow, Cats, Casual, Indie, 2D"
1848430,Walk to the Woods,1,100,2022-06-17 00:12:21,"Dialogue Heavy, Casual, Emotional, LGBTQ+, Party Game, Romance, Nature, Atmospheric, Local Multiplayer, 2D"
1798340,Taqoban,1,100,2022-03-25 16:07:11,"Sokoban, Casual, 2D Platformer, Puzzle Platformer, Puzzle, 3D, Cute, Controller, Colorful, Nature"
1994540,Jacob Larkin's Wild Europe,1,100,2022-05-31 13:00:23,"RPG, Simulation, Stylized, Action, Co-op, Adventure, Multiplayer, Casual, Action RPG, Walking Simulator"
2301500,Paper Planes,1,100,2025-01-05 12:31:26,"Battle Royale, Arcade, Combat, PvP, Flight, Wargame, Military, Nature, 3D, Third Person"
2375090,Busy Bee,1,0,2023-05-19 01:58:15,"Puzzle, Strategy, 2D, Cute, Relaxing, Funny, Casual, Level Editor, Nature, Singleplayer"
3821940,Flower Escape,1,100,2025-08-11 11:59:00,"Local Co-Op, Casual, Adventure, Cats, RPG, Female Protagonist, 2D Platformer, Magic, Pixel Graphics, Colorful"
3267090,Canis Watch,1,0,2024-11-21 19:52:40,"Action, Adventure, RPG, Action RPG, Magic, Hack and Slash, Isometric, Combat, Atmospheric, Co-op"
2947200,Time is Life,1,100,2024-06-08 02:12:15,"Adventure, Casual, Exploration, Fantasy, Singleplayer, Online Co-Op, Multiplayer, Open World, Sandbox, Colorful"
3741590,Evolvion,1,0,2025-06-02 12:59:22,"RPG, Action RPG, Sandbox, Exploration, 3D, Third Person, Dystopian , Fantasy, Team-Based, Online Co-Op"
3409720,POGO Epoch: Impossible 99%,1,0,2025-01-27 12:26:59,"Sports, Precision Platformer, 3D Platformer, Parkour, Physics, Platformer, Character Customization, Female Protagonist, Nature, Medieval"
2848460,Mesh Replica,1,100,2025-02-04 04:49:15,"Action, Shooter, FPS, Hidden Object, 3D, First-Person, Stylized, Funny, Futuristic, Hunting"
3442760,Apocalypse ? No !,1,0,2025-02-10 09:36:49,"Post-apocalyptic, Zombies, Pixel Graphics, 2D, Local Co-Op, Action, Action-Adventure, Exploration, Top-Down, Dogs"
3317140,Art Spotting Co-op,1,100,2024-11-28 08:10:26,"Hidden Object, Puzzle, Point & Click, 2D, Casual, Co-op, Local Co-Op, Relaxing, Family Friendly, Nature"
2601450,Auxin,0,0,2025-08-25 17:50:58,"Action, Indie, 2D Fighter, Platformer, Precision Platformer, 2D, Pixel Graphics, Cute, Nature, Retro"
2765250,Avoo,0,0,2024-03-13 14:22:45,"Trivia, Education, 4 Player Local, Casual, Local Co-Op, 3D, Nature, Controller, Linear, Team-Based"
2638910,Phantom Patrol,0,0,2024-10-27 22:40:54,"Casual, Puzzle, Exploration, Hidden Object, Stylized, VR, First-Person, Horror, Investigation, Psychological Horror"
2524280,ジグソーアイランド,0,0,2024-07-31 05:53:44,"2D Platformer, Puzzle Platformer, Puzzle, PvP, Female Protagonist, 2D, Cute, Casual, Cooking, Story Rich"
2352060,Voodoo Strikers,0,0,2024-11-14 07:50:50,"Sports, Casual, 4 Player Local, Cute, Funny, Arcade, Side Scroller, Local Co-Op, 2D, Colorful"
2627040,Uncontained,0,0,2023-11-10 20:01:33,"Action, Strategy, FPS, Real Time Tactics, 3D, First-Person, Realistic, Third Person, Atmospheric, Dark"
2734880,Echo Of The Wild Online,0,0,2024-01-24 08:47:36,"Adventure, RPG, Action RPG, Action-Adventure, Exploration, Colorful, Atmospheric, Cooking, Crafting, Fantasy"
3199900,food inc: Home of the Supply,0,0,2025-03-13 08:34:28,"Casual, Farming Sim, 3D, Co-op, Agriculture, Building, Nature, Horses, Fishing, Inventory Management"
3009010,Bad Cat Good Dog Alien Force,0,0,2024-06-24 05:00:42,"Casual, Arcade, Roguelike, Shooter, Shoot 'Em Up, PvE, Roguelite, Space, Pixel Graphics, Local Co-Op"
3124780,Purrfect Alchemy,0,0,2024-12-02 22:20:38,"Action, Casual, Local Co-Op, Family Friendly, Cute, PvE, Action Roguelike, Tower Defense, Roguelike, Strategy"
3300820,Life of Whale,0,0,2024-12-19 08:33:05,"Action, Casual, Simulation, Education, Side Scroller, Bullet Hell, 2D, Hand-drawn, Comedy, Survival"
3399590,"Jump,YOU!+ (from KUUKIYOMI 4: Consider It)",0,0,2025-02-27 01:01:10,"Casual, 2D Platformer, Platformer, Parody , Funny, Cats, Comedy, Singleplayer, Multiplayer, Local Multiplayer"
3517550,Fishing Pro Simulator,0,0,2025-09-08 13:08:16,"Simulation, Sports, Fishing, 3D, Nature, Casual, Immersive Sim, Exploration, Multiplayer, Singleplayer"
3764130,Super Dog Adventure,0,0,2025-06-11 08:09:13,"Casual, Co-op, Local Co-Op, Local Multiplayer, 2D Platformer, Cartoon, Pixel Graphics, Relaxing, Adventure, Funny"
