intersection,side,appid,name,reviews_total,crossover_reviewers,crossover_est_full
hunting+friendslop,hybrid,386880,Rake,4387,,
hunting+friendslop,a,518790,theHunter: Call of the Wild™,203716,20.0,8164.0
hunting+friendslop,a,1119730,"Ranch Simulator: Build, Hunt, Farm",48729,47.0,4580.0
hunting+friendslop,a,262410,World of Guns: Gun Disassembly,19875,71.0,2885.0
hunting+friendslop,a,274940,Depth,32949,39.0,2606.0
hunting+friendslop,a,376210,The Isle,121852,9.0,2193.0
hunting+friendslop,b,218620,PAYDAY 2,674975,10.0,13499.0
hunting+friendslop,b,1966720,Lethal Company,511188,7.0,7156.0
hunting+friendslop,b,677620,Splitgate,110413,12.0,2671.0
hunting+friendslop,b,1250,Killing Floor,68973,19.0,2626.0
hunting+friendslop,b,3241660,R.E.P.O.,426962,3.0,2561.0
dog+friendslop,hybrid,4244510,Pratfall,3461,,
dog+friendslop,hybrid,850320,PHOGS!,1474,,
dog+friendslop,hybrid,3444220,NiuMa,372,,
dog+friendslop,a,1714040,Super Auto Pets,36236,41.0,2977.0
dog+friendslop,a,495890,Montaro,12173,62.0,1546.0
dog+friendslop,a,914710,Cat Quest II,7245,96.0,1393.0
dog+friendslop,a,1222370,Necromunda: Hired Gun,8010,71.0,1153.0
dog+friendslop,a,1414850,Nickelodeon All-Star Brawl,5669,98.0,1129.0
dog+friendslop,b,218620,PAYDAY 2,674975,4.0,5399.0
dog+friendslop,b,677620,Splitgate,110413,15.0,3339.0
dog+friendslop,b,206420,Saints Row IV: Re-Elected,77606,21.0,3272.0
dog+friendslop,b,55230,Saints Row: The Third,69741,22.0,3080.0
dog+friendslop,b,1966720,Lethal Company,511188,3.0,3067.0
dog+hunting,hybrid,1053710,The Red Lantern,2339,,
dog+hunting,hybrid,2543830,Way of the Hunter 2,1811,,
dog+hunting,hybrid,3126470,Ice World,1267,,
dog+hunting,hybrid,1135910,Hunting Simulator 2,1185,,
dog+hunting,hybrid,1074620,Adore,458,,
dog+hunting,a,495890,Montaro,12173,28.0,698.0
dog+hunting,a,313740,Sakura Spirit,6830,46.0,641.0
dog+hunting,a,1714040,Super Auto Pets,36236,8.0,580.0
dog+hunting,a,1092660,Blair Witch,8254,25.0,416.0
dog+hunting,a,1222370,Necromunda: Hired Gun,8010,24.0,389.0
dog+hunting,b,518790,theHunter: Call of the Wild™,203716,3.0,1224.0
dog+hunting,b,262410,World of Guns: Gun Disassembly,19875,25.0,1016.0
dog+hunting,b,846770,DYSMANTLE,11631,36.0,839.0
dog+hunting,b,401190,Dinosaur Hunt,3929,96.0,795.0
dog+hunting,b,926990,WolfQuest: Anniversary Edition,13396,18.0,482.0
hunting+horror,hybrid,376210,The Isle,121852,,
hunting+horror,hybrid,274940,Depth,32949,,
hunting+horror,hybrid,1377380,Night of the Dead,11894,,
hunting+horror,hybrid,386880,Rake,4387,,
hunting+horror,hybrid,401190,Dinosaur Hunt,3929,,
hunting+horror,a,518790,theHunter: Call of the Wild™,203716,18.0,7348.0
hunting+horror,a,513710,SCUM,127253,18.0,4581.0
hunting+horror,a,1119730,"Ranch Simulator: Build, Hunt, Farm",48729,34.0,3313.0
hunting+horror,a,262410,World of Guns: Gun Disassembly,19875,58.0,2357.0
hunting+horror,a,846770,DYSMANTLE,11631,55.0,1281.0
hunting+horror,b,251570,7 Days to Die,401581,9.0,7228.0
hunting+horror,b,239140,Dying Light,496516,4.0,3972.0
hunting+horror,b,238960,Path of Exile,249991,7.0,3499.0
hunting+horror,b,1966720,Lethal Company,511188,3.0,3067.0
hunting+horror,b,232090,Killing Floor 2,129489,7.0,1816.0
dog+horror,hybrid,1507580,Enigma of Fear,10365,,
dog+horror,hybrid,1092660,Blair Witch,8254,,
dog+horror,hybrid,270170,Depression Quest,3938,,
dog+horror,hybrid,1986840,POPGOES Arcade,1914,,
dog+horror,hybrid,3126470,Ice World,1267,,
dog+horror,a,1714040,Super Auto Pets,36236,22.0,1597.0
dog+horror,a,495890,Montaro,12173,61.0,1521.0
dog+horror,a,1222370,Necromunda: Hired Gun,8010,88.0,1429.0
dog+horror,a,914710,Cat Quest II,7245,61.0,885.0
dog+horror,a,313740,Sakura Spirit,6830,59.0,822.0
dog+horror,b,239140,Dying Light,496516,6.0,5958.0
dog+horror,b,1966720,Lethal Company,511188,4.0,4089.0
dog+horror,b,232090,Killing Floor 2,129489,12.0,3113.0
dog+horror,b,251570,7 Days to Die,401581,3.0,2409.0
dog+horror,b,3527290,PEAK,377158,3.0,2262.0
