intersection,channel,subscribers,url,country,games_covered,n_games,views_on_these_games,top_video
dog+friendslop,LankyBox,42000000,https://www.youtube.com/channel/UCSf0s2ogUVYpJPuzW1zpAOg,US,PHOGS! [hybrid],1,2457652,https://www.youtube.com/watch?v=CobxTlayDF0
dog+friendslop,VanossGaming,26000000,https://www.youtube.com/channel/UCKqH_9mk1waLgBiL2vT5b9g,US,Lethal Company [b]; Pratfall [hybrid]; Splitgate [b],3,6042268,https://www.youtube.com/watch?v=Z8hoeOT04Yg
dog+friendslop,Caylus  ,21600000,https://www.youtube.com/channel/UCVAYy7_zddIx6USjXscV9Vg,US,Pratfall [hybrid],1,310669,https://www.youtube.com/watch?v=9k9YjCSfJYQ
dog+friendslop,Marmok,19500000,https://www.youtube.com/channel/UCf31Gf5nCU8J6eUlr7QSU0w,RU,Pratfall [hybrid],1,2822169,https://www.youtube.com/watch?v=Byrm9f2mkEg
dog+friendslop,Auron,15900000,https://www.youtube.com/channel/UCFR2oaNj02WnXkOgLH0iqOA,ES,Pratfall [hybrid],1,1945539,https://www.youtube.com/watch?v=AG67rNyxdxE
dog+friendslop,theRadBrad,14000000,https://www.youtube.com/channel/UCpqXJOEqGS-TCnazcHCo0rA,US,Saints Row: The Third [b]; Necromunda: Hired Gun [a],2,4921699,https://www.youtube.com/watch?v=k8crMx2wwyU
dog+friendslop,H2ODelirious,13700000,https://www.youtube.com/channel/UCClNRixXlagwAd--5MwJKCw,US,Lethal Company [b]; Pratfall [hybrid],2,6700238,https://www.youtube.com/watch?v=knR-7AAqfnY
dog+friendslop,ItsFunneh,12100000,https://www.youtube.com/channel/UCUk7VggtJdo9XYTy3Z5QVAw,US,PHOGS! [hybrid],1,21767471,https://www.youtube.com/watch?v=3DNl6R4peEg
dog+friendslop,LankyBox World,9890000,https://www.youtube.com/channel/UC-UXd3xaj1I_yTvufcMdDAA,US,PHOGS! [hybrid],1,1596734,https://www.youtube.com/watch?v=d9XbwkiTPM4
dog+friendslop,alanzoka,9290000,https://www.youtube.com/channel/UCIwspRtKNszHhIhl36gREjQ,BR,Lethal Company [b]; Pratfall [hybrid],2,8466852,https://www.youtube.com/watch?v=QTz3ZhnVGUA
dog+friendslop,LowGrade,8300000,https://www.youtube.com/channel/UCycKzia69PXRbk0N0I9n4Aw,TH,Pratfall [hybrid],1,255201,https://www.youtube.com/watch?v=0VICrpkIAJk
dog+friendslop,WILDCAT,8020000,https://www.youtube.com/channel/UC-kOXc3gBwksVfmndSEz7jg,US,Pratfall [hybrid]; Splitgate [b],2,1216882,https://www.youtube.com/watch?v=RUWn36Icd0E
dog+friendslop,Obit,6530000,https://www.youtube.com/channel/UCpxxQUGNgkns9i3EhLEHoQg,ID,PHOGS! [hybrid],1,1176937,https://www.youtube.com/watch?v=s8mDt8Dp-Bw
dog+friendslop,SQUEEZIE GAMING,5100000,https://www.youtube.com/channel/UCY-_QmcW09PHAImgVnKxU2g,FR,Pratfall [hybrid],1,750693,https://www.youtube.com/watch?v=1qzCK6lwXvQ
dog+friendslop,Gawr Gura Ch. hololive-EN,4600000,https://www.youtube.com/channel/UCoSrY_IQQVpmIRZ9Xf-y93g,JP,PHOGS! [hybrid],1,707805,https://www.youtube.com/watch?v=3gpkqxvtppM
dog+friendslop,jackfrags,4270000,https://www.youtube.com/channel/UCw7FkXsC00lH2v2yB5LQoYA,GB,Necromunda: Hired Gun [a]; Splitgate [b],2,2156441,https://www.youtube.com/watch?v=KSMJt_VuHqI
dog+friendslop,ViteC ► Play,4100000,https://www.youtube.com/channel/UCXHczq_8PytR6mEJeUTTrqw,RU,PHOGS! [hybrid],1,514457,https://www.youtube.com/watch?v=iObMq2kVFXU
dog+friendslop,CaRtOoNz,4050000,https://www.youtube.com/channel/UCdQWs2nw6w77Rw0t-37a4OA,US,Pratfall [hybrid]; Necromunda: Hired Gun [a],2,524118,https://www.youtube.com/watch?v=Xm8hxoVaBZw
dog+friendslop,Terroriser,3920000,https://www.youtube.com/channel/UCQiojTHkAvFvdCSajklqUXA,IE,Pratfall [hybrid],1,207251,https://www.youtube.com/watch?v=XQ67c8Xsxw0
dog+friendslop,Elraenn,3890000,https://www.youtube.com/channel/UC51-ljNFrvY5ZmV0C_61XcA,TR,Pratfall [hybrid],1,1454733,https://www.youtube.com/watch?v=7_h2szo0U-U
dog+friendslop,Luthfi Halimawan,3690000,https://www.youtube.com/channel/UCrEj4d2ynysNsYttTYROXEg,ID,Pratfall [hybrid],1,1105442,https://www.youtube.com/watch?v=qU74hOQDxi4
dog+friendslop,AngryJoeShow,3220000,https://www.youtube.com/channel/UCsgv2QHkT2ljEixyulzOnUQ,US,Saints Row IV: Re-Elected [b]; Saints Row: The Third [b]; Necromunda: Hired Gun [a],3,6446288,https://www.youtube.com/watch?v=y4g9gfxxvnA
dog+friendslop,Gamer's Little Playground,3060000,https://www.youtube.com/channel/UCiZVMOinTQGb8HQu53VbV4Q,US,Saints Row: The Third [b]; Necromunda: Hired Gun [a],2,505024,https://www.youtube.com/watch?v=tZW-rpduLqo
dog+friendslop,Wankil Studio - Laink et Terracid,2750000,https://www.youtube.com/channel/UCYGjxo5ifuhnmvhPvCc3DJQ,FR,Pratfall [hybrid],1,967282,https://www.youtube.com/watch?v=LHZLpB5rPB4
dog+friendslop,1337LikeR,2710000,https://www.youtube.com/channel/UC9ql--q_LV7zhDI1CCO9Xdg,UA,Pratfall [hybrid],1,730424,https://www.youtube.com/watch?v=mj3XvCIWF6U
dog+friendslop,Joe Bart Games,2650000,https://www.youtube.com/channel/UCeBPTBz1oRnsWsUBnKNNKNw,US,Pratfall [hybrid]; Splitgate [b],2,1294561,https://www.youtube.com/watch?v=tAfLn1kR2F4
dog+friendslop,shreeman legend live,2530000,https://www.youtube.com/channel/UCKVei70N69V3V5wBQixHZbg,IN,Pratfall [hybrid],1,361988,https://www.youtube.com/watch?v=nHIhl1qMTe8
dog+friendslop,StopGame,2410000,https://www.youtube.com/channel/UCq7JZ8ATgQWeu6sDM1czjhg,KZ,Saints Row: The Third [b]; Necromunda: Hired Gun [a]; Saints Row IV: Re-Elected [b],3,1404744,https://www.youtube.com/watch?v=kFuIq-0pYDs
dog+friendslop,Ctop,2350000,https://www.youtube.com/channel/UCPhckk25N7P8OI580ucRidA,US,PHOGS! [hybrid]; Nickelodeon All-Star Brawl [a],2,1113898,https://www.youtube.com/watch?v=DsIELszxFUs
dog+friendslop,Grizzy,2290000,https://www.youtube.com/channel/UCPbGiUt4Yu8EsaFM-KAmgjg,US,Pratfall [hybrid]; Splitgate [b],2,402501,https://www.youtube.com/watch?v=1IHvL-VWirI
dog+friendslop,Mr. Fruit,2100000,https://www.youtube.com/channel/UCV96ER3MAI1S81HH6l9wwbQ,US,Splitgate [b]; Montaro [a]; Super Auto Pets [a],3,367360,https://www.youtube.com/watch?v=z1emcHNb7S0
dog+friendslop,Apuh,1790000,https://www.youtube.com/channel/UCAu_v9w-BXFtg1NAnB-JgVg,BR,Pratfall [hybrid],1,235742,https://www.youtube.com/watch?v=rJ74zi5KlbY
dog+friendslop,HandOfUncut,1460000,https://www.youtube.com/channel/UCCJ-NJtqLQRxuaxHZA9q6zg,DE,Pratfall [hybrid],1,392168,https://www.youtube.com/watch?v=d_ddvNGMLFI
dog+friendslop,Souzones,1340000,https://www.youtube.com/channel/UCK3NkZPs0BurxabhtnSDa3g,BR,Pratfall [hybrid],1,271366,https://www.youtube.com/watch?v=EqmYukfW9o4
dog+friendslop,Gab Smolders,1310000,https://www.youtube.com/channel/UCYLHs-NR2le96KKqXofUOXg,NL,Pratfall [hybrid],1,195940,https://www.youtube.com/watch?v=nrR5j5N0bcU
dog+friendslop,The Escapist,1060000,https://www.youtube.com/channel/UCqg5FCR7NrpvlBWMXdt-5Vg,US,Saints Row: The Third [b]; Necromunda: Hired Gun [a],2,1672307,https://www.youtube.com/watch?v=fPYofAaVG2g
dog+friendslop,Games Done Quick,1020000,https://www.youtube.com/channel/UCI3DTtB-a3fJPjKtQ5kYHfA,US,PHOGS! [hybrid],1,14617,https://www.youtube.com/watch?v=8P3UeOwcJZE
dog+friendslop,Christopher Devin,1010000,https://www.youtube.com/channel/UCxtuzvYz8iSZskiRa01t7zg,ID,NiuMa [hybrid],1,10422,https://www.youtube.com/watch?v=xBR35wJNaBQ
dog+friendslop,Alpha Beta Gamer,894000,https://www.youtube.com/channel/UCXKNiazqmuUi9CeX_kyDpjw,,PHOGS! [hybrid],1,15294,https://www.youtube.com/watch?v=E6qvDPP-ES8
dog+friendslop,Squeezie - Rediffusions,882000,https://www.youtube.com/channel/UC7_THngP20pzk5VRHNKDvtg,FR,Pratfall [hybrid],1,362523,https://www.youtube.com/watch?v=bPm3qg1OavA
dog+friendslop,Wankil Studio - Les VOD,826000,https://www.youtube.com/channel/UCY3Uw6Vdkk8KvY5fEq1iTpA,FR,Pratfall [hybrid],1,188706,https://www.youtube.com/watch?v=Ea_AELOnO8c
dog+friendslop,日常箱,767000,https://www.youtube.com/channel/UC92ddxxI32pk-5ZDiQjJb6A,JP,Pratfall [hybrid],1,197916,https://www.youtube.com/watch?v=gylqXl6NPFg
dog+friendslop,VURAL,753000,https://www.youtube.com/channel/UC5_bekXVnGAxDsgQfpRZaIA,TR,Pratfall [hybrid],1,141936,https://www.youtube.com/watch?v=htyVtew7NYk
dog+friendslop,YuYu ,595000,https://www.youtube.com/channel/UCg-Dr7cWI-0kIbZSNlJ1DAg,BR,PHOGS! [hybrid],1,42415,https://www.youtube.com/watch?v=5hA6YUU1u6s
dog+friendslop,Cecilia Immergreen Ch. hololive,543000,https://www.youtube.com/channel/UCvN5h1ShZtc7nly3pezRayg,JP,PHOGS! [hybrid],1,103716,https://www.youtube.com/watch?v=Phq7udiQDwI
dog+friendslop,mount gameplays,535000,https://www.youtube.com/channel/UCn_zl80QFuAXF_OZkfitWVQ,,Pratfall [hybrid],1,238697,https://www.youtube.com/watch?v=vvIMnFfuWGY
dog+friendslop,Stumpt,534000,https://www.youtube.com/channel/UCVH4oOW0CBJ1W_WsJKd_62Q,US,PHOGS! [hybrid]; Cat Quest II [a],2,116088,https://www.youtube.com/watch?v=2zqrVknuQG8
dog+friendslop,Wanderbots,522000,https://www.youtube.com/channel/UC2wac-sRkNMPSFEnaOHCL3g,US,PHOGS! [hybrid],1,20398,https://www.youtube.com/watch?v=kMYwb8lZUqM
dog+friendslop,Best Of du Grenier,507000,https://www.youtube.com/channel/UClK4fpmIAz8V1BVafysM2WA,FR,Pratfall [hybrid],1,672334,https://www.youtube.com/watch?v=9b_qSbMjnj8
dog+friendslop,Kenji Plays,442000,https://www.youtube.com/channel/UCy1JplVtE6QOiSUPMIY9mLg,US,Pratfall [hybrid],1,188758,https://www.youtube.com/watch?v=V3BAh_aGriw
dog+friendslop,JustSaySteven,386000,https://www.youtube.com/channel/UC6o-2R-A2uqGZTJs0h4tVQA,US,Nickelodeon All-Star Brawl [a]; Splitgate [b],2,1765167,https://www.youtube.com/watch?v=2AGh4200qj0
dog+friendslop,Kyo Kaneko 【NIJISANJI EN】,383000,https://www.youtube.com/channel/UCsb-1aJgiJXJH2feV-zlZRw,JP,PHOGS! [hybrid],1,19555,https://www.youtube.com/watch?v=hzyqPj282C8
dog+friendslop,Orange Juice - Live,366000,https://www.youtube.com/channel/UCbfwKVaFIfVDyVDndGrTKTg,CA,PHOGS! [hybrid],1,36214,https://www.youtube.com/watch?v=rcYLtn5mSe0
dog+friendslop,helloiamkate,325000,https://www.youtube.com/channel/UCWmDLqfbFxQgM6qPYQHpMwQ,US,PHOGS! [hybrid],1,13342,https://www.youtube.com/watch?v=wv7EX30wzYc
dog+friendslop,Hasta,287000,https://www.youtube.com/channel/UCmi18YfUXtVm1jYiMWnPU9g,ID,NiuMa [hybrid],1,3256,https://www.youtube.com/watch?v=pLxqVW5bWlM
dog+friendslop,PhoneInk,264000,https://www.youtube.com/channel/UCmb7XDnUYZCS_Q_U4b_Xv3w,US,NiuMa [hybrid],1,283,https://www.youtube.com/watch?v=LN5l1v9AntQ
dog+friendslop,MarcyGames,240000,https://www.youtube.com/channel/UCTDL2esdT8td1RUtuC07mWQ,IT,PHOGS! [hybrid],1,9440,https://www.youtube.com/watch?v=0_3kDyDS2LA
dog+friendslop,GrizzyVODS,219000,https://www.youtube.com/channel/UCQNWIrUCkl0VIr6y2FOrWeA,US,Lethal Company [b]; Pratfall [hybrid],2,4657735,https://www.youtube.com/watch?v=Ji477l41BSc
dog+friendslop,Jeremy Archer,217000,https://www.youtube.com/channel/UCXcI2gNCi3Ne0VYOYcpV_XQ,ID,NiuMa [hybrid],1,2226,https://www.youtube.com/watch?v=Yb2-Cn8FG_g
dog+friendslop,Gavis Bettel Ch. HOLOSTARS-EN,203000,https://www.youtube.com/channel/UCHP4f7G2dWD4qib7BMatGAw,JP,PHOGS! [hybrid],1,17238,https://www.youtube.com/watch?v=7BIGoHZTV6I
dog+friendslop,Kaiffu,196000,https://www.youtube.com/channel/UCAYciZCU2lcmxgf4WzMMMaA,GB,PHOGS! [hybrid],1,71871,https://www.youtube.com/watch?v=i64yx6w_eeo
dog+friendslop,Jessica Pica,172000,https://www.youtube.com/channel/UCGotrYGeSfjji9gML7hS_aQ,ID,NiuMa [hybrid],1,3695,https://www.youtube.com/watch?v=LW_Xb8Z-JJc
dog+friendslop,TARTARUGA CLIPS,151000,https://www.youtube.com/channel/UC4MIqvWn5mvqJ_tKWielufQ,BR,Pratfall [hybrid],1,168609,https://www.youtube.com/watch?v=EI6bBtBXXsM
dog+friendslop,BeckBroBlox,150000,https://www.youtube.com/channel/UC_mo7OeMQXFrbIBil4wKViw,US,Pratfall [hybrid],1,160418,https://www.youtube.com/watch?v=DIQ_fQ6hQtw
dog+friendslop,Vivek Desai,147000,https://www.youtube.com/channel/UC1GV2cARf3nSuxdav2JiOCQ,IN,PHOGS! [hybrid],1,55936,https://www.youtube.com/watch?v=4pGchaW8690
dog+friendslop,PlayFrame,144000,https://www.youtube.com/channel/UC-7oMv6E4Uz2tF51w5Sj49w,US,PHOGS! [hybrid],1,21377,https://www.youtube.com/watch?v=mJFCXdogNOI
dog+friendslop,Kenji,108000,https://www.youtube.com/channel/UC5roJHl2fTWh85s7jl1qKHQ,ID,NiuMa [hybrid],1,5609,https://www.youtube.com/watch?v=TZd0t4l32ag
dog+friendslop,SwitchWatch,94200,https://www.youtube.com/channel/UCDmWw-hH5yX450xC2oTKVYQ,GB,PHOGS! [hybrid],1,5993,https://www.youtube.com/watch?v=W-YIElx7Lng
dog+friendslop,EL Teran,86400,https://www.youtube.com/channel/UCXFr2ObNKv3tbIVCwIqZOvQ,,PHOGS! [hybrid],1,15162,https://www.youtube.com/watch?v=ThAqhF2hGrQ
dog+friendslop,Silvervale's Twitch Archive,69500,https://www.youtube.com/channel/UCkDepC4LTSAnX4nH8N6AEFw,US,PHOGS! [hybrid],1,8776,https://www.youtube.com/watch?v=xU8CM-O1hak
dog+friendslop,Gamanji,43500,https://www.youtube.com/channel/UCyyB5kElrc3e5kVwg1pCqNg,IN,PHOGS! [hybrid],1,9063,https://www.youtube.com/watch?v=pZO2WrrKb2Y
dog+friendslop,Game & Gig,40500,https://www.youtube.com/channel/UCQrvCC5tOqCzrk82ouQ1lJQ,,Cat Quest II [a]; PHOGS! [hybrid],2,97865,https://www.youtube.com/watch?v=Jd11SPrPx6g
dog+friendslop,MAZAVS - Games Channel,39600,https://www.youtube.com/channel/UC3OAgUoy1JEp1FbYQK8bEEA,UA,NiuMa [hybrid],1,210,https://www.youtube.com/watch?v=_SUIk0hoFas
dog+friendslop,Fangotak,33600,https://www.youtube.com/channel/UCHb4WovF3EjvWbsbV6SI6MQ,ID,PHOGS! [hybrid],1,9217,https://www.youtube.com/watch?v=amKAcfmKueM
dog+friendslop,んそめの備忘録,30000,https://www.youtube.com/channel/UCMXXDfjkfvtAQq0CT1bYN5w,JP,NiuMa [hybrid],1,14592,https://www.youtube.com/watch?v=Xe5ryVFLAJg
dog+friendslop,Uncivil Gamers,19800,https://www.youtube.com/channel/UCwO4I8ynGR65ulLqOj93VwA,US,NiuMa [hybrid],1,18514,https://www.youtube.com/watch?v=x1hGyE7SZD4
dog+friendslop,SwitchStars,17800,https://www.youtube.com/channel/UCBqbd34x14hEaP46XhaZucw,GB,PHOGS! [hybrid],1,7999,https://www.youtube.com/watch?v=SU4Kzx62c8o
dog+friendslop,폼나구마,11300,https://www.youtube.com/channel/UC87rMg9x_EViiDVPV2mzlHg,KR,PHOGS! [hybrid],1,25604,https://www.youtube.com/watch?v=zJ-EE6LQf5o
dog+friendslop,KingDDDuke,8390,https://www.youtube.com/channel/UCYbeRBj23hNmcgeCVmWWO9Q,US,PHOGS! [hybrid],1,26446,https://www.youtube.com/watch?v=g9yQjE_QOGM
dog+friendslop,GogetaSuperx,7380,https://www.youtube.com/channel/UC8zYtDjRHYaK9zKLt0ysf4A,US,NiuMa [hybrid],1,117,https://www.youtube.com/watch?v=2rjX1FP8c3A
dog+friendslop,ばるさん。ゲーム実況,7030,https://www.youtube.com/channel/UCi6UEocrjISyyQ1-ZEZ2NCQ,JP,NiuMa [hybrid],1,1443,https://www.youtube.com/watch?v=DEIRTveYuQY
dog+friendslop,Playtester,6380,https://www.youtube.com/channel/UCaMOYCcdA1FeYtiKJvE6sAQ,IN,NiuMa [hybrid],1,75,https://www.youtube.com/watch?v=Y2Pod9MmaHc
dog+friendslop,Jugando Indies,4980,https://www.youtube.com/channel/UCWuqmWlcKrRAXJ3Fvhqj3Pg,AR,PHOGS! [hybrid],1,5757,https://www.youtube.com/watch?v=X5JtnLulDs4
dog+friendslop,Crazy Stone Gamer,4920,https://www.youtube.com/channel/UCG5hSQtj5O9xd0Pg48-a1pA,US,NiuMa [hybrid],1,61,https://www.youtube.com/watch?v=SsgR6LECkkQ
dog+friendslop,Local Multiplayer,3980,https://www.youtube.com/channel/UCPjuABtwMImFSXdNnQ3OHzA,,PHOGS! [hybrid],1,4908,https://www.youtube.com/watch?v=9xWWKmVOz1I
dog+friendslop,Point Guides,3200,https://www.youtube.com/channel/UCiY6F6hd-s0UMq-RtC051PQ,US,PHOGS! [hybrid],1,9308,https://www.youtube.com/watch?v=dXuPq4xKwvA
dog+friendslop,วัยเก๋างมเกม,1680,https://www.youtube.com/channel/UC93Wg8Zb9lXmrNixivz0YKw,TH,NiuMa [hybrid],1,2048,https://www.youtube.com/watch?v=56sG6t8hTvY
dog+friendslop,@Abhi_sian1,1630,https://www.youtube.com/channel/UCym2QHQZmbYnmF5SdUkvOFg,,PHOGS! [hybrid],1,13699,https://www.youtube.com/watch?v=1F5co6zxs1Q
dog+friendslop,阿宏遊戲實況 hong's Game Channel,1400,https://www.youtube.com/channel/UCN6BUpbIMvS1bvk1MKx2XFQ,TW,NiuMa [hybrid],1,13,https://www.youtube.com/watch?v=HYVX8dPF7GQ
dog+friendslop,Skullky,651,https://www.youtube.com/channel/UCSAP8363OcC-dEixYsorY2Q,PR,PHOGS! [hybrid],1,11350,https://www.youtube.com/watch?v=UNiZCRRUyh0
dog+friendslop,OverAchiever,630,https://www.youtube.com/channel/UCxzTgocrBPEbtenVDUh1TPQ,RO,PHOGS! [hybrid],1,93300,https://www.youtube.com/watch?v=Ws7wq22hylE
dog+friendslop,Trend Addict Games,247,https://www.youtube.com/channel/UCyC8nA6FgWKMD1nFMpOKPwg,PT,NiuMa [hybrid],1,210,https://www.youtube.com/watch?v=aQOarcR-u5k
dog+friendslop,Flembo13,100,https://www.youtube.com/channel/UCZ8DwCTVwmAiifmR33_at4Q,,NiuMa [hybrid],1,10,https://www.youtube.com/watch?v=l9sHR0WaVlc
dog+friendslop,shibuthe1,62,https://www.youtube.com/channel/UCe9PB3N4I7dqRVMOMdylIjg,,NiuMa [hybrid],1,46,https://www.youtube.com/watch?v=kWwxtjweYSs
dog+friendslop,Game Star,53,https://www.youtube.com/channel/UCB-2-cGKS5OYuFIroUOTURQ,,NiuMa [hybrid],1,4993,https://www.youtube.com/watch?v=bihY2UYBesk
dog+horror,Markiplier,38900000,https://www.youtube.com/channel/UC7_YxT-KID8kRbqZo7MyscQ,US,Lethal Company [b]; 7 Days to Die [b]; Blair Witch [hybrid]; Killing Floor 2 [b],4,87140702,https://www.youtube.com/watch?v=XjCGrXrNvkg
dog+horror,jacksepticeye,31200000,https://www.youtube.com/channel/UCYzPXprvl5Y-Sf0g4vX-m6g,IE,Blair Witch [hybrid],1,2773748,https://www.youtube.com/watch?v=vyN5zS-b5UM
dog+horror,MiawAug,25900000,https://www.youtube.com/channel/UC3J4Q1grz46bdJ7NJLd4DGw,ID,Blair Witch [hybrid],1,3330026,https://www.youtube.com/watch?v=d9Aw5dHWlnM
dog+horror,Kuplinov ► Play,17300000,https://www.youtube.com/channel/UCdKuE7a2QZeHPhDntXVZ91w,,Blair Witch [hybrid],1,2190443,https://www.youtube.com/watch?v=OFRCE5ryKcQ
dog+horror,Typical Gamer,16100000,https://www.youtube.com/channel/UC2wKfjlioOCLP4xQMOWNcgg,CA,Blair Witch [hybrid],1,825134,https://www.youtube.com/watch?v=u9hi7_evIXY
dog+horror,iTownGamePlay *Terror&Diversión*,15100000,https://www.youtube.com/channel/UCKmlxQVs0vHtaLldRIQ8lsA,ES,POPGOES Arcade [hybrid],1,480731,https://www.youtube.com/watch?v=Tz5P98rPnAQ
dog+horror,theRadBrad,14000000,https://www.youtube.com/channel/UCpqXJOEqGS-TCnazcHCo0rA,US,Dying Light [b]; Blair Witch [hybrid]; Necromunda: Hired Gun [a],3,27820717,https://www.youtube.com/watch?v=RLHR5smxbsc
dog+horror,Games EduUu,12700000,https://www.youtube.com/channel/UCYzp8-P162Em-3uZnCuGJOg,BR,Blair Witch [hybrid]; Dying Light [b],2,6865854,https://www.youtube.com/watch?v=bh1X6CAqq5g
dog+horror,BRKsEDU,9960000,https://www.youtube.com/channel/UCWKtHaeXVzUscYGcm0hEunw,BR,Blair Witch [hybrid],1,832312,https://www.youtube.com/watch?v=csDc1_PjNZE
dog+horror,IULITMx,9620000,https://www.youtube.com/channel/UCQdgVr3dEAeUvDbhSHAw4Gg,RO,POPGOES Arcade [hybrid],1,127792,https://www.youtube.com/watch?v=ZnU_ck5Jcuo
dog+horror,Daz Games,9550000,https://www.youtube.com/channel/UCDBCCMlFD-hArPbWv38FINA,GB,Blair Witch [hybrid],1,490905,https://www.youtube.com/watch?v=xb0FhhPAomw
dog+horror,alanzoka,9290000,https://www.youtube.com/channel/UCIwspRtKNszHhIhl36gREjQ,BR,Lethal Company [b]; PEAK [b]; Blair Witch [hybrid],3,10017230,https://www.youtube.com/watch?v=QTz3ZhnVGUA
dog+horror,GameGrumps,5450000,https://www.youtube.com/channel/UC9CuvdOVfMPvKCiwdGKL3cQ,US,Sakura Spirit [a]; Blair Witch [hybrid],2,18469226,https://www.youtube.com/watch?v=BpArK9st12U
dog+horror,Hollow,5210000,https://www.youtube.com/channel/UCmp5y07YIV6i2jPX4x82hVQ,US,Dying Light [b]; Blair Witch [hybrid],2,3371465,https://www.youtube.com/watch?v=UNqqBNfM9q4
dog+horror,FusionZGamer,5020000,https://www.youtube.com/channel/UC5enhS5tdXhHNbj8s_kdBUw,US,POPGOES Arcade [hybrid],1,434400,https://www.youtube.com/watch?v=ACAKvNpUrVk
dog+horror,MKIceAndFire,4770000,https://www.youtube.com/channel/UC1bwliGvJogr7cWK0nT2Eag,,Dying Light [b]; Blair Witch [hybrid]; Necromunda: Hired Gun [a],3,4662091,https://www.youtube.com/watch?v=x72YTpQ4EwE
dog+horror,Bay Riffer,4610000,https://www.youtube.com/channel/UCbOo-f3InU38IZV5tREzsNg,TH,Blair Witch [hybrid],1,788224,https://www.youtube.com/watch?v=3CyObDVdulc
dog+horror,8-BitRyan,4400000,https://www.youtube.com/channel/UCx8vbgWs666cAS7wsKos5sA,GB,Blair Witch [hybrid],1,576768,https://www.youtube.com/watch?v=PMMcqCWsY3I
dog+horror,مـلـزلـز MLZLZ,3940000,https://www.youtube.com/channel/UCneq-pXhApziFpje2tIfofw,SA,Blair Witch [hybrid],1,621855,https://www.youtube.com/watch?v=jodX3oWbTbo
dog+horror,AngryJoeShow,3220000,https://www.youtube.com/channel/UCsgv2QHkT2ljEixyulzOnUQ,US,Dying Light [b]; Blair Witch [hybrid]; Necromunda: Hired Gun [a],3,7969082,https://www.youtube.com/watch?v=hUnb8VQYtWI
dog+horror,Menos Trece,2670000,https://www.youtube.com/channel/UCjuRnAVSiarRGOI8DA2oJtQ,ES,Blair Witch [hybrid],1,886589,https://www.youtube.com/watch?v=VZV6TyjyJgE
dog+horror,LubaTV Games,2610000,https://www.youtube.com/channel/UCVEZWhEbf0DBiSyLKRl2u7Q,BR,Blair Witch [hybrid],1,471841,https://www.youtube.com/watch?v=NVsqpDnqK_U
dog+horror,StopGame,2410000,https://www.youtube.com/channel/UCq7JZ8ATgQWeu6sDM1czjhg,KZ,Blair Witch [hybrid]; Necromunda: Hired Gun [a],2,1730888,https://www.youtube.com/watch?v=49Qr81wA8G8
dog+horror,Dawko,2260000,https://www.youtube.com/channel/UCDfYcuNw-ff952Xn0VDWwDw,GB,POPGOES Arcade [hybrid],1,820587,https://www.youtube.com/watch?v=rIu8SDe8Wlk
dog+horror,Trực Tiếp Game,2040000,https://www.youtube.com/channel/UCc_gMV4N9vJtpy7GcMUHaVw,VN,Blair Witch [hybrid],1,410919,https://www.youtube.com/watch?v=HHgm1YQXMQU
dog+horror,Squad Busters,1610000,https://www.youtube.com/channel/UCW7uzYyhVWVZnp1A2-EYAVQ,FI,Ice World [hybrid],1,605791,https://www.youtube.com/watch?v=HenFIoYzLqk
dog+horror,Cade,1550000,https://www.youtube.com/channel/UCcr9b4cbsnNYkezZZwsq6Sw,ES,POPGOES Arcade [hybrid],1,571255,https://www.youtube.com/watch?v=0KhSQBKPlkA
dog+horror,OneyPlays,1470000,https://www.youtube.com/channel/UCO1ITICo8MLHGAXR1uzFwjA,US,Blair Witch [hybrid],1,489246,https://www.youtube.com/watch?v=OPiII1O9G3k
dog+horror,The Moof,1310000,https://www.youtube.com/channel/UC9b9KpewX_rIZcVk0mUZwng,TH,Blair Witch [hybrid],1,653107,https://www.youtube.com/watch?v=dFUWHFGmTIU
dog+horror,Gab Smolders,1310000,https://www.youtube.com/channel/UCYLHs-NR2le96KKqXofUOXg,NL,Enigma of Fear [hybrid],1,286655,https://www.youtube.com/watch?v=DAIrcqb0Gvg
dog+horror,Unity,1250000,https://www.youtube.com/channel/UCG08EqOAXJk_YXPDsAvReSg,,Enigma of Fear [hybrid],1,16879,https://www.youtube.com/watch?v=9t2PRRnE8vo
dog+horror,AndromalicPlay1337,1240000,https://www.youtube.com/channel/UC6oRub4TgKPcx1Sn7A3HOfQ,US,Ice World [hybrid],1,25048,https://www.youtube.com/watch?v=TPgoKqZ9A8E
dog+horror,The Escapist,1060000,https://www.youtube.com/channel/UCqg5FCR7NrpvlBWMXdt-5Vg,US,Blair Witch [hybrid]; Necromunda: Hired Gun [a],2,1188144,https://www.youtube.com/watch?v=_DD9kvuUqlo
dog+horror,Phân Tích Game,1040000,https://www.youtube.com/channel/UCAmiHmhyH7irW2Yr_RoI0uA,VN,Blair Witch [hybrid],1,1113052,https://www.youtube.com/watch?v=n4srBAxyhW0
dog+horror,EthGoesBOOM,1030000,https://www.youtube.com/channel/UCEjTIBn0uJe2g9q_glGTolw,AU,POPGOES Arcade [hybrid],1,151993,https://www.youtube.com/watch?v=DNvI3WGjn7g
dog+horror,RabidRetrospectGames,1020000,https://www.youtube.com/channel/UCm4WlDrdOOSbht-NKQ0uTeg,US,Blair Witch [hybrid],1,421190,https://www.youtube.com/watch?v=L2QV17lCXho
dog+horror,Captain Eggcellent,981000,https://www.youtube.com/channel/UCmYuHwdOnUCH2wGkFnEZ7OA,GB,Blair Witch [hybrid],1,840838,https://www.youtube.com/watch?v=d4kxuRdp-8w
dog+horror,Shortcat,955000,https://www.youtube.com/channel/UC62oK4gTQtOE4DvAFbFlt9Q,CA,Ice World [hybrid],1,4780235,https://www.youtube.com/watch?v=rsJnM8wUD4Y
dog+horror,Dr_Horse,844000,https://www.youtube.com/channel/UCo_Nm4TBp1rF0DRsWr377Ww,FR,Ice World [hybrid],1,18794,https://www.youtube.com/watch?v=00PgeV4VCRY
dog+horror,GmanLives,833000,https://www.youtube.com/channel/UCKlUrYO3i9MDlL45Ia6j5EA,AU,Necromunda: Hired Gun [a]; Killing Floor 2 [b],2,473152,https://www.youtube.com/watch?v=4JDpuhJXxCM
dog+horror,It'sAGundam,819000,https://www.youtube.com/channel/UCbQ4fbi0fy3d6Hb7q2FIATw,US,Depression Quest [hybrid],1,120549,https://www.youtube.com/watch?v=4JEQBKAC7yY
dog+horror,Verspieltes Gnu,733000,https://www.youtube.com/channel/UCMAmhOvbcJaM9wWI6MZbcuA,DE,Blair Witch [hybrid],1,395454,https://www.youtube.com/watch?v=msyCMkNYmXA
dog+horror,Champs Network,711000,https://www.youtube.com/channel/UCRU9vwwARx8jEACqNpi_KFA,US,Blair Witch [hybrid],1,2804065,https://www.youtube.com/watch?v=QE9NhN3nnZ0
dog+horror,Mirani Gamer,642000,https://www.youtube.com/channel/UCyhWX-7YhDuHqAwAhATN5tw,IN,Ice World [hybrid],1,471376,https://www.youtube.com/watch?v=Sf8H6xN9I-0
dog+horror,Kalle,610000,https://www.youtube.com/channel/UCcP4oLYvDIfldZL1VqAp0Eg,DE,Blair Witch [hybrid],1,747664,https://www.youtube.com/watch?v=Ca54RwpJHWU
dog+horror,We Got Ice,568000,https://www.youtube.com/channel/UC3xKDcL6cDmjVGJFKfi8T3w,US,Ice World [hybrid],1,187382,https://www.youtube.com/watch?v=WsLXo497Hrw
dog+horror,Gaming Harry,559000,https://www.youtube.com/channel/UC2SVI9I1L9Z79YbDgZqGIpw,GB,Blair Witch [hybrid]; Enigma of Fear [hybrid],2,1054895,https://www.youtube.com/watch?v=3BqCj76-VT8
dog+horror,Kage848,514000,https://www.youtube.com/channel/UCY6c18sccqyFL6PS5KVpicw,,Ice World [hybrid],1,44938,https://www.youtube.com/watch?v=Djsv0rcCXGI
dog+horror,HEDGEHOG x,454000,https://www.youtube.com/channel/UCiw3IAxa0e2sNUiqzW1hgyQ,US,Blair Witch [hybrid],1,2011978,https://www.youtube.com/watch?v=5-QeDfKv1Zw
dog+horror,Father,446000,https://www.youtube.com/channel/UCrbdVuw_4Tt0zBE5Gmo4TwA,,Blair Witch [hybrid],1,415766,https://www.youtube.com/watch?v=EoT0Zb93T0s
dog+horror,Corrupted,378000,https://www.youtube.com/channel/UC9R8JUIQhIiWanscw6pbwYA,DE,Blair Witch [hybrid],1,541167,https://www.youtube.com/watch?v=yQ618fa66zM
dog+horror,Noah Caldwell-Gervais,315000,https://www.youtube.com/channel/UC5CYeHPLer3lbEhgonvbbAA,,Depression Quest [hybrid],1,87129,https://www.youtube.com/watch?v=r4SnO5U2G4w
dog+horror,Giant Bomb,248000,https://www.youtube.com/channel/UCmeds0MLhjfkjD_5acPnFlQ,US,Depression Quest [hybrid],1,15528,https://www.youtube.com/watch?v=Fjr4AhBqpJk
dog+horror,EnterElysium,230000,https://www.youtube.com/channel/UC_lkYO1SiTqRAD_ou1Tk4Eg,GB,Depression Quest [hybrid],1,7653,https://www.youtube.com/watch?v=v-16VR18KV8
dog+horror,Bruugar,193000,https://www.youtube.com/channel/UCF_k3-4jHtT6aJkzQ9gnIeQ,DE,Enigma of Fear [hybrid],1,6957,https://www.youtube.com/watch?v=4pMQMQkpbhg
dog+horror,Errant Signal,174000,https://www.youtube.com/channel/UCm4JnxTxtvItQecKUc4zRhQ,US,Depression Quest [hybrid],1,84649,https://www.youtube.com/watch?v=js1OsJZq2Vg
dog+horror,Grimbeard,161000,https://www.youtube.com/channel/UCNmv1Cmjm3Hk8Vc9kIgv0AQ,US,Blair Witch [hybrid],1,538441,https://www.youtube.com/watch?v=dG4nMylLuyY
dog+horror,Weapons From Games,156000,https://www.youtube.com/channel/UCVmt_GkYMH5dqisYjW7Iwrw,PL,Killing Floor 2 [b]; Necromunda: Hired Gun [a],2,852178,https://www.youtube.com/watch?v=S6YhSqnTfaY
dog+horror,MrKravin,144000,https://www.youtube.com/channel/UC66gApP0mkdcFqVXyyZy9KQ,US,Enigma of Fear [hybrid],1,53091,https://www.youtube.com/watch?v=_xzbpl6jN6c
dog+horror,Disassociate,141000,https://www.youtube.com/channel/UCpy_M-JvKG9eha8OwP_yg5Q,GB,Enigma of Fear [hybrid],1,6065,https://www.youtube.com/watch?v=4gmoyV3dvjc
dog+horror,LoloKit,124000,https://www.youtube.com/channel/UCaHUN81taHibK_iD__HnoAQ,US,Ice World [hybrid],1,35346,https://www.youtube.com/watch?v=jzkmjG6QufI
dog+horror,Aimsey LIVE,108000,https://www.youtube.com/channel/UCZch5b068HaaUAGW6CaU1kA,,Enigma of Fear [hybrid],1,29399,https://www.youtube.com/watch?v=WxSRGQcc4Zo
dog+horror,Lawrence Sonntag,107000,https://www.youtube.com/channel/UCgUzZAhJkUtYDFGbPowrR0w,US,Depression Quest [hybrid],1,482,https://www.youtube.com/watch?v=GHb7hCzAW6M
dog+horror,Philza VODS,103000,https://www.youtube.com/channel/UCbbFwA30EUO2p2U1RCnwVTA,NL,Enigma of Fear [hybrid],1,26807,https://www.youtube.com/watch?v=aI5InfuM7MM
dog+horror,Kane Carter,70700,https://www.youtube.com/channel/UCXPUr44A4aRJWTeefG_sKfw,GB,POPGOES Arcade [hybrid],1,261212,https://www.youtube.com/watch?v=1hozUqfpuX8
dog+horror,BagheraJones Replay,65700,https://www.youtube.com/channel/UCH7Rxx-ALdqnhuPUtHBYzNA,FR,Enigma of Fear [hybrid],1,22695,https://www.youtube.com/watch?v=Gp10EQvV5ss
dog+horror,The Singleplayer Squad,62000,https://www.youtube.com/channel/UC2THf0jmDDeBujMzG1sD2-Q,AT,Enigma of Fear [hybrid],1,7319,https://www.youtube.com/watch?v=FjKxyP3vmjw
dog+horror,GamerJGB,59800,https://www.youtube.com/channel/UCVYygAE9IEA8feU0BdnZgMw,,Ice World [hybrid],1,157078,https://www.youtube.com/watch?v=ZrP3-wFwvxc
dog+horror,Spiteful Hopes,52100,https://www.youtube.com/channel/UCuF7enWwwh8av444Gl6m97w,US,Depression Quest [hybrid],1,5698,https://www.youtube.com/watch?v=Rk4xMjdH31A
dog+horror,Hydreix,45100,https://www.youtube.com/channel/UCD4AGYDpUmNfWbkvHj8RSBA,CA,Ice World [hybrid],1,164679,https://www.youtube.com/watch?v=JcOjU95ii1s
dog+horror,supergreatfriend,34700,https://www.youtube.com/channel/UCYhpZj9HM_7mQP-g7tbZM4Q,,Depression Quest [hybrid],1,17166,https://www.youtube.com/watch?v=tSUlpitlMhI
dog+horror,Mark After Dark,29000,https://www.youtube.com/channel/UCg6pHvcYy4jJisuuFtpQ6-A,CA,Depression Quest [hybrid],1,7652,https://www.youtube.com/watch?v=m23M08rvGu4
dog+horror,Archived VODS,24600,https://www.youtube.com/channel/UCCuVkVd54758LQe7nZcTQyA,BE,Enigma of Fear [hybrid],1,24076,https://www.youtube.com/watch?v=9jYTbLUtE1s
dog+horror,Crystal Longplays,23600,https://www.youtube.com/channel/UCSQ1C82NLsVVGmi0ayYnh_w,US,Enigma of Fear [hybrid],1,14762,https://www.youtube.com/watch?v=IcbjJHuJe4o
dog+horror,Kalehori,22400,https://www.youtube.com/channel/UCDm0O7ty2roGmN6XSKyipZw,FI,Ice World [hybrid],1,198728,https://www.youtube.com/watch?v=q8KETvBFZtE
dog+horror,SammiiCake Gaming,16700,https://www.youtube.com/channel/UCvybpPPGR1PJCx4uBOszeHA,GB,Depression Quest [hybrid],1,525,https://www.youtube.com/watch?v=AZs7bTRiFJY
dog+horror,Argent,12100,https://www.youtube.com/channel/UC0uWCUBVPIhgsjai2RN1buQ,CA,Depression Quest [hybrid],1,703,https://www.youtube.com/watch?v=fzwOV9vPpb4
dog+horror,Corfitz FF,8300,https://www.youtube.com/channel/UCYFgLzw0y66OcLRtoLAZvcg,BR,Depression Quest [hybrid],1,854,https://www.youtube.com/watch?v=Q5Xl6e8JWS4
dog+horror,The Indie Buffet,7860,https://www.youtube.com/channel/UCZHxjyGCjAGomHgwzkM_FRQ,,Enigma of Fear [hybrid],1,7344,https://www.youtube.com/watch?v=75BZw4iESz8
dog+horror,piplupwater,7340,https://www.youtube.com/channel/UC_aVpyiE-YSyezpdFgbzLJQ,,Ice World [hybrid],1,186722,https://www.youtube.com/watch?v=yKgpEXEni94
dog+horror,cmyksoft,6390,https://www.youtube.com/channel/UCuQSDZP17b4yS4ZfiwtlAng,,Ice World [hybrid],1,216390,https://www.youtube.com/watch?v=FRBOoxt_Pu0
dog+horror,GEN,5620,https://www.youtube.com/channel/UCcZ_4qmnxN8JITa1IUqBC7g,RU,Depression Quest [hybrid],1,406,https://www.youtube.com/watch?v=RprVmR7V2DU
dog+horror,SeapeekayLIVE,5230,https://www.youtube.com/channel/UCj0AdtBhPMD2TNuZfybRasg,,Enigma of Fear [hybrid],1,7674,https://www.youtube.com/watch?v=DAlFkZMsMf4
dog+horror,Glychd,4220,https://www.youtube.com/channel/UC1LcrnlRkQiT2csRwh-sLhQ,US,Depression Quest [hybrid],1,4933,https://www.youtube.com/watch?v=kk3jbgHME6k
dog+horror,Critical Path,4110,https://www.youtube.com/channel/UCaX9ZIG9oL0bocymR64u_rQ,US,Depression Quest [hybrid],1,748,https://www.youtube.com/watch?v=fctFcpnFkfs
dog+horror,PolishLynx,3540,https://www.youtube.com/channel/UCt_ffAWBnBDft3vTzMdbFJg,PL,Depression Quest [hybrid],1,6786,https://www.youtube.com/watch?v=w1noZFBIu4g
dog+horror,Tengu Drop,3470,https://www.youtube.com/channel/UCwnEDbgPD2HCjAufFO1_30Q,,Depression Quest [hybrid],1,4155,https://www.youtube.com/watch?v=G64CytyF2v4
dog+horror,TheCrazyEven,3170,https://www.youtube.com/channel/UCZezR9x-LhRNvmatR1L5_lA,US,Depression Quest [hybrid],1,3274,https://www.youtube.com/watch?v=oOSTy6ycNZE
dog+horror,FiyahKitteh - Gaming With Your Favorite Cat Girl,2350,https://www.youtube.com/channel/UC-Te7IC6Yoj7rNpxzR9V7Ww,GB,Depression Quest [hybrid],1,1104,https://www.youtube.com/watch?v=VcTqtsop8RA
dog+horror,Mario Game Music by Tang (Game King),2270,https://www.youtube.com/channel/UCp44DeN4ZJ985V9c-kyJ6iw,HK,Ice World [hybrid],1,20579,https://www.youtube.com/watch?v=vLHfeJBNwgA
dog+horror,Hatterpillar,2070,https://www.youtube.com/channel/UCL7uJYw2pOXvgvbdEc4gRZQ,,Enigma of Fear [hybrid],1,12691,https://www.youtube.com/watch?v=yyG3-xtQqWE
dog+horror,M1,1930,https://www.youtube.com/channel/UCU7G8KJmyOqIvP6bqoaQ5Bg,US,Depression Quest [hybrid],1,4530,https://www.youtube.com/watch?v=nhxv-7Te5fs
dog+horror,SanctuaryRemix,1550,https://www.youtube.com/channel/UCU2WglD6O2U7RyguGzMf_fg,US,Depression Quest [hybrid],1,56660,https://www.youtube.com/watch?v=uwr7HNR7Dz0
dog+horror,Games Over Coffee,1440,https://www.youtube.com/channel/UCJmgLa3XqyHk22XJI3vkV8A,,Depression Quest [hybrid],1,2454,https://www.youtube.com/watch?v=3wRfP0oLx3Q
dog+horror,TheMelorino,1400,https://www.youtube.com/channel/UCId9OHNhMNQTdJs7xXyeOiw,US,Depression Quest [hybrid],1,1641,https://www.youtube.com/watch?v=eIEUqgcGvI8
dog+horror,Slice of Kris,1380,https://www.youtube.com/channel/UCQq2hc_aorEhHXvGk36ZhRw,AU,Depression Quest [hybrid],1,228,https://www.youtube.com/watch?v=b7Yum2-oHB4
dog+horror,The Hatman (TheHat2),1020,https://www.youtube.com/channel/UCWcUJMh7z--7g71k9rYzd1A,US,Depression Quest [hybrid],1,1823,https://www.youtube.com/watch?v=j_m8E8rU4i4
dog+horror,JT Vega,963,https://www.youtube.com/channel/UCgmSW3MF9RaEl9pmyZPt-Vw,US,Depression Quest [hybrid],1,1229,https://www.youtube.com/watch?v=lJ3eORrI5DY
dog+horror,GalaxiaVODs,771,https://www.youtube.com/channel/UCpt6UHGn3ZJmpYgUGQ-gO-Q,GB,Enigma of Fear [hybrid],1,65867,https://www.youtube.com/watch?v=hF_IBFtAjk4
dog+horror,M-Pie,655,https://www.youtube.com/channel/UC1kVTmpCtOmE3PL4mcNEKZw,US,Depression Quest [hybrid],1,419,https://www.youtube.com/watch?v=LRngPr0eEZ0
dog+horror,The ManaPandalorian,653,https://www.youtube.com/channel/UCosoXm3TM9IgXHfSO04BpjA,US,Enigma of Fear [hybrid],1,20840,https://www.youtube.com/watch?v=zCQakpthQVM
dog+horror,MoZen,648,https://www.youtube.com/channel/UCoG_YbnFEQ3S1Le3ZtxH4Jw,US,Enigma of Fear [hybrid],1,13230,https://www.youtube.com/watch?v=06eZD52SFXU
dog+horror,Humble Gamer,625,https://www.youtube.com/channel/UCUXfg2G-3ieiK9-lC3yZqfA,GB,Depression Quest [hybrid],1,1222,https://www.youtube.com/watch?v=MBR_MU_T9Nk
dog+horror,KevGuueyBackupChannel,518,https://www.youtube.com/channel/UCm_3ZoUsTz64va3TanHWWOg,US,Depression Quest [hybrid],1,783,https://www.youtube.com/watch?v=OEfDXmdmobY
dog+horror,vgamesgonewild,488,https://www.youtube.com/channel/UCKJ9-P8-bCPO4qqRkM9kayA,,Depression Quest [hybrid],1,239,https://www.youtube.com/watch?v=yv1S8BHhlOk
dog+horror,Ben's Gameplay Hoard,470,https://www.youtube.com/channel/UCycXqbgPJaGm7ac6DJi9Npw,CA,Depression Quest [hybrid],1,959,https://www.youtube.com/watch?v=kYZ9LcsX-nQ
dog+horror,KimonBL,406,https://www.youtube.com/channel/UCCAhDmeviaIe2STiI2c9ikQ,,Depression Quest [hybrid],1,2088,https://www.youtube.com/watch?v=rnhrFkbF09E
dog+horror,Diowie,320,https://www.youtube.com/channel/UCgHviTbRWSgjZoW5C0q0Pvw,BR,Enigma of Fear [hybrid],1,5729,https://www.youtube.com/watch?v=osC_3szZmQc
dog+horror,Tomek FM,275,https://www.youtube.com/channel/UCF84BonyyYQbBCWxxTJgXOA,,Ice World [hybrid],1,19209,https://www.youtube.com/watch?v=y7LnX-Pe_F0
dog+horror,Sampa,148,https://www.youtube.com/channel/UCc9wK_LLYSPmBJbwZIWn-6w,DE,Enigma of Fear [hybrid],1,5161,https://www.youtube.com/watch?v=DfDLsuERpXA
dog+horror,Apple Babble,145,https://www.youtube.com/channel/UCA1leqY7IRVhHVBeqVAXFUQ,AU,Depression Quest [hybrid],1,11311,https://www.youtube.com/watch?v=AfZtgE7zChk
dog+horror,DopplerVidya,120,https://www.youtube.com/channel/UCUeE-EqIEFEMLshkaIMNsLA,US,Depression Quest [hybrid],1,368,https://www.youtube.com/watch?v=I4N8adpZDrQ
dog+horror,WASD Boys,71,https://www.youtube.com/channel/UCqwzqfTCfposmxwpddTFzUg,,Depression Quest [hybrid],1,242,https://www.youtube.com/watch?v=4X6VfB3wxwA
dog+horror,Fidgety Phil,62,https://www.youtube.com/channel/UC_2GnV06fN02xUK5XTyEoVA,AT,Depression Quest [hybrid],1,1670,https://www.youtube.com/watch?v=qys7xhaq8Do
dog+horror,Hemp Depot,61,https://www.youtube.com/channel/UCtCwFbBzCD6bZ2UuxGlkjHw,,Depression Quest [hybrid],1,244,https://www.youtube.com/watch?v=nQFXyiWrwFw
dog+horror,Critical Proximity,48,https://www.youtube.com/channel/UCbbWM3aBN-Z0z-L1hI63e5A,,Depression Quest [hybrid],1,23885,https://www.youtube.com/watch?v=vWw7LwIYHbA
dog+horror,Whalewolf Gaming,42,https://www.youtube.com/channel/UCyMo0YFDb6rA-fHDLuL7t7Q,US,Depression Quest [hybrid],1,359,https://www.youtube.com/watch?v=jIUbEwDbRmg
dog+horror,PressMindToPlay,24,https://www.youtube.com/channel/UCxu8PaOMwEG2cal2k6jVI8g,,Depression Quest [hybrid],1,8851,https://www.youtube.com/watch?v=hPorCe7EIHg
dog+hunting,شبكة العاب العرب | Arab Games Network,26700000,https://www.youtube.com/channel/UCV2JkEBmtfSYGAIlprAhAyQ,SA,Hunting Simulator 2 [hybrid],1,526291,https://www.youtube.com/watch?v=1KuStXP0p-Q
dog+hunting,SQUEEZIE,20200000,https://www.youtube.com/channel/UCWeg2Pkate69NFdBeuRFTAw,FR,Adore [hybrid],1,3352979,https://www.youtube.com/watch?v=x8O_HDjRtuY
dog+hunting,H2ODelirious,13700000,https://www.youtube.com/channel/UCClNRixXlagwAd--5MwJKCw,US,The Red Lantern [hybrid],1,1716827,https://www.youtube.com/watch?v=q9ZI_bqzwC4
dog+hunting,Furious Jumper,11000000,https://www.youtube.com/channel/UCLMKLU-ZuDQIsbjMvR3bbog,FR,Adore [hybrid],1,192927,https://www.youtube.com/watch?v=obv1QyCKsUg
dog+hunting,TmarTn2,5670000,https://www.youtube.com/channel/UC36MGPfPwOWafAXauiV4LdA,US,Hunting Simulator 2 [hybrid]; Way of the Hunter 2 [hybrid],2,2081064,https://www.youtube.com/watch?v=kd9rtxWQ9Xk
dog+hunting,GameGrumps,5450000,https://www.youtube.com/channel/UC9CuvdOVfMPvKCiwdGKL3cQ,US,Sakura Spirit [a]; Blair Witch [a]; Dinosaur Hunt [b],3,19320308,https://www.youtube.com/watch?v=BpArK9st12U
dog+hunting,SQUEEZIE GAMING,5100000,https://www.youtube.com/channel/UCY-_QmcW09PHAImgVnKxU2g,FR,Adore [hybrid]; WolfQuest: Anniversary Edition [b],2,8102207,https://www.youtube.com/watch?v=nDhQBFH1F1M
dog+hunting,perpetuumworld,4360000,https://www.youtube.com/channel/UCGyZblDN5afu78KyIJ0Ovbg,BY,The Red Lantern [hybrid],1,154595,https://www.youtube.com/watch?v=OLa_NUhYW7o
dog+hunting,Blitz,4350000,https://www.youtube.com/channel/UCK3eoeo-HGHH11Pevo1MzfQ,US,Hunting Simulator 2 [hybrid]; Super Auto Pets [a],2,3553004,https://www.youtube.com/watch?v=7xla31xXNug
dog+hunting,SHIMOROSHOW,3700000,https://www.youtube.com/channel/UCOynRdpGiTCNFhCgD0RTe1w,RU,Way of the Hunter 2 [hybrid],1,176648,https://www.youtube.com/watch?v=LNzZkHFRJVQ
dog+hunting,Drae,2620000,https://www.youtube.com/channel/UCf2ocK7dG_WFUgtDtrKR4rw,CA,The Red Lantern [hybrid]; Hunting Simulator 2 [hybrid]; Way of the Hunter 2 [hybrid],3,1344500,https://www.youtube.com/watch?v=ihCrI1iRxSQ
dog+hunting,stacyplays,2260000,https://www.youtube.com/channel/UC2c6FqF4olAZ7LodVEUueNQ,US,The Red Lantern [hybrid],1,1881006,https://www.youtube.com/watch?v=NIDy6g0ug2c
dog+hunting,أحمد - Nemesis,2080000,https://www.youtube.com/channel/UCihg-Aew0pQYKiAOLnPA8GA,SA,Hunting Simulator 2 [hybrid]; WolfQuest: Anniversary Edition [b],2,1345249,https://www.youtube.com/watch?v=JFVBxUZ9NLs
dog+hunting,GameRiot,1980000,https://www.youtube.com/channel/UCns4T9U8VSIRovKa1a_r7rA,GB,Way of the Hunter 2 [hybrid],1,94317,https://www.youtube.com/watch?v=4hG9xbiSQ-0
dog+hunting,Galax,1950000,https://www.youtube.com/channel/UCDlg0T0r9v2_XRCG8yqB2vQ,FR,Way of the Hunter 2 [hybrid],1,71816,https://www.youtube.com/watch?v=0e_CmJcoPgw
dog+hunting,Fooster,1860000,https://www.youtube.com/channel/UC7TIkH-0TzhP1EmSD9QN3xw,GB,Hunting Simulator 2 [hybrid],1,629477,https://www.youtube.com/watch?v=gGLUh9-oaME
dog+hunting,Squad Busters,1610000,https://www.youtube.com/channel/UCW7uzYyhVWVZnp1A2-EYAVQ,FI,Ice World [hybrid],1,605791,https://www.youtube.com/watch?v=HenFIoYzLqk
dog+hunting,Tuonto,1500000,https://www.youtube.com/channel/UCqdeBveU7H4K3EyaYvd7mnA,US,Adore [hybrid],1,382615,https://www.youtube.com/watch?v=WD0zJpmepx8
dog+hunting,AndromalicPlay1337,1240000,https://www.youtube.com/channel/UC6oRub4TgKPcx1Sn7A3HOfQ,US,Ice World [hybrid],1,25048,https://www.youtube.com/watch?v=TPgoKqZ9A8E
dog+hunting,Instalok,1240000,https://www.youtube.com/channel/UC9YLd0REiXxLqQQH_CpJKZQ,,Adore [hybrid],1,305213,https://www.youtube.com/watch?v=WE1onHicXBU
dog+hunting,makeUmove,1150000,https://www.youtube.com/channel/UCc0_4m8a-YtBHEcYwjEnbxw,KR,Adore [hybrid],1,104702,https://www.youtube.com/watch?v=tF4J_Zcq_Iw
dog+hunting,MISS QUEEN,1100000,https://www.youtube.com/channel/UCV_n7sq7lgOnPx1LLCMZDLQ,FR,Adore [hybrid],1,291081,https://www.youtube.com/watch?v=dNA50KX92wc
dog+hunting,Mickalow,1090000,https://www.youtube.com/channel/UCCqMS4fwmaM-yStTmQe2nfg,FR,Adore [hybrid],1,92916,https://www.youtube.com/watch?v=JUdb6OdBq-s
dog+hunting,Splattercatgaming,990000,https://www.youtube.com/channel/UC8nZUXCwCTffxthKLtOp6ng,,Adore [hybrid]; DYSMANTLE [b]; Necromunda: Hired Gun [a],3,1131642,https://www.youtube.com/watch?v=kFJv_W_jABs
dog+hunting,Shortcat,955000,https://www.youtube.com/channel/UC62oK4gTQtOE4DvAFbFlt9Q,CA,Ice World [hybrid],1,4780235,https://www.youtube.com/watch?v=rsJnM8wUD4Y
dog+hunting,Seri! Pixel Biologist!,941000,https://www.youtube.com/channel/UCZ1zebNAQS72oSid_wb8Y8Q,US,The Red Lantern [hybrid],1,6934239,https://www.youtube.com/watch?v=bfq5AiaLgGA
dog+hunting,tinyBuildGAMES,873000,https://www.youtube.com/channel/UCHLuN_JL66bD8fdJWmQ-gNw,,Adore [hybrid],1,406567,https://www.youtube.com/watch?v=fcx8Ir8HI28
dog+hunting,Naito,869000,https://www.youtube.com/channel/UCDsh4lseyfsUW9XnA-9J5iA,FR,Hunting Simulator 2 [hybrid],1,124190,https://www.youtube.com/watch?v=7TlqGrb_AQk
dog+hunting,Dr_Horse,844000,https://www.youtube.com/channel/UCo_Nm4TBp1rF0DRsWr377Ww,FR,Adore [hybrid]; DYSMANTLE [b]; Ice World [hybrid],3,307619,https://www.youtube.com/watch?v=gYMxgwI1l04
dog+hunting,The Outer Middle Show,837000,https://www.youtube.com/channel/UCoAxtiY4NrFBMdsvYFI_B3A,US,Way of the Hunter 2 [hybrid],1,84530,https://www.youtube.com/watch?v=GQWeuubjBAg
dog+hunting,COOPA,781000,https://www.youtube.com/channel/UChKMCBvDxx7lzlMKF1-xQkw,FR,Adore [hybrid],1,99475,https://www.youtube.com/watch?v=F8WtVGjWdso
dog+hunting,TheLazyPeon,770000,https://www.youtube.com/channel/UCE-f0sqi-H7kuLT0YiW9rcA,US,Adore [hybrid],1,196077,https://www.youtube.com/watch?v=pze_WclC6DU
dog+hunting,Rayakuzaa,764000,https://www.youtube.com/channel/UCTIRUAgLCuU7pihgAA3kvEA,FR,Adore [hybrid],1,178452,https://www.youtube.com/watch?v=AYcv4_LXAsc
dog+hunting,KG Gaming,745000,https://www.youtube.com/channel/UCnoXQZ4krtA96huhCSQkMeg,US,Hunting Simulator 2 [hybrid]; Way of the Hunter 2 [hybrid],2,2069504,https://www.youtube.com/watch?v=40LiLc3Sne8
dog+hunting,Mirani Gamer,642000,https://www.youtube.com/channel/UCyhWX-7YhDuHqAwAhATN5tw,IN,Ice World [hybrid],1,471376,https://www.youtube.com/watch?v=Sf8H6xN9I-0
dog+hunting,Geldi Başkan,581000,https://www.youtube.com/channel/UCEKl2Zu5s4OWS1kIfBv9o-Q,TR,Hunting Simulator 2 [hybrid],1,617476,https://www.youtube.com/watch?v=9qGLsPUSo70
dog+hunting,We Got Ice,568000,https://www.youtube.com/channel/UC3xKDcL6cDmjVGJFKfi8T3w,US,Ice World [hybrid],1,187382,https://www.youtube.com/watch?v=WsLXo497Hrw
dog+hunting,Kage848,514000,https://www.youtube.com/channel/UCY6c18sccqyFL6PS5KVpicw,,Ice World [hybrid],1,44938,https://www.youtube.com/watch?v=Djsv0rcCXGI
dog+hunting,Rooster,492000,https://www.youtube.com/channel/UCrSPlLm7e0bXpPYNOOzxgOg,US,theHunter: Call of the Wild™ [b]; Way of the Hunter 2 [hybrid]; Hunting Simulator 2 [hybrid],3,109325404,https://www.youtube.com/watch?v=4YIavEKeaRc
dog+hunting,Flinter,446000,https://www.youtube.com/channel/UCuHIJJLiCnI-D1SU_8fEnTA,US,theHunter: Call of the Wild™ [b]; Hunting Simulator 2 [hybrid]; Way of the Hunter 2 [hybrid],3,4283614,https://www.youtube.com/watch?v=Dq2AKGBpOjQ
dog+hunting,Bo Time Gaming,439000,https://www.youtube.com/channel/UCBnSIolzKHchMtU-_o-hntQ,US,Adore [hybrid],1,105969,https://www.youtube.com/watch?v=Sxe3SjTEAKM
dog+hunting,Scarecrow,410000,https://www.youtube.com/channel/UCxcoDKuRWY8Rv5Wb4wlFQQA,US,Way of the Hunter 2 [hybrid],1,82286,https://www.youtube.com/watch?v=GOZIGhOHdXo
dog+hunting,Deebeegeek,402000,https://www.youtube.com/channel/UC9Ed9JvjK_UDDpj8C_tMaqg,IE,Adore [hybrid],1,72748,https://www.youtube.com/watch?v=jmxWuaaR0Qg
dog+hunting,Foekoe,397000,https://www.youtube.com/channel/UCmTPhoY-bYX2PKU03IKcKcA,NL,Adore [hybrid],1,416795,https://www.youtube.com/watch?v=zLu96gvYtVo
dog+hunting,Moopsten,393000,https://www.youtube.com/channel/UCWzfixxFUZR8bMPArErRVLA,US,Adore [hybrid],1,451188,https://www.youtube.com/watch?v=1mfAHVlaUYc
dog+hunting,STONE XD,376000,https://www.youtube.com/channel/UCSaDiRN6Z8owFIgqd0pkDDQ,PK,Adore [hybrid],1,2314779,https://www.youtube.com/watch?v=63_HKyKgMaA
dog+hunting,CHOWH1,340000,https://www.youtube.com/channel/UCOM3hIIJ3ZcpWQEKProj5Ig,FR,Adore [hybrid],1,81936,https://www.youtube.com/watch?v=02T2g8bLm3Q
dog+hunting,KingK,310000,https://www.youtube.com/channel/UC18YhnNvyrU2kTwCyj9p5ag,US,Adore [hybrid],1,744019,https://www.youtube.com/watch?v=RYnmwCoYWBc
dog+hunting,LadyLegendXO,295000,https://www.youtube.com/channel/UCHt_KzshHyDKwQVYPMXJkPQ,CA,Way of the Hunter 2 [hybrid],1,86261,https://www.youtube.com/watch?v=WlIUh98WpG0
dog+hunting,- NS -,290000,https://www.youtube.com/channel/UCfTaFRWOam2QpI3xcLgt1MA,FR,Adore [hybrid],1,87481,https://www.youtube.com/watch?v=0bYx-Fv4BbU
dog+hunting,Fisk,278000,https://www.youtube.com/channel/UCxy8BzRC2kEiqGSASld_iew,NO,Way of the Hunter 2 [hybrid],1,193582,https://www.youtube.com/watch?v=AhfVQLUeh5M
dog+hunting,FishStickOnAStick - Gaming,198000,https://www.youtube.com/channel/UCVu2-SAuPI7oyZq5w0c3CGg,US,Adore [hybrid],1,545204,https://www.youtube.com/watch?v=79GBvgCWPTg
dog+hunting,Kiwos YT,186000,https://www.youtube.com/channel/UCGn9cTrxfHXjlQJJIch6vHQ,IN,Adore [hybrid],1,102289,https://www.youtube.com/watch?v=WUVTm76MHEY
dog+hunting,sleepyslorgs,171000,https://www.youtube.com/channel/UCbzEOGSh4-xCvAcvAQUOcHQ,GB,Way of the Hunter 2 [hybrid],1,412465,https://www.youtube.com/watch?v=rHvYOFjaBQs
dog+hunting,shfty,162000,https://www.youtube.com/channel/UCjCN608rHbTsNZRhjeIPglA,DE,theHunter: Call of the Wild™ [b]; Way of the Hunter 2 [hybrid],2,1915439,https://www.youtube.com/watch?v=9ysgZcsdyFo
dog+hunting,Clay Kramer,138000,https://www.youtube.com/channel/UC1JB0XkovQwI4yeZFdJJ1bg,US,Adore [hybrid],1,138026,https://www.youtube.com/watch?v=pMkeZBpXZiM
dog+hunting,LoloKit,124000,https://www.youtube.com/channel/UCaHUN81taHibK_iD__HnoAQ,US,Ice World [hybrid],1,35346,https://www.youtube.com/watch?v=jzkmjG6QufI
dog+hunting,ContraNetwork,117000,https://www.youtube.com/channel/UCig8G8RlRw34bT9bgsXe5tw,,Hunting Simulator 2 [hybrid],1,129481,https://www.youtube.com/watch?v=EU8htgBoXPk
dog+hunting,favelamarek,93200,https://www.youtube.com/channel/UCBZOnpQhWnrBJYfC5Nt00Xg,US,Adore [hybrid],1,115550,https://www.youtube.com/watch?v=lwvLcha-SFE
dog+hunting,armpoint,80100,https://www.youtube.com/channel/UCryrwBtp5cMv-Hio-pVrryw,FR,Adore [hybrid],1,460787,https://www.youtube.com/watch?v=uRBz1J165cc
dog+hunting,Alphastar716,74500,https://www.youtube.com/channel/UC3XWYokXdcltBb_7Myc9r_A,US,Adore [hybrid],1,175325,https://www.youtube.com/watch?v=Pd1u4OlrIKc
dog+hunting,The Kiseki Nut,68900,https://www.youtube.com/channel/UCJZPUsa6ugWTwEhl9agZnVQ,GB,Adore [hybrid],1,170537,https://www.youtube.com/watch?v=_4N8j7obViQ
dog+hunting,GamerJGB,59800,https://www.youtube.com/channel/UCVYygAE9IEA8feU0BdnZgMw,,Ice World [hybrid],1,157078,https://www.youtube.com/watch?v=ZrP3-wFwvxc
dog+hunting,IlexEmily,54500,https://www.youtube.com/channel/UChqs6XJ0zW62GfYXV62xGOg,GB,Adore [hybrid],1,229029,https://www.youtube.com/watch?v=Moiuh9PVYhU
dog+hunting,ScottS,53500,https://www.youtube.com/channel/UC7AtjcE6uWap-y-W0apdM_A,UA,Adore [hybrid],1,78716,https://www.youtube.com/watch?v=yuUw9F9Mo64
dog+hunting,Hydreix,45100,https://www.youtube.com/channel/UCD4AGYDpUmNfWbkvHj8RSBA,CA,Ice World [hybrid],1,164679,https://www.youtube.com/watch?v=JcOjU95ii1s
dog+hunting,CHOPPER2N1 ,42100,https://www.youtube.com/channel/UC2F7ZFr8AokTqvJ-WvYahVw,US,Way of the Hunter 2 [hybrid],1,202809,https://www.youtube.com/watch?v=97CkR1Dov5k
dog+hunting,Les Chroniques d'Akse,25100,https://www.youtube.com/channel/UCm7rmp60URlhcv5lsLWOgVA,FR,Hunting Simulator 2 [hybrid],1,124668,https://www.youtube.com/watch?v=xn2-42EBB-Q
dog+hunting,Kalehori,22400,https://www.youtube.com/channel/UCDm0O7ty2roGmN6XSKyipZw,FI,Ice World [hybrid],1,198728,https://www.youtube.com/watch?v=q8KETvBFZtE
dog+hunting,TruScore Gaming,16400,https://www.youtube.com/channel/UCNNTNaVcFdZQ0iB7dcY5yEg,US,Hunting Simulator 2 [hybrid],1,221776,https://www.youtube.com/watch?v=BNLI7bCCx84
dog+hunting,BluntForceRam,10700,https://www.youtube.com/channel/UCjQFjh9iEf-r8nLa_vpt1og,US,Hunting Simulator 2 [hybrid],1,427049,https://www.youtube.com/watch?v=oGT8XsozB6g
dog+hunting,Dunnells In The Wild,9080,https://www.youtube.com/channel/UC8P9Vv4IW0gkJo2LIvid9nQ,US,Way of the Hunter 2 [hybrid],1,189161,https://www.youtube.com/watch?v=nLF-F5BkGXI
dog+hunting,piplupwater,7340,https://www.youtube.com/channel/UC_aVpyiE-YSyezpdFgbzLJQ,,Ice World [hybrid],1,186722,https://www.youtube.com/watch?v=yKgpEXEni94
dog+hunting,cmyksoft,6390,https://www.youtube.com/channel/UCuQSDZP17b4yS4ZfiwtlAng,,Ice World [hybrid],1,216390,https://www.youtube.com/watch?v=FRBOoxt_Pu0
dog+hunting,Old'n'Cozy,6200,https://www.youtube.com/channel/UCEVc04n4prlS29Q8_w6Lj7g,US,The Red Lantern [hybrid],1,68644,https://www.youtube.com/watch?v=SaPQHP4EH20
dog+hunting,• . 𝙈𝙖𝙪𝙫𝙚𝙦𝙯 . • ,5690,https://www.youtube.com/channel/UChaOl74FnZF6cv2tanQmhgA,,Adore [hybrid],1,1188671,https://www.youtube.com/watch?v=k-Ix17T2LLk
dog+hunting,rick,2860,https://www.youtube.com/channel/UCYXNATshz67KTWd1O2G9PGg,,Adore [hybrid],1,216936,https://www.youtube.com/watch?v=gcloqpk-dOw
dog+hunting,Mario Game Music by Tang (Game King),2270,https://www.youtube.com/channel/UCp44DeN4ZJ985V9c-kyJ6iw,HK,Ice World [hybrid],1,20579,https://www.youtube.com/watch?v=vLHfeJBNwgA
dog+hunting,The Wild Buck,2130,https://www.youtube.com/channel/UCp8j4fq_3EIjFwkPvlZ6HoQ,HU,Way of the Hunter 2 [hybrid],1,109923,https://www.youtube.com/watch?v=9KcKYTQu7aM
dog+hunting,Atea,1980,https://www.youtube.com/channel/UCe8QWs3f_dMlB_kNxebZphA,RU,Adore [hybrid],1,128810,https://www.youtube.com/watch?v=vQ42oJaFyWU
dog+hunting,Tomek FM,275,https://www.youtube.com/channel/UCF84BonyyYQbBCWxxTJgXOA,,Ice World [hybrid],1,19209,https://www.youtube.com/watch?v=y7LnX-Pe_F0
hunting+friendslop,Markiplier,38900000,https://www.youtube.com/channel/UC7_YxT-KID8kRbqZo7MyscQ,US,Lethal Company [b]; Rake [hybrid]; Depth [a]; R.E.P.O. [b]; Killing Floor [b],5,91907450,https://www.youtube.com/watch?v=T8_KOt0Ncdw
hunting+friendslop,Jazzghost,24900000,https://www.youtube.com/channel/UCIXguhHCl8eDTkXpEuiGPUA,,Rake [hybrid],1,4141207,https://www.youtube.com/watch?v=FHJ4XEW_erQ
hunting+friendslop,Windah Basudara,20500000,https://www.youtube.com/channel/UCoIiiHof6BJ85PLuLkuxuhw,ID,R.E.P.O. [b]; Rake [hybrid],2,5639417,https://www.youtube.com/watch?v=iBPByJe7ITg
hunting+friendslop,SQUEEZIE,20200000,https://www.youtube.com/channel/UCWeg2Pkate69NFdBeuRFTAw,FR,Rake [hybrid],1,6730402,https://www.youtube.com/watch?v=y3MJTi_K7-g
hunting+friendslop,PopularMMOs,17500000,https://www.youtube.com/channel/UCpGdL9Sn3Q5YWUH2DVUW1Ug,,Rake [hybrid],1,6796153,https://www.youtube.com/watch?v=AmGOE65UwgE
hunting+friendslop,iTownGamePlay *Terror&Diversión*,15100000,https://www.youtube.com/channel/UCKmlxQVs0vHtaLldRIQ8lsA,ES,Rake [hybrid],1,2741588,https://www.youtube.com/watch?v=INLh2B0-1jo
hunting+friendslop,Flamingo,14700000,https://www.youtube.com/channel/UCm-X6o81nRsXQTmqpyArkBQ,US,Rake [hybrid],1,7599948,https://www.youtube.com/watch?v=-caXo8AvME4
hunting+friendslop,H2ODelirious,13700000,https://www.youtube.com/channel/UCClNRixXlagwAd--5MwJKCw,US,Depth [a]; Lethal Company [b],2,21781660,https://www.youtube.com/watch?v=knR-7AAqfnY
hunting+friendslop,CaseOh,11100000,https://www.youtube.com/channel/UC63anZxfVGHUEmfBAf5w7pw,US,R.E.P.O. [b]; Rake [hybrid],2,11213339,https://www.youtube.com/watch?v=FsNnI_ynqG0
hunting+friendslop,alanzoka,9290000,https://www.youtube.com/channel/UCIwspRtKNszHhIhl36gREjQ,BR,R.E.P.O. [b]; Lethal Company [b]; Depth [a],3,13278057,https://www.youtube.com/watch?v=_RtCZ70aVZs
hunting+friendslop,TheBrainDit,8300000,https://www.youtube.com/channel/UCFBcrywVNeUOqtJgGhPEvQg,UA,Rake [hybrid],1,4690858,https://www.youtube.com/watch?v=lryC8JmoyEE
hunting+friendslop,FavijTV,6740000,https://www.youtube.com/channel/UCSFC5Cio8zaLQDFPxA7y_HQ,IT,Rake [hybrid],1,3567174,https://www.youtube.com/watch?v=0cJbOjqJ1ik
hunting+friendslop,Kubz Scouts,6730000,https://www.youtube.com/channel/UCZBY6V8Lxmwu8gGRBOyO11w,,Rake [hybrid],1,975742,https://www.youtube.com/watch?v=pTMCfvfKM2w
hunting+friendslop,EugeneSagaz,5640000,https://www.youtube.com/channel/UCrd7UM5OBtB0n1zl41qwCUw,RU,Rake [hybrid],1,15796534,https://www.youtube.com/watch?v=JeE0y9i_lCs
hunting+friendslop,SpyCakes,4910000,https://www.youtube.com/channel/UC1rsLSbsz0Y2blrWDZ_-8Qw,CA,Rake [hybrid],1,4986895,https://www.youtube.com/watch?v=uIgOK24_gp8
hunting+friendslop,SMii7Yplus,4550000,https://www.youtube.com/channel/UC-gW4TeZAlKm7UATp24JsWQ,CA,"Lethal Company [b]; R.E.P.O. [b]; Ranch Simulator: Build, Hunt, Farm [a]; PAYDAY 2 [b]",4,119466258,https://www.youtube.com/watch?v=BVOTJEyocFk
hunting+friendslop,Camodo Gaming,4090000,https://www.youtube.com/channel/UCC6ulNJ-KDoIa3VI2gcvQpA,US,Rake [hybrid],1,1081111,https://www.youtube.com/watch?v=mHmhUzMEDbQ
hunting+friendslop,Gabby16bit,3530000,https://www.youtube.com/channel/UC3VEGA6pJKPsPAHyB3n5BNQ,IT,Rake [hybrid],1,943617,https://www.youtube.com/watch?v=L5WB1npzT1g
hunting+friendslop,Han Kanal,2850000,https://www.youtube.com/channel/UCpcHFJwDFlrnbCw3yD-4Wzg,TR,Rake [hybrid]; Depth [a],2,4080588,https://www.youtube.com/watch?v=gOyC1NAgRks
hunting+friendslop,Joe Bart Games,2650000,https://www.youtube.com/channel/UCeBPTBz1oRnsWsUBnKNNKNw,US,Rake [hybrid]; Splitgate [b],2,3947060,https://www.youtube.com/watch?v=JrSVtb3_guQ
hunting+friendslop,Remainings,2570000,https://www.youtube.com/channel/UCSSfq3nNRhpV7uh0NfBYxvg,CA,Rake [hybrid],1,1009707,https://www.youtube.com/watch?v=p28Yu-XKcl4
hunting+friendslop,Dizowskyy,2150000,https://www.youtube.com/channel/UC7TauBBZOhtZprmPTyrgqWg,PL,Rake [hybrid],1,1002882,https://www.youtube.com/watch?v=2mDvFy55Rqw
hunting+friendslop,Ncraft,2080000,https://www.youtube.com/channel/UC5SjVjNWrmc3qE__AIAC81g,MY,Rake [hybrid],1,3357256,https://www.youtube.com/watch?v=yCVb059ggPU
hunting+friendslop,LordMinion777,1850000,https://www.youtube.com/channel/UCOTiOsMISuYcYV7aV-4z-Rw,US,Rake [hybrid],1,9932885,https://www.youtube.com/watch?v=o3cZcUoIT00
hunting+friendslop,MenT,1590000,https://www.youtube.com/channel/UCk-1Oa5qkBUXNKYdK95os8g,CZ,Rake [hybrid],1,1549669,https://www.youtube.com/watch?v=pWhwNWWUSMc
hunting+friendslop,ADRI GEEK,1180000,https://www.youtube.com/channel/UCrSJiAQder4Dg2rpmEaJT4w,FR,Rake [hybrid],1,1370140,https://www.youtube.com/watch?v=v2x8qlx0kXU
hunting+friendslop,Stevebillybob,968000,https://www.youtube.com/channel/UCCViIX61Ny3g0RAxrJzXG9Q,IE,Rake [hybrid],1,1735083,https://www.youtube.com/watch?v=V1TYAxPYCK0
hunting+friendslop,Kaif,707000,https://www.youtube.com/channel/UCbnA_wQEdPWbLipG0UxTvBQ,GB,Rake [hybrid],1,1007689,https://www.youtube.com/watch?v=vy_7D5qxcNU
hunting+friendslop,GitarisTv,630000,https://www.youtube.com/channel/UCWIhR0c9M6i5bT7v_1UMh7Q,TR,Rake [hybrid],1,1073617,https://www.youtube.com/watch?v=hHTVFhzPHCQ
hunting+friendslop,Mortify,456000,https://www.youtube.com/channel/UCKNfGXkC29dPVcF6QfNRDtQ,US,Rake [hybrid],1,5859696,https://www.youtube.com/watch?v=kb9l3uFfCz4
hunting+friendslop,SD ANIMATOR,436000,https://www.youtube.com/channel/UCjIctE36xq0SPJoeR8LO5kA,PH,Rake [hybrid],1,2844891,https://www.youtube.com/watch?v=0Bf2JDYmKpw
hunting+friendslop,Rush Bunny XD,36000,https://www.youtube.com/channel/UCQLf0DM316uAgbQ20iq4H6A,US,Rake [hybrid],1,1030300,https://www.youtube.com/watch?v=P5YChFfUKNE
hunting+friendslop,Dylanlenub,7140,https://www.youtube.com/channel/UCQqsTbeRLsiS5SRgKOluXDA,US,Rake [hybrid],1,1572358,https://www.youtube.com/watch?v=v5q2q89ylxk
hunting+horror,Markiplier,38900000,https://www.youtube.com/channel/UC7_YxT-KID8kRbqZo7MyscQ,US,Lethal Company [b]; Rake [hybrid]; 7 Days to Die [b]; Depth [hybrid]; Killing Floor 2 [b],5,112985262,https://www.youtube.com/watch?v=XjCGrXrNvkg
hunting+horror,jacksepticeye,31200000,https://www.youtube.com/channel/UCYzPXprvl5Y-Sf0g4vX-m6g,IE,Depth [hybrid],1,6720026,https://www.youtube.com/watch?v=lSFkfhqrFi0
hunting+horror,Jazzghost,24900000,https://www.youtube.com/channel/UCIXguhHCl8eDTkXpEuiGPUA,,Rake [hybrid],1,4141207,https://www.youtube.com/watch?v=FHJ4XEW_erQ
hunting+horror,Windah Basudara,20500000,https://www.youtube.com/channel/UCoIiiHof6BJ85PLuLkuxuhw,ID,Rake [hybrid]; Killing Floor 2 [b],2,3266220,https://www.youtube.com/watch?v=A61oUlclX_Y
hunting+horror,SQUEEZIE,20200000,https://www.youtube.com/channel/UCWeg2Pkate69NFdBeuRFTAw,FR,Rake [hybrid],1,6730402,https://www.youtube.com/watch?v=y3MJTi_K7-g
hunting+horror,PopularMMOs,17500000,https://www.youtube.com/channel/UCpGdL9Sn3Q5YWUH2DVUW1Ug,,Rake [hybrid],1,6796153,https://www.youtube.com/watch?v=AmGOE65UwgE
hunting+horror,Kuplinov ► Play,17300000,https://www.youtube.com/channel/UCdKuE7a2QZeHPhDntXVZ91w,,Depth [hybrid],1,3216184,https://www.youtube.com/watch?v=VDbqM1T-w7M
hunting+horror,iTownGamePlay *Terror&Diversión*,15100000,https://www.youtube.com/channel/UCKmlxQVs0vHtaLldRIQ8lsA,ES,Rake [hybrid]; Night of the Dead [hybrid],2,2786093,https://www.youtube.com/watch?v=INLh2B0-1jo
hunting+horror,Flamingo,14700000,https://www.youtube.com/channel/UCm-X6o81nRsXQTmqpyArkBQ,US,Rake [hybrid],1,7599948,https://www.youtube.com/watch?v=-caXo8AvME4
hunting+horror,H2ODelirious,13700000,https://www.youtube.com/channel/UCClNRixXlagwAd--5MwJKCw,US,Depth [hybrid]; Lethal Company [b],2,21781660,https://www.youtube.com/watch?v=knR-7AAqfnY
hunting+horror,Games EduUu,12700000,https://www.youtube.com/channel/UCYzp8-P162Em-3uZnCuGJOg,BR,Depth [hybrid]; Dying Light [b],2,7060880,https://www.youtube.com/watch?v=YOoZdj5u0TI
hunting+horror,CaseOh,11100000,https://www.youtube.com/channel/UC63anZxfVGHUEmfBAf5w7pw,US,Rake [hybrid],1,2454303,https://www.youtube.com/watch?v=v9MxlpYd7yQ
hunting+horror,FROST,9690000,https://www.youtube.com/channel/UC9diVCDUnRAB3buT1vLn4-w,RU,Depth [hybrid],1,2726624,https://www.youtube.com/watch?v=96nUOTewj4s
hunting+horror,HEARTROCKER,9680000,https://www.youtube.com/channel/UC4plRabXFGdAE6HP-tBQKdQ,TH,Night of the Dead [hybrid]; DYSMANTLE [a],2,7676825,https://www.youtube.com/watch?v=k6oWQkDkh7c
hunting+horror,Daz Games,9550000,https://www.youtube.com/channel/UCDBCCMlFD-hArPbWv38FINA,GB,Depth [hybrid],1,3259249,https://www.youtube.com/watch?v=bOvBVG_R-w4
hunting+horror,alanzoka,9290000,https://www.youtube.com/channel/UCIwspRtKNszHhIhl36gREjQ,BR,Lethal Company [b]; Depth [hybrid],2,6447220,https://www.youtube.com/watch?v=QTz3ZhnVGUA
hunting+horror,TheBrainDit,8300000,https://www.youtube.com/channel/UCFBcrywVNeUOqtJgGhPEvQg,UA,Rake [hybrid],1,4690858,https://www.youtube.com/watch?v=lryC8JmoyEE
hunting+horror,FavijTV,6740000,https://www.youtube.com/channel/UCSFC5Cio8zaLQDFPxA7y_HQ,IT,Rake [hybrid],1,3567174,https://www.youtube.com/watch?v=0cJbOjqJ1ik
hunting+horror,Kubz Scouts,6730000,https://www.youtube.com/channel/UCZBY6V8Lxmwu8gGRBOyO11w,,Rake [hybrid],1,975742,https://www.youtube.com/watch?v=pTMCfvfKM2w
hunting+horror,EugeneSagaz,5640000,https://www.youtube.com/channel/UCrd7UM5OBtB0n1zl41qwCUw,RU,Rake [hybrid],1,15796534,https://www.youtube.com/watch?v=JeE0y9i_lCs
hunting+horror,Thanks For Watching,5570000,https://www.youtube.com/channel/UCigsRUvOKCw3SJbnS_XloGw,,Depth [hybrid],1,1383717,https://www.youtube.com/watch?v=WavKjVJd0Dk
hunting+horror,GameGrumps,5450000,https://www.youtube.com/channel/UC9CuvdOVfMPvKCiwdGKL3cQ,US,Dinosaur Hunt [hybrid],1,851082,https://www.youtube.com/watch?v=WojmkBIhSbQ
hunting+horror,SpyCakes,4910000,https://www.youtube.com/channel/UC1rsLSbsz0Y2blrWDZ_-8Qw,CA,Rake [hybrid]; Dinosaur Hunt [hybrid],2,5233463,https://www.youtube.com/watch?v=uIgOK24_gp8
hunting+horror,BasicallyIDoWrk,4770000,https://www.youtube.com/channel/UCbgtuRStKI_5ACSjubSTUPA,,Depth [hybrid],1,1362886,https://www.youtube.com/watch?v=ZcfC_mysu7o
hunting+horror,Bay Riffer,4610000,https://www.youtube.com/channel/UCbOo-f3InU38IZV5tREzsNg,TH,Depth [hybrid],1,854110,https://www.youtube.com/watch?v=ATyPdc4dYCg
hunting+horror,SMii7Yplus,4550000,https://www.youtube.com/channel/UC-gW4TeZAlKm7UATp24JsWQ,CA,"Lethal Company [b]; Ranch Simulator: Build, Hunt, Farm [a]",2,102962710,https://www.youtube.com/watch?v=BVOTJEyocFk
hunting+horror,TheGamingBeaver,4310000,https://www.youtube.com/channel/UCP-iaFrmWcOG0o461wMicdg,GB,The Isle [hybrid]; Depth [hybrid],2,16272795,https://www.youtube.com/watch?v=iUiG1gcF0Ro
hunting+horror,Camodo Gaming,4090000,https://www.youtube.com/channel/UCC6ulNJ-KDoIa3VI2gcvQpA,US,Rake [hybrid],1,1081111,https://www.youtube.com/watch?v=mHmhUzMEDbQ
hunting+horror,CaRtOoNz,4050000,https://www.youtube.com/channel/UCdQWs2nw6w77Rw0t-37a4OA,US,Depth [hybrid],1,1610483,https://www.youtube.com/watch?v=_eE2CPtW2N0
hunting+horror,SovietWomble,4010000,https://www.youtube.com/channel/UCQD3awTLw9i8Xzh85FKsuJA,GB,The Isle [hybrid],1,4161000,https://www.youtube.com/watch?v=cj7JzmEf-_c
hunting+horror,Elraenn,3890000,https://www.youtube.com/channel/UC51-ljNFrvY5ZmV0C_61XcA,TR,"7 Days to Die [b]; Ranch Simulator: Build, Hunt, Farm [a]; The Isle [hybrid]; Night of the Dead [hybrid]",4,9278246,https://www.youtube.com/watch?v=uvi9KKD42Z8
hunting+horror,Gabby16bit,3530000,https://www.youtube.com/channel/UC3VEGA6pJKPsPAHyB3n5BNQ,IT,Rake [hybrid],1,943617,https://www.youtube.com/watch?v=L5WB1npzT1g
hunting+horror,LetsPlay,3480000,https://www.youtube.com/channel/UCkxctb0jr8vwa4Do6c6su0Q,US,7 Days to Die [b]; Killing Floor 2 [b]; Depth [hybrid],3,4575393,https://www.youtube.com/watch?v=W-wKryQWXVk
hunting+horror,IGP,3210000,https://www.youtube.com/channel/UCBGbTTcgn8AVEsEWdT3tI3Q,US,The Isle [hybrid],1,2069969,https://www.youtube.com/watch?v=v1wwRni9oaQ
hunting+horror,Han Kanal,2850000,https://www.youtube.com/channel/UCpcHFJwDFlrnbCw3yD-4Wzg,TR,Rake [hybrid]; Depth [hybrid],2,4080588,https://www.youtube.com/watch?v=gOyC1NAgRks
hunting+horror,Joe Bart Games,2650000,https://www.youtube.com/channel/UCeBPTBz1oRnsWsUBnKNNKNw,US,Rake [hybrid],1,3855299,https://www.youtube.com/watch?v=JrSVtb3_guQ
hunting+horror,Remainings,2570000,https://www.youtube.com/channel/UCSSfq3nNRhpV7uh0NfBYxvg,CA,Rake [hybrid],1,1009707,https://www.youtube.com/watch?v=p28Yu-XKcl4
hunting+horror,Dizowskyy,2150000,https://www.youtube.com/channel/UC7TauBBZOhtZprmPTyrgqWg,PL,Rake [hybrid],1,1002882,https://www.youtube.com/watch?v=2mDvFy55Rqw
hunting+horror,AMAAN-T,2120000,https://www.youtube.com/channel/UCdXfIAfjhU11O_sYrtWNwow,IN,Dinosaur Hunt [hybrid],1,5185506,https://www.youtube.com/watch?v=xgEIFNc9FAE
hunting+horror,Ncraft,2080000,https://www.youtube.com/channel/UC5SjVjNWrmc3qE__AIAC81g,MY,Rake [hybrid],1,3357256,https://www.youtube.com/watch?v=yCVb059ggPU
hunting+horror,Slapper,2080000,https://www.youtube.com/channel/UC8fWyZQfxhakER1VrBnMlEQ,TH,Night of the Dead [hybrid],1,144707,https://www.youtube.com/watch?v=0B0ff49UGaE
hunting+horror,Ohmwrecker / Maskedgamer,2040000,https://www.youtube.com/channel/UCURh19hEVawK-H0Wl7KnR5Q,US,Depth [hybrid],1,3091185,https://www.youtube.com/watch?v=ECqKr_fqQMg
hunting+horror,LordMinion777,1850000,https://www.youtube.com/channel/UCOTiOsMISuYcYV7aV-4z-Rw,US,Rake [hybrid],1,9932885,https://www.youtube.com/watch?v=o3cZcUoIT00
hunting+horror,iGameplay1224,1740000,https://www.youtube.com/channel/UCjL8v2oxU3xTQalGzejC5Yw,TR,Dinosaur Hunt [hybrid],1,277533,https://www.youtube.com/watch?v=IMsJhlIhVgI
hunting+horror,SergiuHellDragoonHQ,1650000,https://www.youtube.com/channel/UChUVdBih4m5GoKi-wd8pMiA,RO,Night of the Dead [hybrid],1,96919,https://www.youtube.com/watch?v=xWZUXLtPlyM
hunting+horror,MenT,1590000,https://www.youtube.com/channel/UCk-1Oa5qkBUXNKYdK95os8g,CZ,Rake [hybrid],1,1549669,https://www.youtube.com/watch?v=pWhwNWWUSMc
hunting+horror,SMART On Live Vol.2,1560000,https://www.youtube.com/channel/UCYPpP-X1VORLxGluWgIJI2g,TH,Dinosaur Hunt [hybrid],1,249081,https://www.youtube.com/watch?v=5hZuedW_VFc
hunting+horror,paulsoaresjr,1480000,https://www.youtube.com/channel/UCP6f9x4iXk3LH8Q1sqJmYPQ,US,DYSMANTLE [a]; Night of the Dead [hybrid],2,204712,https://www.youtube.com/watch?v=KTuyZB4EHwE
hunting+horror,HandOfUncut,1460000,https://www.youtube.com/channel/UCCJ-NJtqLQRxuaxHZA9q6zg,DE,The Isle [hybrid],1,2118719,https://www.youtube.com/watch?v=B1S425dXTWw
hunting+horror,Drift0r,1430000,https://www.youtube.com/channel/UCk8cNb10L5rmV9xB13ADCWA,US,Depth [hybrid],1,741359,https://www.youtube.com/watch?v=6GIRBSFpNv8
hunting+horror,ADRI GEEK,1180000,https://www.youtube.com/channel/UCrSJiAQder4Dg2rpmEaJT4w,FR,Rake [hybrid],1,1370140,https://www.youtube.com/watch?v=v2x8qlx0kXU
hunting+horror,Online Station,1150000,https://www.youtube.com/channel/UC-Oq0W8avFSSbKFsY3iHyUA,TH,Night of the Dead [hybrid],1,32614,https://www.youtube.com/watch?v=DSl869xNg_A
hunting+horror,MrSamBoost,1150000,https://www.youtube.com/channel/UCUF6vJSG51EEseAYXk2POZA,,Depth [hybrid],1,1244207,https://www.youtube.com/watch?v=roBuRyQdO_Y
hunting+horror,PanosDentGames,984000,https://www.youtube.com/channel/UCPgaR6E8Oz7LLW1um06dw6Q,GR,Depth [hybrid],1,832571,https://www.youtube.com/watch?v=Qbf94Mn_ZZw
hunting+horror,Stevebillybob,968000,https://www.youtube.com/channel/UCCViIX61Ny3g0RAxrJzXG9Q,IE,Rake [hybrid],1,1735083,https://www.youtube.com/watch?v=V1TYAxPYCK0
hunting+horror,Retro Game Corps,864000,https://www.youtube.com/channel/UCoZQiN0o7f36H7PaW4fVhFw,US,Depth [hybrid],1,2718420,https://www.youtube.com/watch?v=DeGFRB0Mor8
hunting+horror,Dr_Horse,844000,https://www.youtube.com/channel/UCo_Nm4TBp1rF0DRsWr377Ww,FR,Night of the Dead [hybrid]; DYSMANTLE [a],2,279855,https://www.youtube.com/watch?v=EctfKVEUcME
hunting+horror,Shorty Bluejova,762000,https://www.youtube.com/channel/UCbPXc445U0-9NVYaf2VZkBw,TH,Night of the Dead [hybrid],1,56719,https://www.youtube.com/watch?v=PPPHUVKS0bU
hunting+horror,Kaif,707000,https://www.youtube.com/channel/UCbnA_wQEdPWbLipG0UxTvBQ,GB,Rake [hybrid],1,1007689,https://www.youtube.com/watch?v=vy_7D5qxcNU
hunting+horror,GitarisTv,630000,https://www.youtube.com/channel/UCWIhR0c9M6i5bT7v_1UMh7Q,TR,Rake [hybrid],1,1073617,https://www.youtube.com/watch?v=hHTVFhzPHCQ
hunting+horror,Whitelight,564000,https://www.youtube.com/channel/UCVWhVAZwCdQsPZL-mDLcxPQ,GB,Depth [hybrid],1,2466838,https://www.youtube.com/watch?v=KSO0NDMFpyU
hunting+horror,iamSometimes,522000,https://www.youtube.com/channel/UCqA48zxQgGz1AfON-wrn5BA,TH,Night of the Dead [hybrid],1,249066,https://www.youtube.com/watch?v=x7pmswg-fvs
hunting+horror,Kage848,514000,https://www.youtube.com/channel/UCY6c18sccqyFL6PS5KVpicw,,Night of the Dead [hybrid],1,159203,https://www.youtube.com/watch?v=zQoKrxvO-iU
hunting+horror,Andarilho,489000,https://www.youtube.com/channel/UCBUPPrMmr9TIhEo849cQm-w,BR,Night of the Dead [hybrid],1,34620,https://www.youtube.com/watch?v=XhyY7Md1rVw
hunting+horror,Yippee Ki Yay Mr Falcon,486000,https://www.youtube.com/channel/UCZrJyW0Tmdr_MzyimLll5Ag,US,Night of the Dead [hybrid],1,27864,https://www.youtube.com/watch?v=8B6L-knGLvo
hunting+horror,yellowtones,470000,https://www.youtube.com/channel/UC3tmXDWkX9j59WNRJ519Gxw,GB,The Isle [hybrid],1,5412522,https://www.youtube.com/watch?v=7-laTQ4Qycc
hunting+horror,Mortify,456000,https://www.youtube.com/channel/UCKNfGXkC29dPVcF6QfNRDtQ,US,Rake [hybrid],1,5859696,https://www.youtube.com/watch?v=kb9l3uFfCz4
hunting+horror,SD ANIMATOR,436000,https://www.youtube.com/channel/UCjIctE36xq0SPJoeR8LO5kA,PH,Rake [hybrid],1,2844891,https://www.youtube.com/watch?v=0Bf2JDYmKpw
hunting+horror,Final Fantasy Union,386000,https://www.youtube.com/channel/UCJUSr7xT6mgyz0Xj2rMD5CA,GB,Depth [hybrid],1,865644,https://www.youtube.com/watch?v=RqK3M24hLA0
hunting+horror,NeverKnowsBest,375000,https://www.youtube.com/channel/UC1fKT0wuhchtclPqpdWEnHw,,Depth [hybrid],1,3131070,https://www.youtube.com/watch?v=8Ca0vqiSPiw
hunting+horror,Cornelius,325000,https://www.youtube.com/channel/UCsNqARlZk9nv40opnPpVwrw,DE,7 Days to Die [b]; Night of the Dead [hybrid],2,3738930,https://www.youtube.com/watch?v=KlgBw8Y4joI
hunting+horror,Extra Credits,305000,https://www.youtube.com/channel/UCVzt0Ltq6VNKRqRMrry3OIA,US,Depth [hybrid],1,713521,https://www.youtube.com/watch?v=jVL4st0blGU
hunting+horror,Sero,264000,https://www.youtube.com/channel/UCAD-CLEVoQZjcMjJz7ozYsQ,US,Depth [hybrid],1,3235125,https://www.youtube.com/watch?v=NDIY4sBFyNo
hunting+horror,Ray Dhimitri,258000,https://www.youtube.com/channel/UCVY5WsnGa21NVDG70-g6kEw,US,Depth [hybrid],1,2736381,https://www.youtube.com/watch?v=PhaHcIchIY4
hunting+horror,SilokHawk,218000,https://www.youtube.com/channel/UCSP2KdysMu9MyzxRjXEGv_g,US,Depth [hybrid],1,2169438,https://www.youtube.com/watch?v=ClQgxTgIQNk
hunting+horror,Mr Gibbon,211000,https://www.youtube.com/channel/UCdeRazQb-i9_DSUXyRwajcA,IE,The Isle [hybrid],1,15548146,https://www.youtube.com/watch?v=tXUFnajsx7A
hunting+horror,Brian Menard,185000,https://www.youtube.com/channel/UC3t5CYZMhhOl0_8ATxCBrkg,US,Night of the Dead [hybrid],1,25490,https://www.youtube.com/watch?v=Uab9RDxikXM
hunting+horror,Tanny,180000,https://www.youtube.com/channel/UCzKqhLqFgxX49sQdkJBrM1Q,TH,Night of the Dead [hybrid],1,193300,https://www.youtube.com/watch?v=bGnESZxzuSQ
hunting+horror,FutileSummer ,166000,https://www.youtube.com/channel/UCFKvr5NPb0xK0W5oPrLAJnA,,The Isle [hybrid],1,6726076,https://www.youtube.com/watch?v=t8kGaRw-zbQ
hunting+horror,Challacade,162000,https://www.youtube.com/channel/UCeiV3e6Zhppi-oOSfiZo_nA,US,Depth [hybrid],1,2792819,https://www.youtube.com/watch?v=EBZt_2NQwp0
hunting+horror,Boschmerchant,134000,https://www.youtube.com/channel/UCnma02Iu2iit5tVxKmOrzXg,IE,The Isle [hybrid],1,28635297,https://www.youtube.com/watch?v=NQ5_UnTplKs
hunting+horror,CrypticFox,133000,https://www.youtube.com/channel/UCqW50WJnFgyc3uh3lBst_Sg,CA,Night of the Dead [hybrid],1,55851,https://www.youtube.com/watch?v=vHuwE-9_fTc
hunting+horror,Chú 9 Gaming,131000,https://www.youtube.com/channel/UCdMiwii9p3yb7k6ncPjgfOA,VN,The Isle [hybrid],1,1970942,https://www.youtube.com/watch?v=hED_Uml-k1I
hunting+horror,scrumpy,130000,https://www.youtube.com/channel/UCZ-GmmYFkLbxvpyDR7fU__Q,US,Depth [hybrid],1,1631039,https://www.youtube.com/watch?v=8PILbqZqaS4
hunting+horror,Zenny,121000,https://www.youtube.com/channel/UC98CG4NL_KRefSKmPeelc9g,AU,The Isle [hybrid],1,1293530,https://www.youtube.com/watch?v=NQ2b01yemCY
hunting+horror,FourEyes,86500,https://www.youtube.com/channel/UCHvbk5tEF_v1Gy59c6Kty1g,GB,Depth [hybrid],1,908432,https://www.youtube.com/watch?v=tSG-H12E-Bw
hunting+horror,Best Dino Games & Animal Games,83400,https://www.youtube.com/channel/UC9EYldgBLKw3EqnSk95Q37w,BR,Dinosaur Hunt [hybrid],1,1379078,https://www.youtube.com/watch?v=DccGRJZeUEs
hunting+horror,Only Top Games,49200,https://www.youtube.com/channel/UCheJvizxLKUpel6IqrWslNg,UA,Night of the Dead [hybrid],1,133113,https://www.youtube.com/watch?v=zg1mUXE2Fl4
hunting+horror,Lobo Dino Games,47800,https://www.youtube.com/channel/UCDLO6_svGwXFPLD4xx_BA7A,,The Isle [hybrid],1,22427621,https://www.youtube.com/watch?v=-rsmZbmBGZE
hunting+horror,Cobbobles,45000,https://www.youtube.com/channel/UCX5s78xk9U1jBen1UaB-NRg,US,The Isle [hybrid],1,7082572,https://www.youtube.com/watch?v=CmK4GwUf4Jo
hunting+horror,Rush Bunny XD,36000,https://www.youtube.com/channel/UCQLf0DM316uAgbQ20iq4H6A,US,Rake [hybrid],1,1030300,https://www.youtube.com/watch?v=P5YChFfUKNE
hunting+horror,Mamivss,34200,https://www.youtube.com/channel/UCdRYy3GcOUT4qSW0wLokh1g,TR,The Isle [hybrid],1,9845586,https://www.youtube.com/watch?v=dXnJbzQkhCw
hunting+horror,Zuldim,25900,https://www.youtube.com/channel/UCcvF79bG3jBlRNl-hAeiZrw,,Depth [hybrid],1,1790659,https://www.youtube.com/watch?v=gjR8699kRqQ
hunting+horror,Poutine Italienne,25700,https://www.youtube.com/channel/UCyKnDTUHrz_r4kdjkPDlvbA,DE,The Isle [hybrid],1,7988660,https://www.youtube.com/watch?v=ERiOPAkqzNo
hunting+horror,Zunda-Moon,20400,https://www.youtube.com/channel/UC-JFdXK--gqyRhlKS5994Yw,,Night of the Dead [hybrid],1,135681,https://www.youtube.com/watch?v=ViV5qVRkk4k
hunting+horror,ほんだぽくてのクラフトサバイバルゲーム攻略,15300,https://www.youtube.com/channel/UC7tsxhSgwvv7tXk1nrw1EBg,JP,Night of the Dead [hybrid],1,47429,https://www.youtube.com/watch?v=9W9bVXn62Y4
hunting+horror,KARASU,15100,https://www.youtube.com/channel/UCXbSOAUF1b1qCzz5kYNebxA,,The Isle [hybrid],1,6135202,https://www.youtube.com/watch?v=JFOuWIW3zdU
hunting+horror,DasReas,7810,https://www.youtube.com/channel/UC3fHYO0MiW14a1MWgQiLCIQ,DE,The Isle [hybrid],1,3191995,https://www.youtube.com/watch?v=QkfjF8-aSEw
hunting+horror,Dylanlenub,7140,https://www.youtube.com/channel/UCQqsTbeRLsiS5SRgKOluXDA,US,Rake [hybrid],1,1572358,https://www.youtube.com/watch?v=v5q2q89ylxk
hunting+horror,Senpai,7090,https://www.youtube.com/channel/UC6IoR2IR9xt4HsTr1Pki1DQ,,The Isle [hybrid],1,4793238,https://www.youtube.com/watch?v=eywhbAVUVVs
hunting+horror,SG,6380,https://www.youtube.com/channel/UC6y8odCwrbbnr-XOtEO40rg,US,Dinosaur Hunt [hybrid],1,269450,https://www.youtube.com/watch?v=VDyyerVTeYk
hunting+horror,Golden Reels,6100,https://www.youtube.com/channel/UCchc7LKPkpiGG0iY9YwqMDw,CA,Dinosaur Hunt [hybrid],1,146231,https://www.youtube.com/watch?v=iqjrw8Naxsg
hunting+horror,top gaming z,3840,https://www.youtube.com/channel/UCS1iJ7FXYqJRWSpKSDRZmRA,IN,Dinosaur Hunt [hybrid],1,673842,https://www.youtube.com/watch?v=iunJbmGGVB8
hunting+horror,Ethangames2012,3360,https://www.youtube.com/channel/UCkmDkND1I-hqsdJ4Y3nI65g,,The Isle [hybrid],1,4720175,https://www.youtube.com/watch?v=5J2uD-p_UWk
hunting+horror,Bee Electricity,1990,https://www.youtube.com/channel/UCltyQgCpv0wN60WQWQYfZ4Q,,Night of the Dead [hybrid],1,60664,https://www.youtube.com/watch?v=mxn1sOLgNcE
hunting+horror,Baron Tormunda,1870,https://www.youtube.com/channel/UCQwiq7H18P59gSd4AednqLg,GB,Night of the Dead [hybrid],1,60895,https://www.youtube.com/watch?v=xvEWviF6yTs
hunting+horror,GEORGE KAGIOULIS,124,https://www.youtube.com/channel/UCIOTSVkAmZPD0SrQTq1lZfw,,Night of the Dead [hybrid],1,72809,https://www.youtube.com/watch?v=PXt9kgKCwaM
