group,appid,name,people,pct_of_group,pct_of_controls,lift_vs_controls,elements
dog+extraction,4623570,Deskrawl: Idle ARPG,16,13.4,0.16,83.23,
dog+extraction,3319700,新世界：暗影成双,14,11.8,0.16,72.82,
dog+extraction,4292950,Shao Song I,14,11.8,0.16,72.82,
dog+extraction,3749320,Hua Manlou,13,10.9,0.16,67.62,
dog+extraction,3947460,Creator Chronicles,12,10.1,0.16,62.42,
dog+extraction,3561220,Pass the Fear,11,9.2,0.32,28.61,рогалик
dog+extraction,4699920,Inner Scales 1:Choice,11,9.2,0.32,28.61,
dog+extraction,1733690,Mandate Order,11,9.2,0.0,,
dog+extraction,4753760,Your Fiancée,11,9.2,0.0,,
dog+extraction,3702540,Between Adventures IDLE,11,9.2,0.0,,
dog+extraction,4315040,Hearth and Hamlet,10,8.4,0.16,52.02,
dog+extraction,4753960,Meow Squad: Incremental Fishing,10,8.4,0.32,26.01,
dog+extraction,3908250,CREATION OF THE GODS: Rebellion at Five Passes,10,8.4,0.16,52.02,
dog+extraction,4859270,Dark Bone Prison,10,8.4,0.16,52.02,рогалик
dog+extraction,1623730,Palworld,8,6.7,5.01,1.34,
dog+extraction,3321460,Crimson Desert Enhanced,8,6.7,1.94,3.47,
dog+extraction,4148240,Road to Empress Ⅱ,8,6.7,0.16,41.61,
dog+extraction,4249850,E-Shop Tycoon,8,6.7,0.0,,
dog+extraction,4030150,The Legend of Fancy Realm Remake,8,6.7,0.32,20.81,
dog+extraction,4240610,Code Velocity,8,6.7,0.16,41.61,
dog+extraction,4125770,大侠狂想曲,8,6.7,0.0,,
dog+extraction,3905450,WheelMates,7,5.9,0.0,,
dog+extraction,1245620,ELDEN RING,7,5.9,5.17,1.14,
dog+extraction,686060,Mewgenics,7,5.9,1.13,5.2,"хоррор, рогалик"
dog+extraction,1962700,Subnautica 2,7,5.9,1.45,4.05,хоррор
dog+extraction,3375110,Tiny Eden,7,5.9,0.0,,
dog+extraction,3144860,WILL: Follow The Light,7,5.9,0.16,36.41,
dog+extraction,4533800,Horny: Zero Moan 🔞🦕,7,5.9,0.0,,
dog+extraction,4428340,WheelMates - Friend's Pass,7,5.9,0.0,,
dog+extraction,3426430,LOVE Hotel Simulator 🏩,7,5.9,0.0,,
dog+extraction,4491210,FUTA FIGHT & FUCK 🥊,7,5.9,0.0,,
dog+extraction,4719730,Giant Waifu Wash Simulator 💦,7,5.9,0.0,,
dog+extraction,4450550,Femboy Next Door 🔞🚪,7,5.9,0.0,,
dog+extraction,3041230,Windrose,7,5.9,0.97,6.07,
dog+extraction,4532550,Keep Her Safe,7,5.9,0.32,18.21,
dog+extraction,3946110,Fracture Field,7,5.9,0.0,,
dog+extraction,1304930,The Outlast Trials,7,5.9,2.26,2.6,хоррор
dog+extraction,2126190,Rue Valley,7,5.9,0.16,36.41,
dog+extraction,4354460,Survivor's Notes,7,5.9,0.32,18.21,хоррор
dog+extraction,4108460,PatriotMemoirs,7,5.9,0.32,18.21,
dog+extraction,4289410,BuGarden,7,5.9,0.0,,
dog+extraction,230410,Warframe,6,5.0,3.23,1.56,
dog+extraction,3241660,R.E.P.O.,6,5.0,4.68,1.08,"хоррор, рогалик, френдслоп"
dog+extraction,2246340,Monster Hunter Wilds,6,5.0,2.58,1.95,охота
dog+extraction,550,Left 4 Dead 2,6,5.0,3.88,1.3,хоррор
dog+extraction,3167020,Escape From Duckov,6,5.0,1.94,2.6,"рогалик, экстракшн"
dog+extraction,1903340,Clair Obscur: Expedition 33,6,5.0,2.26,2.23,
dog+extraction,2712590,Dragon Shelter,6,5.0,0.0,,
dog+extraction,4235410,Future Knight,6,5.0,0.0,,
dog+extraction,4518040,Goblins Stole My Panties 👙,6,5.0,0.0,,
dog+extraction,4588700,Monster Girls: You Can't Say No 🔞,6,5.0,0.0,,
dog+extraction,3920160,SEXNATURAL: MILFs Must Be Filled 😈💦,6,5.0,0.0,,хоррор
dog+extraction,4657570,SEXOPHOBIA 🔞,6,5.0,0.0,,хоррор
dog+extraction,4657580,Lewd Dungeon Manager 🔞,6,5.0,0.0,,
dog+extraction,4602300,"Next Girl, Please 🎬",6,5.0,0.0,,
dog+extraction,4657600,ONLY FARMS 🍑,6,5.0,0.0,,
dog+extraction,3091140,Lootbound,6,5.0,0.0,,рогалик
dog+extraction,4375110,Tropical Lust,6,5.0,0.16,31.21,
dog+extraction,4227400,Sineus Arena Survivors,6,5.0,0.0,,рогалик
dog+extraction,4997080,Big Tiddy Goth Baddie🖤⛓️,6,5.0,0.0,,
dog+extraction,4533730,Yokai: Lust Secret 🪭,6,5.0,0.0,,
dog+extraction,4761320,MEGABOOBS 🔞,6,5.0,0.0,,рогалик
dog+extraction,4280570,SharedScreen Wagons 2,6,5.0,0.0,,
dog+extraction,3405340,Megabonk,6,5.0,0.97,5.2,рогалик
dog+extraction,1030300,Hollow Knight: Silksong,6,5.0,2.26,2.23,
dog+extraction,553850,HELLDIVERS™ 2,6,5.0,8.4,0.6,"хоррор, экстракшн, френдслоп"
dog+extraction,3484940,Curse of Pirates,6,5.0,0.0,,рогалик
dog+extraction,4280130,"SEX, SIN & ROCK'N'ROLL 🤘🎸",6,5.0,0.0,,
dog+extraction,3391510,Island Market Simulator,6,5.0,0.0,,
dog+extraction,1425000,Endless Alice,6,5.0,0.16,31.21,рогалик
dog+extraction,2774390,侠落：百花杀尽,6,5.0,0.0,,
dog+extraction,2124120,SULFUR,6,5.0,0.65,7.8,"рогалик, экстракшн"
dog+extraction,4821420,King of Jade: Stone Tycoon,6,5.0,0.16,31.21,
dog+extraction,4134650,Bones and Coins,6,5.0,0.0,,
dog+extraction,4289150,Can Your Otaku Cabinet Grow a Beautiful Girl?,6,5.0,0.0,,рогалик
dog+extraction,4364730,IGTAP: an Incremental Game That's Also a Platformer,6,5.0,0.0,,
dog+extraction,3561740,Detective Sherlock: Shadow Stalker,5,4.2,0.0,,
dog+extraction,427410,Abiotic Factor,5,4.2,0.65,6.5,
dog+extraction,1808500,ARC Raiders,5,4.2,4.2,1.0,экстракшн
dog+extraction,1145350,Hades II,5,4.2,1.78,2.36,рогалик
dog+extraction,1361210,"Warhammer 40,000: Darktide",5,4.2,1.94,2.17,хоррор
dog+extraction,397540,Borderlands 3,5,4.2,1.94,2.17,френдслоп
dog+extraction,1766060,HumanitZ,5,4.2,0.65,6.5,хоррор
dog+extraction,3426440,LOVE SHOP Simulator 💕🛒,5,4.2,0.0,,
dog+extraction,2646720,Dead Weight,5,4.2,0.16,26.01,рогалик
dog+extraction,3265700,Vampire Crawlers: The Turbo Wildcard from Vampire Survivors,5,4.2,0.81,5.2,рогалик
dog+extraction,2139460,Once Human,5,4.2,1.62,2.6,
dog+extraction,1963610,Road to Vostok,5,4.2,0.32,13.0,экстракшн
dog+extraction,1145360,Hades,5,4.2,1.29,3.25,рогалик
dog+extraction,264710,Subnautica,5,4.2,2.75,1.53,хоррор
dog+extraction,3065800,Marathon,5,4.2,0.97,4.33,"хоррор, экстракшн"
dog+extraction,2074920,The First Descendant,5,4.2,0.81,5.2,
dog+extraction,2183900,"Warhammer 40,000: Space Marine 2",5,4.2,2.58,1.63,
dog+extraction,3314790,CloverPit,5,4.2,0.48,8.67,"хоррор, рогалик"
dog+extraction,2461440,Bylina,5,4.2,0.0,,
dog+extraction,2861590,Machine Mind,5,4.2,0.0,,
dog+extraction,3920190,SEX Guild Simulator ⚔️🔞,5,4.2,0.0,,
dog+extraction,4268610,Isekai Sex Kingdom 👑,5,4.2,0.0,,
dog+extraction,4224460,SCP-3008: Infinite Store,5,4.2,0.0,,хоррор
dog+extraction,4280140,Femboy Futa Mania 🌶️,5,4.2,0.0,,
dog+extraction,4011110,Pirate Ships,5,4.2,0.0,,рогалик
dog+extraction,2050650,Resident Evil 4,5,4.2,3.39,1.24,хоррор
dog+extraction,3282300,Mistfall Hunter,5,4.2,0.97,4.33,экстракшн
dog+extraction,2253100,Everwind,5,4.2,0.16,26.01,
dog+extraction,2651410,The Endless Abyss: A Busty Cop’s Corrupted Soul,5,4.2,0.16,26.01,
dog+extraction,4380490,Cat Mail Co.,5,4.2,0.16,26.01,френдслоп
dog+extraction,3967820,Push Push,5,4.2,0.16,26.01,
dog+extraction,4228690,Black Gold - Shining Town,5,4.2,0.0,,
dog+extraction,3008130,Dying Light: The Beast,5,4.2,1.45,2.89,хоррор
dog+extraction,1149460,ICARUS,5,4.2,1.29,3.25,
dog+extraction,599140,Graveyard Keeper,5,4.2,1.13,3.72,
dog+extraction,4001890,How to Fish,5,4.2,0.97,4.33,"хоррор, френдслоп"
dog+extraction,5206420,Big Sister,5,4.2,0.0,,
dog+extraction,2873060,The Bell Echoes,5,4.2,0.32,13.0,рогалик
dog+extraction,2479090,Prelude Dark Pain,5,4.2,0.32,13.0,
dog+extraction,3116700,Reap and Rush,5,4.2,0.0,,"хоррор, рогалик"
dog+extraction,1450900,Desynced,5,4.2,0.0,,
dog+friendslop,553850,HELLDIVERS™ 2,14,11.7,8.4,1.39,"хоррор, экстракшн, френдслоп"
dog+friendslop,3241660,R.E.P.O.,12,10.0,4.68,2.13,"хоррор, рогалик, френдслоп"
dog+friendslop,2767030,Marvel Rivals,11,9.2,2.1,4.36,хоррор
dog+friendslop,4704690,MECCHA CHAMELEON,10,8.3,1.13,7.37,френдслоп
dog+friendslop,1245620,ELDEN RING,9,7.5,5.17,1.45,
dog+friendslop,548430,Deep Rock Galactic,9,7.5,3.07,2.44,"хоррор, рогалик"
dog+friendslop,4197610,Librarian: Tidy Up the Arcane Library!,9,7.5,0.16,46.42,
dog+friendslop,3527290,PEAK,9,7.5,2.75,2.73,"хоррор, рогалик, френдслоп"
dog+friendslop,1326470,Sons Of The Forest,8,6.7,3.23,2.06,хоррор
dog+friendslop,1623730,Palworld,8,6.7,5.01,1.33,
dog+friendslop,739630,Phasmophobia,8,6.7,5.33,1.25,хоррор
dog+friendslop,730,Counter-Strike 2,7,5.8,11.31,0.52,
dog+friendslop,1086940,Baldur's Gate 3,7,5.8,5.82,1.0,
dog+friendslop,381210,Dead by Daylight,7,5.8,3.39,1.72,"хоррор, френдслоп"
dog+friendslop,1085660,Destiny 2,6,5.0,2.75,1.82,
dog+friendslop,1030300,Hollow Knight: Silksong,6,5.0,2.26,2.21,
dog+friendslop,1222140,Detroit: Become Human,6,5.0,1.94,2.58,хоррор
dog+friendslop,2357570,Overwatch®,6,5.0,2.26,2.21,
dog+friendslop,1335790,Operation: Tango,6,5.0,0.0,,
dog+friendslop,359550,Tom Clancy's Rainbow Six Siege,6,5.0,5.33,0.94,
dog+friendslop,1966720,Lethal Company,6,5.0,3.72,1.35,"хоррор, френдслоп"
dog+friendslop,3164500,Schedule I,6,5.0,3.07,1.63,
dog+friendslop,1430190,Killing Floor 3,6,5.0,1.45,3.44,хоррор
dog+friendslop,1172470,Apex Legends™,6,5.0,3.07,1.63,
dog+friendslop,219150,Hotline Miami,6,5.0,0.81,6.19,
dog+friendslop,1196590,Resident Evil Village,6,5.0,1.94,2.58,хоррор
dog+friendslop,242760,The Forest,6,5.0,3.88,1.29,хоррор
dog+friendslop,648800,Raft,6,5.0,1.45,3.44,
dog+friendslop,632360,Risk of Rain 2,5,4.2,2.1,1.98,рогалик
dog+friendslop,2183900,"Warhammer 40,000: Space Marine 2",5,4.2,2.58,1.61,
dog+friendslop,2807960,Battlefield™ 6,5,4.2,2.75,1.52,
dog+friendslop,945360,Among Us,5,4.2,4.36,0.96,френдслоп
dog+friendslop,268910,Cuphead,5,4.2,0.97,4.3,
dog+friendslop,990080,Hogwarts Legacy,5,4.2,1.78,2.34,
dog+friendslop,1144200,Ready or Not,5,4.2,2.42,1.72,хоррор
dog+friendslop,962130,Grounded,5,4.2,1.13,3.68,"хоррор, френдслоп"
dog+friendslop,3405340,Megabonk,5,4.2,0.97,4.3,рогалик
dog+friendslop,2943650,FragPunk,5,4.2,0.65,6.45,
dog+friendslop,1091500,Cyberpunk 2077,5,4.2,4.85,0.86,
dog+friendslop,21690,Resident Evil 5,5,4.2,0.65,6.45,хоррор
dog+friendslop,379720,DOOM,5,4.2,0.65,6.45,хоррор
dog+friendslop,782330,DOOM Eternal,5,4.2,1.62,2.58,хоррор
dog+friendslop,2379780,Balatro,5,4.2,2.42,1.72,рогалик
dog+friendslop,4025700,Heartopia,5,4.2,0.16,25.79,
dog+friendslop,2592160,Dispatch,5,4.2,2.42,1.72,
dog+friendslop,1458140,Pacific Drive,5,4.2,1.13,3.68,хоррор
dog+friendslop,1887840,Another Crab's Treasure,5,4.2,0.16,25.79,
dog+friendslop,2670630,Supermarket Simulator,5,4.2,0.65,6.45,
dog+friendslop,2835570,Buckshot Roulette,5,4.2,1.94,2.15,"хоррор, рогалик"
dog+friendslop,3146520,WEBFISHING,5,4.2,0.81,5.16,
dog+friendslop,438100,VRChat,5,4.2,2.26,1.84,хоррор
dog+friendslop,3590,Plants vs. Zombies GOTY Edition,5,4.2,0.65,6.45,
dog+friendslop,960090,Bloons TD 6,5,4.2,2.42,1.72,френдслоп
dog+friendslop,365670,Blender,5,4.2,0.32,12.9,хоррор
dog+friendslop,1943950,Escape the Backrooms,5,4.2,0.65,6.45,хоррор
dog+friendslop,1304930,The Outlast Trials,5,4.2,2.26,1.84,хоррор
dog+friendslop,848450,Subnautica: Below Zero,5,4.2,0.97,4.3,хоррор
dog+horror,3241660,R.E.P.O.,11,9.2,4.68,1.97,"хоррор, рогалик, френдслоп"
dog+horror,3527290,PEAK,10,8.4,2.75,3.06,"хоррор, рогалик, френдслоп"
dog+horror,1966720,Lethal Company,8,6.7,3.72,1.81,"хоррор, френдслоп"
dog+horror,2653790,The Exit 8,7,5.9,0.48,12.14,хоррор
dog+horror,548430,Deep Rock Galactic,7,5.9,3.07,1.92,"хоррор, рогалик"
dog+horror,1681430,RoboCop: Rogue City,7,5.9,0.48,12.14,
dog+horror,3164500,Schedule I,7,5.9,3.07,1.92,
dog+horror,1326470,Sons Of The Forest,7,5.9,3.23,1.82,хоррор
dog+horror,1091500,Cyberpunk 2077,7,5.9,4.85,1.21,
dog+horror,105600,Terraria,7,5.9,5.33,1.1,
dog+horror,1623730,Palworld,7,5.9,5.01,1.17,
dog+horror,553850,HELLDIVERS™ 2,6,5.0,8.4,0.6,"хоррор, экстракшн, френдслоп"
dog+horror,990080,Hogwarts Legacy,6,5.0,1.78,2.84,
dog+horror,2246340,Monster Hunter Wilds,6,5.0,2.58,1.95,охота
dog+horror,460930,Tom Clancy's Ghost Recon® Wildlands,6,5.0,0.81,6.24,
dog+horror,892970,Valheim,6,5.0,4.85,1.04,
dog+horror,2592160,Dispatch,6,5.0,2.42,2.08,
dog+horror,2767030,Marvel Rivals,6,5.0,2.1,2.4,хоррор
dog+horror,381210,Dead by Daylight,6,5.0,3.39,1.49,"хоррор, френдслоп"
dog+horror,4704690,MECCHA CHAMELEON,6,5.0,1.13,4.46,френдслоп
dog+horror,3282300,Mistfall Hunter,6,5.0,0.97,5.2,экстракшн
dog+horror,4148240,Road to Empress Ⅱ,6,5.0,0.16,31.21,
dog+horror,526870,Satisfactory,6,5.0,1.29,3.9,
dog+horror,550,Left 4 Dead 2,6,5.0,3.88,1.3,хоррор
dog+horror,1634080,Nocturnal,6,5.0,0.16,31.21,
dog+horror,3357650,PRAGMATA,6,5.0,0.97,5.2,
dog+horror,730,Counter-Strike 2,6,5.0,11.31,0.45,
dog+horror,4292950,Shao Song I,6,5.0,0.16,31.21,
dog+horror,2218460,Bunny Guys!,6,5.0,0.16,31.21,
dog+horror,3764200,Resident Evil Requiem,5,4.2,3.23,1.3,хоррор
dog+horror,489830,The Elder Scrolls V: Skyrim Special Edition,5,4.2,2.1,2.0,
dog+horror,1371980,No Rest for the Wicked,5,4.2,1.45,2.89,
dog+horror,3948120,Scritchy Scratchy,5,4.2,0.65,6.5,рогалик
dog+horror,4197610,Librarian: Tidy Up the Arcane Library!,5,4.2,0.16,26.01,
dog+horror,242760,The Forest,5,4.2,3.88,1.08,хоррор
dog+horror,362890,Black Mesa,5,4.2,1.62,2.6,хоррор
dog+horror,620,Portal 2,5,4.2,2.75,1.53,
dog+horror,2881650,Content Warning,5,4.2,2.42,1.73,"хоррор, рогалик, френдслоп"
dog+horror,1426210,It Takes Two,5,4.2,2.42,1.73,
dog+horror,48000,LIMBO,5,4.2,0.32,13.0,хоррор
dog+horror,400,Portal,5,4.2,1.13,3.72,
dog+horror,582500,We Were Here,5,4.2,0.48,8.67,хоррор
dog+horror,367520,Hollow Knight,5,4.2,2.75,1.53,
dog+horror,3534240,Uncanny Tales: Cold Road,5,4.2,0.0,,хоррор
dog+horror,3749320,Hua Manlou,5,4.2,0.16,26.01,
dog+horror,1134700,Wild Terra 2: New Lands,5,4.2,0.32,13.0,
dog+horror,4000,Garry's Mod,5,4.2,5.65,0.74,френдслоп
dog+horror,3587490,Terrors to Unveil - Day Off,5,4.2,0.0,,хоррор
dog+horror,645630,Car Mechanic Simulator 2018,5,4.2,0.48,8.67,
dog+horror,3513600,Scarlet Idol,5,4.2,0.16,26.01,хоррор
dog+hunting,1962700,Subnautica 2,7,5.8,1.45,4.01,хоррор
dog+hunting,4126040,Aniimo,7,5.8,0.32,18.05,
dog+hunting,413150,Stardew Valley,7,5.8,5.82,1.0,
dog+hunting,3041230,Windrose,6,5.0,0.97,5.16,
dog+hunting,3321460,Crimson Desert Enhanced,6,5.0,1.94,2.58,
dog+hunting,1681430,RoboCop: Rogue City,6,5.0,0.48,10.32,
dog+hunting,990080,Hogwarts Legacy,6,5.0,1.78,2.81,
dog+hunting,1172620,Sea of Thieves: 2026 Edition,6,5.0,2.1,2.38,
dog+hunting,3862670,Shelldiver,6,5.0,0.81,6.19,
dog+hunting,1245620,ELDEN RING,6,5.0,5.17,0.97,
dog+hunting,1623730,Palworld,6,5.0,5.01,1.0,
dog+hunting,1966720,Lethal Company,6,5.0,3.72,1.35,"хоррор, френдслоп"
dog+hunting,1326470,Sons Of The Forest,6,5.0,3.23,1.55,хоррор
dog+hunting,648800,Raft,6,5.0,1.45,3.44,
dog+hunting,1119730,"Ranch Simulator: Build, Hunt, Farm",5,4.2,0.65,6.45,охота
dog+hunting,1203620,Enshrouded,5,4.2,1.45,2.87,
dog+hunting,2062430,BALL x PIT,5,4.2,0.81,5.16,рогалик
dog+hunting,553850,HELLDIVERS™ 2,5,4.2,8.4,0.5,"хоррор, экстракшн, френдслоп"
dog+hunting,815370,Green Hell,5,4.2,0.81,5.16,хоррор
dog+hunting,599140,Graveyard Keeper,5,4.2,1.13,3.68,
dog+hunting,2683150,Ale & Tale Tavern,5,4.2,0.16,25.79,френдслоп
dog+hunting,2139460,Once Human,5,4.2,1.62,2.58,
dog+hunting,3527290,PEAK,5,4.2,2.75,1.52,"хоррор, рогалик, френдслоп"
dog+hunting,381210,Dead by Daylight,5,4.2,3.39,1.23,"хоррор, френдслоп"
dog+hunting,1433340,Happy's Humble Burger Farm,5,4.2,0.0,,хоррор
dog+hunting,1237970,Titanfall® 2,5,4.2,1.29,3.22,
dog+hunting,1174180,Red Dead Redemption 2,5,4.2,3.23,1.29,
dog+hunting,730,Counter-Strike 2,5,4.2,11.31,0.37,
dog+hunting,1562430,DREDGE,5,4.2,0.97,4.3,хоррор
dog+hunting,738520,Breathedge,5,4.2,0.32,12.9,
dog+roguelite,3527290,PEAK,11,9.2,2.75,3.37,"хоррор, рогалик, френдслоп"
dog+roguelite,2868840,Slay the Spire 2,11,9.2,2.42,3.81,рогалик
dog+roguelite,4001890,How to Fish,8,6.7,0.97,6.94,"хоррор, френдслоп"
dog+roguelite,4047270,Orc Incremental,7,5.9,0.0,,
dog+roguelite,4157430,Diggin,7,5.9,0.16,36.41,
dog+roguelite,3561220,Pass the Fear,7,5.9,0.32,18.21,рогалик
dog+roguelite,730,Counter-Strike 2,7,5.9,11.31,0.52,
dog+roguelite,2835570,Buckshot Roulette,7,5.9,1.94,3.03,"хоррор, рогалик"
dog+roguelite,4073860,Sludgineers,6,5.0,0.16,31.21,
dog+roguelite,1289310,Helltaker,6,5.0,0.65,7.8,
dog+roguelite,438100,VRChat,6,5.0,2.26,2.23,хоррор
dog+roguelite,105600,Terraria,6,5.0,5.33,0.95,
dog+roguelite,4000,Garry's Mod,6,5.0,5.65,0.89,френдслоп
dog+roguelite,1794680,Vampire Survivors,6,5.0,2.58,1.95,рогалик
dog+roguelite,271590,Grand Theft Auto V Legacy,6,5.0,5.49,0.92,
dog+roguelite,3124540,Far Far West,5,4.2,0.81,5.2,"экстракшн, френдслоп"
dog+roguelite,686060,Mewgenics,5,4.2,1.13,3.72,"хоррор, рогалик"
dog+roguelite,250900,The Binding of Isaac: Rebirth,5,4.2,3.55,1.18,"хоррор, рогалик"
dog+roguelite,1808500,ARC Raiders,5,4.2,4.2,1.0,экстракшн
dog+roguelite,1757300,Jump Space,5,4.2,0.65,6.5,рогалик
dog+roguelite,2103140,Magicraft,5,4.2,0.16,26.01,рогалик
dog+roguelite,1671210,DELTARUNE,5,4.2,0.97,4.33,
dog+roguelite,4126040,Aniimo,5,4.2,0.32,13.0,
dog+roguelite,3321460,Crimson Desert Enhanced,5,4.2,1.94,2.17,
dog+roguelite,1623730,Palworld,5,4.2,5.01,0.84,
dog+roguelite,1966720,Lethal Company,5,4.2,3.72,1.13,"хоррор, френдслоп"
dog+roguelite,4380490,Cat Mail Co.,5,4.2,0.16,26.01,френдслоп
dog+roguelite,3850550,Isekai: Waifu Overlord,5,4.2,0.16,26.01,
dog+roguelite,1222140,Detroit: Become Human,5,4.2,1.94,2.17,хоррор
dog+roguelite,3353800,Golden Swirl,5,4.2,0.16,26.01,рогалик
dog+roguelite,4148240,Road to Empress Ⅱ,5,4.2,0.16,26.01,
dog+roguelite,4623570,Deskrawl: Idle ARPG,5,4.2,0.16,26.01,
dog+roguelite,4292950,Shao Song I,5,4.2,0.16,26.01,
dog+roguelite,3371260,Requiem of Reuinis,5,4.2,0.0,,
hunting+extraction,553850,HELLDIVERS™ 2,14,11.7,8.4,1.39,"хоррор, экстракшн, френдслоп"
hunting+extraction,3041230,Windrose,12,10.0,0.97,10.32,
hunting+extraction,2139460,Once Human,12,10.0,1.62,6.19,
hunting+extraction,3282300,Mistfall Hunter,11,9.2,0.97,9.46,экстракшн
hunting+extraction,1857950,VEIN,10,8.3,0.0,,хоррор
hunting+extraction,3321460,Crimson Desert Enhanced,10,8.3,1.94,4.3,
hunting+extraction,1623730,Palworld,10,8.3,5.01,1.66,
hunting+extraction,1631270,StarRupture,10,8.3,0.65,12.9,
hunting+extraction,1962700,Subnautica 2,10,8.3,1.45,5.73,хоррор
hunting+extraction,1867240,WARDOGS,9,7.5,0.48,15.48,
hunting+extraction,1808500,ARC Raiders,9,7.5,4.2,1.79,экстракшн
hunting+extraction,275850,No Man's Sky,9,7.5,2.42,3.1,
hunting+extraction,1326470,Sons Of The Forest,8,6.7,3.23,2.06,хоррор
hunting+extraction,3167020,Escape From Duckov,8,6.7,1.94,3.44,"рогалик, экстракшн"
hunting+extraction,2183900,"Warhammer 40,000: Space Marine 2",8,6.7,2.58,2.58,
hunting+extraction,250820,SteamVR,8,6.7,1.13,5.9,
hunting+extraction,2807960,Battlefield™ 6,7,5.8,2.75,2.12,
hunting+extraction,4126040,Aniimo,7,5.8,0.32,18.05,
hunting+extraction,2694490,Path of Exile 2,7,5.8,1.29,4.51,хоррор
hunting+extraction,1091500,Cyberpunk 2077,7,5.8,4.85,1.2,
hunting+extraction,1361210,"Warhammer 40,000: Darktide",7,5.8,1.94,3.01,хоррор
hunting+extraction,1086940,Baldur's Gate 3,7,5.8,5.82,1.0,
hunting+extraction,1144200,Ready or Not,7,5.8,2.42,2.41,хоррор
hunting+extraction,1149460,ICARUS,7,5.8,1.29,4.51,
hunting+extraction,892970,Valheim,7,5.8,4.85,1.2,
hunting+extraction,2157830,John Carpenter's Toxic Commando,7,5.8,0.81,7.22,"хоррор, френдслоп"
hunting+extraction,1203620,Enshrouded,7,5.8,1.45,4.01,
hunting+extraction,2253100,Everwind,7,5.8,0.16,36.11,
hunting+extraction,1782120,ZERO Sievert,6,5.0,0.48,10.32,"хоррор, экстракшн"
hunting+extraction,230410,Warframe,6,5.0,3.23,1.55,
hunting+extraction,2767030,Marvel Rivals,6,5.0,2.1,2.38,хоррор
hunting+extraction,2406770,Bodycam,6,5.0,0.97,5.16,хоррор
hunting+extraction,2246340,Monster Hunter Wilds,6,5.0,2.58,1.93,охота
hunting+extraction,548430,Deep Rock Galactic,6,5.0,3.07,1.63,"хоррор, рогалик"
hunting+extraction,1151340,Fallout 76,6,5.0,0.97,5.16,хоррор
hunting+extraction,546560,Half-Life: Alyx,6,5.0,1.29,3.87,хоррор
hunting+extraction,4570720,DragonSword : Awakening,6,5.0,0.32,15.48,
hunting+extraction,2073620,Arena Breakout: Infinite,6,5.0,1.13,4.42,экстракшн
hunting+extraction,2054970,Dragon's Dogma 2,6,5.0,0.81,6.19,
hunting+extraction,3124540,Far Far West,6,5.0,0.81,6.19,"экстракшн, френдслоп"
hunting+extraction,1245620,ELDEN RING,6,5.0,5.17,0.97,
hunting+extraction,4532550,Keep Her Safe,6,5.0,0.32,15.48,
hunting+extraction,2966320,Starsand Island,6,5.0,0.32,15.48,
hunting+extraction,3564740,Where Winds Meet,5,4.2,0.81,5.16,
hunting+extraction,1643320,S.T.A.L.K.E.R. 2: Heart of Chornobyl,5,4.2,1.78,2.34,
hunting+extraction,1805320,Romestead,5,4.2,0.0,,
hunting+extraction,251570,7 Days to Die,5,4.2,4.2,0.99,хоррор
hunting+extraction,2646460,Soulmask,5,4.2,0.65,6.45,охота
hunting+extraction,594650,Hunt: Showdown 1896,5,4.2,2.26,1.84,"хоррор, экстракшн"
hunting+extraction,391540,Undertale,5,4.2,2.91,1.43,хоррор
hunting+extraction,1012790,Into the Radius VR,5,4.2,0.0,,хоррор
hunting+extraction,648800,Raft,5,4.2,1.45,2.87,
hunting+extraction,387990,Scrap Mechanic,5,4.2,0.48,8.6,френдслоп
hunting+extraction,1174180,Red Dead Redemption 2,5,4.2,3.23,1.29,
hunting+extraction,3164500,Schedule I,5,4.2,3.07,1.36,
hunting+extraction,1645820,SurrounDead,5,4.2,1.13,3.68,
hunting+extraction,1818450,STALZONE,5,4.2,1.29,3.22,экстракшн
hunting+extraction,438100,VRChat,5,4.2,2.26,1.84,хоррор
hunting+extraction,1938090,Call of Duty®,5,4.2,3.39,1.23,
hunting+extraction,1963370,No One Survived,5,4.2,0.16,25.79,хоррор
hunting+extraction,361420,ASTRONEER,5,4.2,0.81,5.16,
hunting+extraction,1067360,Pax Autocratica,5,4.2,0.0,,рогалик
hunting+extraction,1297900,Gothic 1 Remake,5,4.2,0.32,12.9,
hunting+extraction,671860,BattleBit Remastered,5,4.2,0.97,4.3,
hunting+extraction,2070270,Cloudheim,5,4.2,0.16,25.79,френдслоп
hunting+extraction,292000,No More Room in Hell 2,5,4.2,0.81,5.16,хоррор
hunting+extraction,1903340,Clair Obscur: Expedition 33,5,4.2,2.26,1.84,
hunting+extraction,252490,Rust,5,4.2,0.97,4.3,
hunting+extraction,730,Counter-Strike 2,5,4.2,11.31,0.37,
hunting+extraction,236390,War Thunder,5,4.2,4.36,0.96,
hunting+extraction,3008130,Dying Light: The Beast,5,4.2,1.45,2.87,хоррор
hunting+extraction,1966720,Lethal Company,5,4.2,3.72,1.12,"хоррор, френдслоп"
hunting+extraction,1240440,Halo Infinite,5,4.2,0.81,5.16,
hunting+extraction,3561740,Detective Sherlock: Shadow Stalker,5,4.2,0.0,,
hunting+extraction,3319700,新世界：暗影成双,5,4.2,0.16,25.79,
hunting+extraction,1733690,Mandate Order,5,4.2,0.0,,
hunting+extraction,3749320,Hua Manlou,5,4.2,0.16,25.79,
hunting+extraction,4292950,Shao Song I,5,4.2,0.16,25.79,
hunting+extraction,2505590,TK Punk Gold,5,4.2,0.32,12.9,
hunting+extraction,105600,Terraria,5,4.2,5.33,0.78,
hunting+extraction,4148240,Road to Empress Ⅱ,5,4.2,0.16,25.79,
hunting+friendslop,275850,No Man's Sky,13,10.8,2.42,4.47,
hunting+friendslop,3527290,PEAK,12,10.0,2.75,3.64,"хоррор, рогалик, френдслоп"
hunting+friendslop,242760,The Forest,10,8.3,3.88,2.15,хоррор
hunting+friendslop,730,Counter-Strike 2,9,7.5,11.31,0.66,
hunting+friendslop,1623730,Palworld,8,6.7,5.01,1.33,
hunting+friendslop,1966720,Lethal Company,8,6.7,3.72,1.79,"хоррор, френдслоп"
hunting+friendslop,4000,Garry's Mod,8,6.7,5.65,1.18,френдслоп
hunting+friendslop,2807960,Battlefield™ 6,7,5.8,2.75,2.12,
hunting+friendslop,239140,Dying Light,7,5.8,3.39,1.72,хоррор
hunting+friendslop,3041230,Windrose,7,5.8,0.97,6.02,
hunting+friendslop,550,Left 4 Dead 2,7,5.8,3.88,1.5,хоррор
hunting+friendslop,3241660,R.E.P.O.,7,5.8,4.68,1.25,"хоррор, рогалик, френдслоп"
hunting+friendslop,1326470,Sons Of The Forest,7,5.8,3.23,1.81,хоррор
hunting+friendslop,3949040,RV There Yet?,7,5.8,0.81,7.22,"хоррор, френдслоп"
hunting+friendslop,739630,Phasmophobia,7,5.8,5.33,1.09,хоррор
hunting+friendslop,440,Team Fortress 2,7,5.8,5.49,1.06,френдслоп
hunting+friendslop,489630,"Warhammer 40,000: Gladius - Relics of War",6,5.0,0.16,30.95,
hunting+friendslop,2709570,Supermarket Together,6,5.0,0.48,10.32,
hunting+friendslop,264710,Subnautica,6,5.0,2.75,1.82,хоррор
hunting+friendslop,570,Dota 2,5,4.2,4.68,0.89,
hunting+friendslop,2507950,Delta Force,5,4.2,0.65,6.45,экстракшн
hunting+friendslop,1040200,Crime Scene Cleaner,5,4.2,0.97,4.3,
hunting+friendslop,3564740,Where Winds Meet,5,4.2,0.81,5.16,
hunting+friendslop,286690,Metro 2033 Redux,5,4.2,1.45,2.87,хоррор
hunting+friendslop,1144200,Ready or Not,5,4.2,2.42,1.72,хоррор
hunting+friendslop,495420,State of Decay 2: Juggernaut Edition,5,4.2,0.65,6.45,хоррор
hunting+friendslop,3751950,Assassin's Creed Black Flag Resynced,5,4.2,0.32,12.9,
hunting+friendslop,2835590,8AM,5,4.2,0.0,,хоррор
hunting+friendslop,1634080,Nocturnal,5,4.2,0.16,25.79,
hunting+friendslop,2792610,Stickman Killing Zombie,5,4.2,0.0,,"хоррор, рогалик"
hunting+friendslop,674750,Yet Another Zombie Defense HD,5,4.2,0.16,25.79,
hunting+friendslop,606150,Moonlighter,5,4.2,0.32,12.9,рогалик
hunting+friendslop,1174180,Red Dead Redemption 2,5,4.2,3.23,1.29,
hunting+friendslop,620,Portal 2,5,4.2,2.75,1.52,
hunting+friendslop,3419430,Bongo Cat,5,4.2,2.75,1.52,
hunting+friendslop,2835570,Buckshot Roulette,5,4.2,1.94,2.15,"хоррор, рогалик"
hunting+friendslop,3419520,Quarantine Zone: The Last Check,5,4.2,0.97,4.3,
hunting+friendslop,271590,Grand Theft Auto V Legacy,5,4.2,5.49,0.76,
hunting+friendslop,2881650,Content Warning,5,4.2,2.42,1.72,"хоррор, рогалик, френдслоп"
hunting+friendslop,346110,ARK: Survival Evolved,5,4.2,3.07,1.36,
hunting+friendslop,4704690,MECCHA CHAMELEON,5,4.2,1.13,3.68,френдслоп
hunting+friendslop,2551020,One-armed robber,5,4.2,0.32,12.9,
hunting+friendslop,431960,Wallpaper Engine,5,4.2,3.07,1.36,хоррор
hunting+horror,730,Counter-Strike 2,12,10.0,11.31,0.88,
hunting+horror,553850,HELLDIVERS™ 2,11,9.2,8.4,1.09,"хоррор, экстракшн, френдслоп"
hunting+horror,1808500,ARC Raiders,9,7.5,4.2,1.79,экстракшн
hunting+horror,252490,Rust,9,7.5,0.97,7.74,
hunting+horror,1326470,Sons Of The Forest,9,7.5,3.23,2.32,хоррор
hunting+horror,3527290,PEAK,8,6.7,2.75,2.43,"хоррор, рогалик, френдслоп"
hunting+horror,739630,Phasmophobia,8,6.7,5.33,1.25,хоррор
hunting+horror,1144200,Ready or Not,7,5.8,2.42,2.41,хоррор
hunting+horror,3241660,R.E.P.O.,7,5.8,4.68,1.25,"хоррор, рогалик, френдслоп"
hunting+horror,892970,Valheim,7,5.8,4.85,1.2,
hunting+horror,220,Half-Life 2,7,5.8,1.78,3.28,хоррор
hunting+horror,550,Left 4 Dead 2,7,5.8,3.88,1.5,хоррор
hunting+horror,2139460,Once Human,6,5.0,1.62,3.1,
hunting+horror,3764200,Resident Evil Requiem,6,5.0,3.23,1.55,хоррор
hunting+horror,108600,Project Zomboid,6,5.0,3.23,1.55,хоррор
hunting+horror,1091500,Cyberpunk 2077,6,5.0,4.85,1.03,
hunting+horror,2050650,Resident Evil 4,6,5.0,3.39,1.47,хоррор
hunting+horror,1172620,Sea of Thieves: 2026 Edition,6,5.0,2.1,2.38,
hunting+horror,613100,House Flipper,6,5.0,1.62,3.1,
hunting+horror,1962700,Subnautica 2,6,5.0,1.45,3.44,хоррор
hunting+horror,1966720,Lethal Company,6,5.0,3.72,1.35,"хоррор, френдслоп"
hunting+horror,2835570,Buckshot Roulette,6,5.0,1.94,2.58,"хоррор, рогалик"
hunting+horror,1118200,People Playground,6,5.0,2.1,2.38,хоррор
hunting+horror,275850,No Man's Sky,5,4.2,2.42,1.72,
hunting+horror,322330,Don't Starve Together,5,4.2,2.42,1.72,"хоррор, рогалик, френдслоп"
hunting+horror,3240220,Grand Theft Auto V Enhanced,5,4.2,1.13,3.68,
hunting+horror,292030,The Witcher 3: Wild Hunt — Remastered,5,4.2,3.55,1.17,
hunting+horror,2073850,THE FINALS,5,4.2,1.78,2.34,
hunting+horror,990080,Hogwarts Legacy,5,4.2,1.78,2.34,
hunting+horror,4197610,Librarian: Tidy Up the Arcane Library!,5,4.2,0.16,25.79,
hunting+horror,3164500,Schedule I,5,4.2,3.07,1.36,
hunting+horror,4000,Garry's Mod,5,4.2,5.65,0.74,френдслоп
hunting+horror,4704690,MECCHA CHAMELEON,5,4.2,1.13,3.68,френдслоп
hunting+horror,302510,Ryse: Son of Rome,5,4.2,0.32,12.9,
hunting+horror,1284190,The Planet Crafter,5,4.2,0.65,6.45,
hunting+horror,218620,PAYDAY 2,5,4.2,2.75,1.52,френдслоп
hunting+horror,242760,The Forest,5,4.2,3.88,1.07,хоррор
hunting+horror,578080,PUBG: BATTLEGROUNDS,5,4.2,4.2,0.99,
hunting+horror,2051620,Enlisted,5,4.2,0.97,4.3,
hunting+horror,620,Portal 2,5,4.2,2.75,1.52,
hunting+roguelite,3527290,PEAK,10,8.3,2.75,3.03,"хоррор, рогалик, френдслоп"
hunting+roguelite,2807960,Battlefield™ 6,8,6.7,2.75,2.43,
hunting+roguelite,1091500,Cyberpunk 2077,8,6.7,4.85,1.38,
hunting+roguelite,2246340,Monster Hunter Wilds,8,6.7,2.58,2.58,охота
hunting+roguelite,4001890,How to Fish,8,6.7,0.97,6.88,"хоррор, френдслоп"
hunting+roguelite,730,Counter-Strike 2,8,6.7,11.31,0.59,
hunting+roguelite,2868840,Slay the Spire 2,7,5.8,2.42,2.41,рогалик
hunting+roguelite,2694490,Path of Exile 2,7,5.8,1.29,4.51,хоррор
hunting+roguelite,2767030,Marvel Rivals,7,5.8,2.1,2.78,хоррор
hunting+roguelite,3405340,Megabonk,7,5.8,0.97,6.02,рогалик
hunting+roguelite,264710,Subnautica,7,5.8,2.75,2.12,хоррор
hunting+roguelite,648800,Raft,7,5.8,1.45,4.01,
hunting+roguelite,1167630,Teardown,7,5.8,0.48,12.04,френдслоп
hunting+roguelite,3321460,Crimson Desert Enhanced,6,5.0,1.94,2.58,
hunting+roguelite,292000,No More Room in Hell 2,6,5.0,0.81,6.19,хоррор
hunting+roguelite,1326470,Sons Of The Forest,6,5.0,3.23,1.55,хоррор
hunting+roguelite,3949040,RV There Yet?,6,5.0,0.81,6.19,"хоррор, френдслоп"
hunting+roguelite,239140,Dying Light,6,5.0,3.39,1.47,хоррор
hunting+roguelite,3164500,Schedule I,6,5.0,3.07,1.63,
hunting+roguelite,553850,HELLDIVERS™ 2,6,5.0,8.4,0.6,"хоррор, экстракшн, френдслоп"
hunting+roguelite,1943950,Escape the Backrooms,6,5.0,0.65,7.74,хоррор
hunting+roguelite,892970,Valheim,6,5.0,4.85,1.03,
hunting+roguelite,599140,Graveyard Keeper,6,5.0,1.13,4.42,
hunting+roguelite,105600,Terraria,6,5.0,5.33,0.94,
hunting+roguelite,1144200,Ready or Not,6,5.0,2.42,2.06,хоррор
hunting+roguelite,1962700,Subnautica 2,5,4.2,1.45,2.87,хоррор
hunting+roguelite,3041230,Windrose,5,4.2,0.97,4.3,
hunting+roguelite,1172710,Dune: Awakening,5,4.2,0.97,4.3,
hunting+roguelite,2483190,Forza Horizon 6,5,4.2,0.97,4.3,френдслоп
hunting+roguelite,1092790,Inscryption,5,4.2,1.78,2.34,"хоррор, рогалик"
hunting+roguelite,848450,Subnautica: Below Zero,5,4.2,0.97,4.3,хоррор
hunting+roguelite,1808500,ARC Raiders,5,4.2,4.2,0.99,экстракшн
hunting+roguelite,1588550,Cairn,5,4.2,0.32,12.9,
hunting+roguelite,1371980,No Rest for the Wicked,5,4.2,1.45,2.87,
hunting+roguelite,2129530,REANIMAL,5,4.2,0.0,,хоррор
hunting+roguelite,3678970,TBH: Task Bar Hero,5,4.2,0.97,4.3,
hunting+roguelite,620,Portal 2,5,4.2,2.75,1.52,
hunting+roguelite,1174180,Red Dead Redemption 2,5,4.2,3.23,1.29,
hunting+roguelite,246620,Plague Inc: Evolved,5,4.2,0.16,25.79,
hunting+roguelite,3564740,Where Winds Meet,5,4.2,0.81,5.16,
hunting+roguelite,4126040,Aniimo,5,4.2,0.32,12.9,
hunting+roguelite,2183900,"Warhammer 40,000: Space Marine 2",5,4.2,2.58,1.61,
hunting+roguelite,1029690,Sniper Elite 5,5,4.2,0.48,8.6,
hunting+roguelite,1597080,Killer Bean,5,4.2,0.0,,рогалик
hunting+roguelite,440,Team Fortress 2,5,4.2,5.49,0.76,френдслоп
hunting+roguelite,413150,Stardew Valley,5,4.2,5.82,0.72,
hunting+roguelite,359550,Tom Clancy's Rainbow Six Siege,5,4.2,5.33,0.78,
hunting+roguelite,1374490,RuneScape: Dragonwilds,5,4.2,0.0,,
hunting+roguelite,4500,S.T.A.L.K.E.R.: Shadow of Chernobyl,5,4.2,0.32,12.9,хоррор
hunting+roguelite,1086940,Baldur's Gate 3,5,4.2,5.82,0.72,
hunting+roguelite,1623730,Palworld,5,4.2,5.01,0.83,
hunting+roguelite,2881650,Content Warning,5,4.2,2.42,1.72,"хоррор, рогалик, френдслоп"
hunting+roguelite,1625450,Muck,5,4.2,2.1,1.98,рогалик
hunting+roguelite,3241660,R.E.P.O.,5,4.2,4.68,0.89,"хоррор, рогалик, френдслоп"
