group,sampled,public_with_reviews,avg_other_reviews,reviews_with_tags_pct,share_dog,share_hunting,share_friendslop,share_horror,share_roguelite,share_extraction,people_dog,people_hunting,people_friendslop,people_horror,people_roguelite,people_extraction
dog+hunting,120,120,42.3,99.0,0.5,0.9,3.0,22.4,9.8,0.7,17.5,25.8,57.5,96.7,77.5,21.7
dog+friendslop,120,120,42.4,99.3,0.4,0.6,5.2,23.4,10.6,1.0,15.8,20.8,70.0,97.5,85.8,28.3
dog+horror,120,119,42.8,99.1,0.3,0.8,4.3,25.6,9.7,0.8,13.4,21.8,64.7,98.3,79.0,26.1
dog+roguelite,120,119,44.0,98.6,0.3,0.4,3.2,21.7,16.3,1.1,13.4,14.3,53.8,97.5,89.9,25.2
dog+extraction,120,119,41.5,99.1,0.3,0.7,2.9,20.2,16.8,1.8,9.2,16.8,56.3,95.8,88.2,37.0
hunting+friendslop,120,120,37.2,98.7,0.4,1.0,5.5,23.4,10.4,1.0,15.0,23.3,70.8,94.2,81.7,23.3
hunting+horror,120,120,41.0,98.3,0.4,0.9,3.5,23.8,8.8,1.2,15.8,23.3,61.7,97.5,78.3,32.5
hunting+roguelite,120,120,40.4,98.8,0.3,0.9,4.4,25.8,14.6,1.2,12.5,23.3,63.3,97.5,87.5,30.8
hunting+extraction,120,120,38.7,98.7,0.2,1.2,4.0,21.7,13.4,3.1,4.2,30.8,66.7,94.2,78.3,55.0
control:dog,120,105,20.0,99.2,0.8,0.6,4.6,23.0,11.2,0.9,13.3,11.4,39.0,74.3,49.5,10.5
control:hunting,120,108,18.2,99.1,0.4,2.0,6.1,26.4,9.1,1.5,4.6,25.9,48.1,80.6,49.1,18.5
control:friendslop,120,103,20.1,99.4,0.4,0.9,7.6,26.0,10.8,1.6,6.8,14.6,63.1,80.6,54.4,18.4
control:horror,120,98,19.4,98.7,0.4,1.4,9.0,35.8,9.2,1.9,8.2,15.3,57.1,90.8,54.1,22.4
control:roguelite,120,104,16.7,99.5,0.1,0.7,5.1,24.9,17.8,1.9,1.9,11.5,34.6,73.1,61.5,20.2
control:extraction,120,101,15.2,99.1,0.1,1.1,6.2,23.4,15.6,5.4,2.0,12.9,44.6,79.2,55.4,39.6
