name,year,price_usd,reviews,positive_pct,sales_low,sales_high,playtime_median_h,longevity_pct,max_players,views_per_review,early_access,themed,tags10,url
Demonologist,2023,19.99,18925,85,378500,1135500,21.9,18.1,4.0,1844.0,False,False,"Horror, Multiplayer, Online Co-Op, Psychological Horror, Co-op, First-Person, Dark, Investigation, Demons, Surreal",https://store.steampowered.com/app/1929610/
Deadzone: Rogue,2025,24.99,15107,82,302140,906420,26.6,37.0,,,False,False,"Roguelike, FPS, Online Co-Op, PvE, Roguelite, Looter Shooter, First-Person, Shooter, Horror, Dungeon Crawler",https://store.steampowered.com/app/3228590/
The Past Within,2022,5.99,14696,94,293920,881760,3.1500000000000004,26.7,,1515.0,False,False,"Co-op, Puzzle, Online Co-Op, Multiplayer, Escape Room, Horror, Mystery, Point & Click, Adventure, Psychological Horror",https://store.steampowered.com/app/1515210/
Labyrinthine,2023,9.99,13801,84,276020,828060,8.9,12.5,8.0,,False,False,"Horror, Online Co-Op, Co-op, Multiplayer, Puzzle, Psychological Horror, Procedural Generation, Supernatural, First-Person, Controller",https://store.steampowered.com/app/1302240/
Zort,2024,4.0,11760,90,235200,705600,,45.1,,2973.0,True,False,"Horror, Online Co-Op, Co-op, Funny, Psychological Horror, First-Person, PvE, Atmospheric, Action, Action-Adventure",https://store.steampowered.com/app/3121110/
BOKURA,2023,5.49,10910,91,218200,654600,5.9,81.0,2.0,,False,False,"Online Co-Op, Pixel Graphics, Adventure, Co-op, Psychological Horror, Action, 2D, Multiplayer, Puzzle Platformer, Story Rich",https://store.steampowered.com/app/1801110/
PANICORE,2024,9.99,10774,78,215480,646440,6.95,57.1,,3536.0,False,False,"Horror, Online Co-Op, Survival Horror, Psychological Horror, Co-op, Multiplayer, First-Person, PvE, Stealth, Atmospheric",https://store.steampowered.com/app/2695940/
FlyKnight Enhanced Edition,2025,5.99,10509,96,210180,630540,5.3,27.1,,0.0,False,True,"Dungeon Crawler, Souls-like, Online Co-Op, First-Person, Old School, Fantasy, Fishing, Action RPG, Inventory Management, Exploration",https://store.steampowered.com/app/3108510/
The Headliners,2025,7.99,8559,85,171180,513540,7.75,42.7,,4440.0,False,False,"Online Co-Op, Horror, Co-op, Funny, Multiplayer, Action, Indie, Action-Adventure, Team-Based, Gore",https://store.steampowered.com/app/3059070/
FOREWARNED,2024,12.99,5045,90,100900,302700,10.95,8.0,4.0,3061.0,False,False,"Horror, Online Co-Op, Survival Horror, Co-op, Multiplayer, Psychological Horror, VR, PvE, Survival, Asymmetric VR",https://store.steampowered.com/app/1562420/
Murky Divers,2024,8.99,3994,87,79880,239640,7.2,14.2,,,False,False,"Horror, Multiplayer, Funny, Online Co-Op, First-Person, Underwater, Exploration, Psychological Horror, Survival Horror, Dungeon Crawler",https://store.steampowered.com/app/2963880/
Ghost Exile,2022,14.99,3696,88,73920,221760,20.7,77.7,4.0,,True,False,"Horror, Online Co-Op, Co-op, Multiplayer, Psychological Horror, Action, Perma Death, Choices Matter, First-Person, Atmospheric",https://store.steampowered.com/app/1807080/
Killer Klowns From Outer Space: The Game,2024,39.99,3398,73,67960,203880,9.5,10.5,7.0,31170.0,False,False,"Multiplayer, Horror, Survival Horror, Team-Based, Violent, Stealth, Third Person, Survival, Co-op, Online Co-Op",https://store.steampowered.com/app/1556100/
GONE Fishing,2025,9.99,3048,90,60960,182880,11.75,71.3,,6553.0,True,True,"Action, Adventure, Horror, Multiplayer, Fishing, Online Co-Op, First-Person, Co-op, 3D, Atmospheric",https://store.steampowered.com/app/3645890/
Expeditions: A MudRunner Game,2024,39.99,3010,59,60200,180600,12.7,31.9,,,False,True,"Moddable, Multiplayer, Singleplayer, Nature, Driving, Exploration, Offroad, Co-op, Online Co-Op, Transportation",https://store.steampowered.com/app/2477340/
Emissary Zero,2025,8.99,2718,83,54360,163080,5.8,49.1,,,False,False,"Horror, Multiplayer, Online Co-Op, Psychological Horror, Co-op, Survival Horror, First-Person, Escape Room, Exploration, Adventure",https://store.steampowered.com/app/3176060/
Whisper Mountain Outbreak,2025,7.99,2435,84,48700,146100,6.300000000000001,33.3,4.0,,True,False,"Online Co-Op, Survival Horror, Isometric, 2.5D, Zombies, Action Roguelike, Tactical, Horror, Pixel Graphics, Investigation",https://store.steampowered.com/app/1953230/
LIZARDS MUST DIE 2,2025,9.99,2233,94,44660,133980,4.75,36.3,,,False,True,"Hack and Slash, Co-op Campaign, Action-Adventure, Online Co-Op, Spectacle fighter, Third Person, Realistic, Cinematic, Multiplayer, Adventure",https://store.steampowered.com/app/3107800/
Boo Men,2022,7.99,2086,88,41720,125160,8.1,41.1,5.0,,True,False,"Horror, Online Co-Op, Multiplayer, Action, Heist, Dark, First-Person, Action-Adventure, Stealth, Character Customization",https://store.steampowered.com/app/1715730/
Backrooms Rec.,2024,6.99,1835,68,36700,110100,4.25,66.3,,,True,False,"Multiplayer, Online Co-Op, Horror, Survival Horror, Choose Your Own Adventure, FPS, First-Person, Local Multiplayer, Psychological Horror, Action-Adventure",https://store.steampowered.com/app/2275020/
System Shock 2: 25th Anniversary Remaster,2025,29.99,1818,87,36360,109080,18.0,30.9,,,False,False,"Immersive Sim, Singleplayer, Multiplayer, Online Co-Op, FPS, Horror, Sci-fi, Cyberpunk, Action, Atmospheric",https://store.steampowered.com/app/866570/
West Hunt,2023,9.99,1520,84,30400,91200,3.7,47.2,8.0,33805.0,False,False,"Social Deduction, Party Game, Multiplayer, Western, Stealth, Competitive, Team-Based, Hidden Object, PvP, Online Co-Op",https://store.steampowered.com/app/1570330/
Occult,2022,4.99,1508,70,30160,90480,2.35,36.6,,,False,False,"Horror, Multiplayer, Co-op, Psychological Horror, 3D, Online Co-Op, First-Person, Multiple Endings, Atmospheric, Dark",https://store.steampowered.com/app/1644490/
BACKROOMS: APPREHENSION,2025,2.99,1386,83,27720,83160,10.100000000000001,66.2,,,False,False,"PvP, Multiplayer, Survival Horror, Social Deduction, Horror, Shooter, Atmospheric, Stealth, Online Co-Op, Psychological Horror",https://store.steampowered.com/app/2234150/
Hospital 666,2024,7.99,1204,71,24080,72240,4.05,36.9,,,False,False,"Horror, Online Co-Op, Psychological Horror, Multiplayer, Realistic, Walking Simulator, Multiple Endings, Thriller, Supernatural, Adventure",https://store.steampowered.com/app/2774380/
Anomaly Exit,2024,5.99,1124,89,22480,67440,3.55,58.8,,,False,False,"Online Co-Op, Psychological Horror, Hidden Object, Puzzle, Horror, Casual, Walking Simulator, Multiplayer, Singleplayer, Co-op",https://store.steampowered.com/app/2232600/
Lonely Mountains: Snow Riders,2025,24.99,750,91,15000,45000,10.95,31.3,,,False,True,"Sports, Skiing, Multiplayer, Racing, Online Co-Op, Singleplayer, PvP, PvE, Nature, Exploration",https://store.steampowered.com/app/2545360/
A Day Out,2024,9.99,608,76,12160,36480,16.0,25.6,,,False,True,"Horror, Hunting, Online Co-Op, Supernatural, Demons, Mystery, Conspiracy, Character Customization, Third Person, Controller",https://store.steampowered.com/app/1547670/
Tallowmere 2: Curse of the Kittens,2024,9.99,318,79,6360,19080,13.0,4.2,4.0,,False,True,"Action Roguelike, 2D Platformer, Online Co-Op, Local Co-Op, Singleplayer, Roguelite, Dungeon Crawler, Hack and Slash, Loot, Perma Death",https://store.steampowered.com/app/655740/
NiuMa,2025,5.99,263,91,5260,15780,1.8,6.8,,,False,True,"Multiplayer, Funny, Online Co-Op, Casual, Cute, Party Game, Family Friendly, Co-op, Relaxing, Team-Based",https://store.steampowered.com/app/3444220/
