direction,games_100plus,longevity_median_pct,playtime_median_h,views_per_review_median,youtube_games,english_pct,top_languages,median_price
Психологический хоррор,72,26.85,4.7,2973.0,9,43.0,"английский 43%, русский 14%, китайский (упр.) 11%, корейский 5%",8.49
Хоррор (любой),140,26.85,4.75,2973.0,17,47.0,"английский 47%, русский 15%, китайский (упр.) 10%, корейский 4%",8.99
Онлайн-кооп как основа,212,27.15,6.15,3017.0,22,47.0,"английский 47%, китайский (упр.) 12%, русский 12%, португальский (Бразилия) 4%",9.99
Стелс,24,25.85,6.75,2581.0,8,44.0,"английский 44%, русский 16%, китайский (упр.) 6%, португальский (Бразилия) 6%",9.99
Выживание + онлайн-кооп,16,17.15,4.85,9038.5,4,47.0,"английский 47%, русский 15%, китайский (упр.) 13%, португальский (Бразилия) 5%",9.99
Выживание (без онлайна в топе),13,26.4,6.699999999999999,999.5,4,34.0,"английский 34%, китайский (упр.) 21%, русский 12%, корейский 7%",7.99
Вид от первого лица,106,29.65,5.025,2482.0,15,51.0,"английский 51%, русский 14%, китайский (упр.) 7%, португальский (Бразилия) 4%",9.99
Вид от третьего лица,29,27.2,5.7,4346.0,5,47.0,"английский 47%, русский 18%, португальский (Бразилия) 8%, китайский (упр.) 5%",11.99
Реалистичный стиль,30,33.2,5.25,2130.0,4,42.0,"английский 42%, русский 21%, китайский (упр.) 10%, турецкий 4%",9.99
Физика,28,42.0,5.1,4050.5,4,51.0,"английский 51%, русский 12%, португальский (Бразилия) 5%, китайский (упр.) 5%",9.99
Смешное / комедия,79,29.7,5.125,4050.5,8,44.0,"английский 44%, китайский (упр.) 17%, русский 12%, португальский (Бразилия) 4%",9.99
Природа / животные / охота,21,31.3,7.2,1260.0,4,54.0,"английский 54%, русский 11%, китайский (упр.) 10%, турецкий 4%",14.99
Экшен,231,28.4,6.15,1874.5,20,51.0,"английский 51%, русский 11%, китайский (упр.) 11%, португальский (Бразилия) 5%",14.99
Шутер,123,27.0,7.425000000000001,1611.0,17,55.0,"английский 55%, русский 11%, китайский (упр.) 11%, португальский (Бразилия) 3%",19.99
Рогалик,90,20.1,9.75,553.0,8,51.0,"английский 51%, китайский (упр.) 16%, русский 8%, португальский (Бразилия) 4%",13.49
Пати-игра,20,26.450000000000003,3.75,8844.0,4,37.0,"английский 37%, китайский (упр.) 23%, русский 10%, испанский (Испания) 5%",9.49
Локальный кооп,71,31.6,7.0,745.0,5,47.0,"английский 47%, китайский (упр.) 17%, русский 8%, испанский (Испания) 5%",14.99
Милое / мультяшное / стилизация,71,31.4,5.55,745.0,5,48.0,"английский 48%, китайский (упр.) 16%, русский 8%, корейский 4%",14.99
Казуальное,79,30.5,4.85,11354.0,3,43.0,"английский 43%, китайский (упр.) 18%, русский 9%, корейский 5%",7.99
Пиксель-арт / 2D,85,30.1,6.875,2116.0,7,50.0,"английский 50%, китайский (упр.) 12%, русский 7%, испанский (Испания) 6%",14.99
