appid,price_initial_usd
20,4.99
440,
500,9.99
550,9.99
1250,19.99
4000,9.99
9200,9.99
9480,9.99
10090,19.99
10680,14.99
12530,9.99
12690,9.99
17480,
17500,
21100,19.99
21130,19.99
21690,19.99
22600,19.99
22670,9.99
28000,9.99
32440,19.99
32510,19.99
35700,14.99
35720,19.99
36900,9.99
38460,19.99
39000,
39800,2.99
40720,4.99
41000,14.99
41014,19.99
41070,29.99
41660,9.99
42680,39.99
42700,39.99
42910,9.99
43190,8.99
45740,19.99
45770,19.99
47700,
49520,19.99
49540,29.99
55230,9.99
61730,6.99
65800,14.99
70600,14.99
95400,11.99
115120,14.99
201790,14.99
202970,39.99
204300,19.99
204340,9.99
204360,14.99
206420,19.99
209160,39.99
209650,39.99
210770,14.99
213330,19.99
214870,19.99
215510,4.99
217200,14.99
218620,9.99
219700,
220240,19.99
220260,14.99
221040,19.99
221100,49.99
222480,19.99
223710,
224260,
227100,14.99
232090,29.99
233980,12.99
235540,29.99
236370,9.99
236510,4.99
238370,14.99
238460,14.99
238960,
239140,24.99
241240,12.99
242980,6.99
243470,19.99
244810,14.99
246840,7.99
247910,14.99
247950,14.99
248530,9.99
249130,19.99
250180,7.99
250400,14.99
250420,
251570,44.99
253430,5.99
254480,9.99
255163,79.99
257750,4.99
260230,14.99
260380,4.99
261180,13.99
261640,39.99
262410,
263740,9.99
265550,29.99
265630,
269850,19.99
270170,
270550,
272230,19.99
272510,29.99
274940,19.99
276220,14.99
276340,14.99
280640,4.99
284080,
285920,24.99
286160,19.99
286240,7.99
287290,19.99
290040,9.99
291860,19.99
292000,29.99
293860,4.99
296470,4.99
298110,29.99
299970,39.99
301910,14.99
301970,14.99
302830,
304170,9.99
304950,14.99
305260,
306020,9.99
306910,
307780,19.99
308000,2.99
308080,24.99
311840,6.99
312670,49.99
313160,12.99
313690,19.99
313700,2.99
313740,9.99
314000,
314410,12.99
314520,14.99
314570,4.99
315260,4.99
316600,7.99
317360,
317530,4.99
319230,4.99
319910,21.99
321270,4.99
322330,14.99
323470,39.99
323850,14.99
324080,14.99
324310,9.99
325210,9.99
326460,9.99
326960,
327090,14.99
328670,4.99
330580,4.99
332580,3.99
334540,29.99
335240,
340340,4.99
342180,14.99
349040,19.99
351060,0.99
351730,7.99
357670,9.99
359840,15.99
359940,9.99
360940,9.99
363130,59.99
370630,6.99
371510,4.99
371660,29.99
371950,
376210,19.99
378530,12.99
380110,19.99
380840,
381210,19.99
383150,19.99
383180,19.99
386880,4.99
386940,14.99
387820,
387990,28.99
388430,4.99
389570,
390520,7.99
394510,19.99
394760,11.99
397540,59.99
397900,
398110,1.99
400080,14.99
401190,0.99
401680,8.99
403120,6.49
404590,29.99
405290,9.99
405310,19.99
408900,
409590,9.99
410320,19.99
411680,7.99
414740,9.99
414920,0.99
415590,19.99
416600,19.99
418070,1.99
418530,19.99
419700,9.99
420760,
420930,
422890,24.99
425150,7.99
426190,6.99
426930,4.99
427100,29.99
427730,9.99
431180,29.99
431240,14.99
433350,
434030,49.99
434570,0.99
434730,1.99
436180,
437550,4.99
437920,14.99
438310,9.99
438490,49.99
438660,2.99
441010,6.99
444090,
444770,
446620,19.99
448370,5.99
448620,4.99
449800,39.99
455120,8.99
459830,4.99
459840,9.99
466840,1.99
466910,
466980,19.99
470220,9.99
471550,19.99
482920,
485820,9.99
486510,4.99
489050,3.99
490250,
491280,4.99
493520,39.99
493900,29.99
495420,29.99
495890,0.99
501840,3.99
503350,9.99
506500,16.99
508680,3.99
509770,7.99
509980,19.99
512160,1.99
512460,14.99
512900,19.99
513710,44.99
513780,1.99
516110,14.99
516570,14.99
517670,19.99
518790,19.99
519140,
525510,12.99
526160,24.99
531510,19.99
534440,4.99
541920,4.99
543460,29.99
545050,19.99
545920,9.99
545930,9.99
545940,9.99
551730,59.99
552520,59.99
553310,19.99
553490,11.99
553850,39.99
555160,24.99
559650,19.99
562010,
563370,9.99
564310,14.99
571740,8.99
572220,14.99
573170,9.99
574520,9.99
578100,
578690,4.99
579840,9.99
580930,9.99
582330,19.99
582500,
582690,1.99
583890,4.99
585420,24.99
586460,14.99
587620,19.99
587860,
589370,14.99
591740,
594650,29.99
597170,19.99
599080,29.99
601050,39.99
601510,
604230,11.99
604240,9.99
606500,19.99
609100,7.99
611350,1.99
613270,5.99
616220,
617030,14.99
617290,39.99
617310,
619330,6.99
619540,9.99
622770,9.99
624410,4.99
624890,
629970,9.99
632350,29.99
635200,12.99
638850,
640300,
640590,19.99
641990,19.99
642170,9.99
644480,12.99
645210,
651340,4.99
651380,0.99
654850,4.99
655380,3.99
657170,2.99
661790,9.99
661940,4.99
662000,
662720,9.99
662830,
663690,
663830,2.99
665360,4.99
665590,4.99
666590,9.99
671560,3.99
672890,
673560,
673750,14.99
674940,4.99
675010,19.99
677160,9.99
677620,
678800,
679390,0.99
684840,24.99
688350,9.99
690100,
690420,4.2
690640,29.99
690810,19.99
693800,9.99
696220,17.99
698870,14.99
699130,29.99
700330,
700480,
701040,14.99
703680,7.99
705640,9.99
706020,29.99
706990,
708720,
708950,4.99
718550,
720830,
722180,24.99
723190,1.99
726680,
728880,24.99
729040,29.99
731340,
731890,4.99
735550,9.99
739630,19.99
742900,7.99
743450,11.99
744900,
746040,9.99
746140,4.99
746510,9.99
752170,9.99
752900,17.99
758730,29.99
760810,14.99
761060,
761910,12.99
762610,14.99
763310,
764930,
765090,3.99
767420,
768540,12.99
770490,2.99
774791,19.99
776660,9.99
777210,
778340,3.99
783550,19.99
786510,4.99
787920,7.99
789600,1.99
790430,
790740,5.99
791410,
792710,4.99
794350,9.99
799830,
800690,5.99
802160,9.99
803020,14.99
805270,14.99
807870,9.99
809870,9.99
812380,9.99
814300,4.99
816090,29.99
816250,0.99
818390,
818960,8.99
819280,2.99
820520,19.99
821670,
823230,19.99
824690,
828580,9.99
828730,9.99
833090,14.99
834280,19.99
836850,9.99
837350,19.99
838410,14.99
843380,
844330,4.99
846120,4.99
846770,19.99
850190,29.99
850320,24.99
850450,5.99
852090,13.99
855860,9.99
857980,29.99
859570,19.99
859640,14.99
860670,199.99
865360,12.99
865980,19.99
866570,29.99
866770,12.99
867980,12.99
870100,4.99
870870,
880940,14.99
882230,4.99
885160,
885530,
891360,4.99
894330,4.99
895760,12.99
897380,9.99
897450,24.99
899440,59.99
900790,2.99
905130,4.99
906870,4.99
909750,14.99
910550,
914260,4.99
914710,14.99
916030,8.99
920210,49.99
921890,12.99
922700,2.99
924970,59.99
925690,14.99
926990,29.99
928140,3.99
930880,
932350,3.99
934180,
935490,17.99
939530,
940590,1.99
941890,14.99
944430,14.99
945360,4.99
945460,
945860,
946720,19.99
948960,9.99
953880,14.99
960090,13.99
962130,39.99
962730,39.99
962970,1.99
963950,4.99
964440,14.99
966090,9.99
967050,4.99
969990,29.99
970190,19.99
970200,4.99
970900,14.99
971680,0.99
972520,6.99
972770,19.99
973070,10.99
976730,39.99
976900,14.99
976920,18.99
979070,14.99
983840,4.99
985530,1.99
985940,12.99
989790,19.99
990920,14.99
991780,29.99
993110,12.99
998400,19.99
999270,
999860,
1000500,12.99
1002000,14.99
1003480,0.99
1004270,14.99
1004330,3.99
1007040,59.99
1008700,9.99
1010860,0.99
1012530,1.99
1013040,9.99
1013220,29.99
1014980,
1016360,19.99
1016660,15.99
1016900,
1016920,19.99
1018720,19.99
1020760,5.99
1021770,4.99
1023550,14.99
1024000,
1025560,
1026890,
1027130,4.99
1027820,2.99
1028350,19.99
1028590,4.99
1030000,1.99
1033000,4.99
1033230,2.99
1033930,19.99
1033960,
1034850,19.99
1035530,4.99
1036740,19.99
1037080,14.99
1037170,
1037380,
1039280,6.99
1039380,5.99
1041520,15.99
1042620,
1042750,
1042910,9.99
1043060,2.99
1048100,2.99
1048280,9.99
1048660,14.99
1050810,0.99
1051290,4.99
1053510,29.99
1053680,4.99
1053710,24.99
1054350,18.99
1054430,19.99
1054510,11.99
1055120,0.99
1055850,12.99
1061240,0.99
1061880,14.99
1062830,19.99
1063030,14.99
1064070,19.99
1064260,11.99
1064300,
1065020,9.99
1065880,7.99
1070840,
1071870,14.99
1072500,49.99
1074620,19.99
1077310,
1077510,9.99
1077890,4.99
1078920,19.99
1080010,17.99
1080410,4.99
1086840,1.99
1088150,
1089090,39.99
1090250,19.99
1090800,11.99
1092660,29.99
1094060,5.99
1096610,19.99
1097270,1.99
1097770,4.99
1098090,1.99
1101190,14.99
1103320,
1103390,3.99
1103550,9.99
1104030,2.99
1104450,
1104690,6.99
1110460,11.99
1111650,8.99
1112830,4.99
1112890,11.99
1113080,
1116800,9.99
1116960,
1117880,4.99
1119060,
1119730,24.99
1121760,
1124160,19.99
1126420,
1132030,19.99
1133500,24.99
1135910,39.99
1136020,12.99
1137680,12.99
1137980,
1140270,11.99
1141270,9.99
1141920,
1142130,
1142530,
1145330,12.99
1145490,12.99
1146090,0.99
1146920,24.99
1146940,4.99
1147130,4.99
1148600,1.99
1149400,8.99
1149770,
1151050,9.99
1151640,
1153520,4.99
1153930,0.99
1154850,15.99
1155300,5.99
1155420,1.99
1155850,
1156590,19.99
1157040,7.99
1157760,
1158940,14.99
1159940,8.99
1162390,5.99
1162430,14.99
1163550,39.99
1163690,
1166760,4.99
1166990,4.99
1167630,29.99
1170660,
1170900,
1171120,9.99
1171800,4.99
1172620,39.99
1173370,
1175770,14.99
1176060,6.99
1178200,0.99
1179280,
1180380,
1181550,19.99
1182280,9.99
1182820,
1183200,3.99
1183500,4.99
1183530,4.99
1186660,4.99
1187270,
1192010,14.99
1192170,14.99
1193460,2.99
1193730,14.99
1194710,
1194750,9.99
1195420,19.99
1196920,
1198210,14.99
1198810,16.99
1198860,0.99
1200770,14.99
1202570,
1206610,9.99
1206850,
1207370,
1207480,2.99
1211020,24.99
1211250,4.99
1211640,5.99
1212040,4.99
1212110,4.99
1213750,19.99
1214670,14.99
1215950,
1216300,4.99
1216560,0.99
1217170,
1217570,19.99
1217990,
1218280,4.99
1219020,
1219240,19.99
1219700,4.99
1220170,14.99
1221480,19.99
1221830,
1222050,19.99
1222370,39.99
1222480,14.99
1225110,2.99
1225710,0.99
1225840,1.99
1227650,24.99
1228910,4.99
1232140,2.99
1233200,9.99
1233740,
1234240,14.99
1234380,4.99
1234500,12.99
1234550,14.99
1234830,1.99
1234880,
1236040,2.99
1236160,4.99
1236630,
1237610,14.99
1238060,19.99
1239320,19.99
1240040,5.99
1240590,16.99
1241230,4.99
1242980,24.99
1243200,12.99
1243260,4.99
1243830,39.99
1243960,9.99
1245480,39.99
1246250,19.99
1248120,15.99
1248800,10.99
1256040,3.99
1257610,
1258310,0.99
1259800,29.99
1260320,19.99
1262240,29.99
1265510,
1266900,
1267070,5.99
1267940,9.99
1268100,19.99
1268530,0.99
1269300,19.99
1270660,
1271110,14.99
1273350,
1273400,24.99
1273440,9.99
1274570,9.99
1275770,4.99
1276470,2.99
1276760,19.99
1277400,39.99
1278350,9.99
1278720,
1278880,
1279330,9.99
1280850,
1281830,
1282100,49.99
1282380,
1282760,14.99
1283180,0.99
1283260,5.99
1283960,
1285050,
1285190,69.99
1285720,
1286580,21.99
1286680,29.99
1288320,29.99
1289180,
1290000,24.99
1291970,8.99
1292120,
1293190,0.99
1294480,
1296340,14.99
1298960,
1299060,9.99
1299340,
1299520,
1299790,12.99
1300480,
1302230,9.99
1302240,9.99
1303990,14.99
1304090,19.99
1305420,4.99
1305780,
1306210,199.99
1308960,
1309130,1.99
1310510,4.99
1311080,
1313230,
1315040,8.99
1315240,
1316700,4.99
1318870,1.99
1319690,19.99
1320500,2.99
1321870,
1324130,34.99
1329490,
1329500,14.99
1329510,19.99
1330790,9.99
1330820,9.99
1332430,29.99
1333860,19.99
1334110,4.99
1334310,
1334440,
1335360,12.99
1338660,
1338840,14.99
1340180,9.99
1340720,
1341210,8.99
1341290,17.99
1342220,4.99
1342540,11.99
1342900,1.99
1343040,
1343150,1.99
1343580,2.99
1343620,14.99
1345380,6.99
1345770,7.99
1345860,14.99
1346070,4.99
1346260,1.99
1346390,14.99
1347130,7.99
1348700,24.99
1348810,0.99
1349600,15.99
1350010,2.99
1350500,0.99
1350610,
1351350,8.99
1352440,
1352540,
1352670,
1353830,2.99
1354260,19.99
1355140,2.99
1355420,4.99
1356670,29.99
1357220,2.99
1359170,3.99
1359840,4.99
1361000,9.99
1361240,
1361300,
1362070,
1362310,4.99
1362550,
1362670,9.99
1363360,9.99
1363430,
1364290,19.99
1364340,12.99
1365400,24.99
1367780,
1368180,
1368880,3.99
1369720,19.99
1370610,3.99
1371940,4.99
1374200,2.99
1374350,19.99
1374580,
1374640,7.99
1374680,9.99
1374990,29.99
1375650,9.99
1376180,
1376390,
1376470,0.99
1376880,
1377380,29.99
1377590,1.99
1379040,7.99
1379200,4.99
1379350,
1383720,1.99
1384380,4.99
1384660,19.99
1385590,4.99
1385790,
1386300,
1386980,1.99
1387300,0.99
1387970,0.99
1388550,
1389820,
1392080,0.99
1392860,39.99
1392960,39.99
1393570,14.99
1394140,4.99
1394270,
1394680,
1394960,18.99
1395930,4.99
1396630,
1397030,1.99
1397390,19.99
1398300,4.99
1398920,
1399250,5.99
1399440,4.99
1400560,
1400710,
1402000,0.99
1402020,
1402380,1.99
1402650,
1403400,9.99
1403650,24.99
1404490,
1405090,19.99
1405180,14.99
1406200,9.99
1407080,19.99
1408080,9.99
1408480,
1408610,29.99
1408930,1.99
1411020,19.99
1412850,14.99
1413250,14.99
1414850,49.99
1415570,9.99
1416060,
1416760,9.99
1418420,
1419390,
1420420,
1422130,34.99
1422450,
1423400,
1423980,4.99
1424330,19.99
1424540,14.99
1424780,9.99
1424860,19.99
1425660,
1425830,9.99
1428470,4.99
1428610,
1428780,14.99
1428960,
1429070,7.99
1431240,
1431290,29.99
1431300,24.99
1431910,
1432850,23.99
1433900,10.99
1433960,1.99
1434310,39.99
1434320,39.99
1435100,
1435750,12.99
1435960,9.99
1436700,29.99
1436990,4.99
1437280,19.99
1437370,9.99
1437480,2.99
1437790,
1439070,24.99
1440440,19.99
1440870,2.99
1441160,
1441430,7.99
1441560,
1442020,
1444320,7.99
1445370,
1445790,14.99
1446780,39.99
1446920,
1447280,
1448330,
1448540,
1448740,8.99
1449840,
1450180,14.99
1451440,9.99
1451480,14.99
1451880,7.99
1452500,29.99
1453250,1.0
1453490,
1454370,29.99
1454600,2.99
1455680,9.99
1455900,6.99
1456220,19.99
1456250,4.99
1456940,19.99
1457990,
1458460,2.99
1461030,14.99
1461140,17.99
1461370,9.99
1462640,3.99
1463470,
1465860,
1469220,0.99
1469540,5.99
1471730,9.99
1472660,19.99
1472740,
1473270,1.99
1473960,9.99
1474390,13.99
1474500,
1475400,
1476140,2.99
1476830,4.99
1480030,6.99
1480870,13.99
1480930,
1481210,10.99
1481260,
1481440,24.99
1481680,3.99
1481700,12.99
1482840,
1483340,13.99
1483550,
1483770,
1483870,4.99
1484140,4.99
1485200,
1485870,
1486070,
1486970,4.99
1487220,
1488240,
1488430,19.99
1488960,0.99
1489470,4.99
1489500,5.99
1489830,
1490550,5.99
1492070,19.99
1492650,4.99
1492850,12.49
1493810,
1493860,
1494420,19.99
1496110,1.99
1496220,4.99
1496490,
1496970,
1497590,6.99
1498000,
1498630,0.99
1498820,
1499220,4.99
1499300,2.99
1499780,0.99
1500320,4.99
1500370,
1501910,
1502010,9.99
1502190,14.99
1504110,1.99
1504580,5.99
1504940,
1505670,18.99
1506230,0.99
1506620,4.99
1506830,
1507410,
1507580,29.99
1507890,17.99
1507910,
1508010,
1508030,
1508430,4.99
1509050,0.99
1509230,9.99
1509670,5.99
1509960,4.99
1511800,
1512710,4.99
1513790,5.0
1514140,
1514400,
1514880,
1515140,5.99
1515210,5.99
1515640,
1517090,
1517590,
1520380,4.99
1520440,
1520520,
1520590,5.99
1520640,17.99
1521550,5.99
1521810,9.99
1522360,
1522820,29.99
1523010,5.99
1526180,2.99
1526370,19.99
1526490,
1527010,
1527540,
1529800,5.99
1530000,
1532060,
1532510,4.99
1532980,4.99
1533880,0.99
1535030,0.99
1535060,
1535900,2.99
1536690,0.99
1537330,
1538550,24.99
1540210,29.99
1540680,
1540840,4.99
1541160,
1541280,6.99
1542530,
1543100,12.99
1543790,
1545020,
1545250,4.99
1547090,4.99
1547670,9.99
1548400,2.99
1548430,2.99
1548520,
1548590,12.99
1548850,39.99
1549850,24.99
1549970,29.99
1550130,
1550150,
1550520,
1550820,
1552210,
1552620,
1552650,
1554460,4.99
1554590,
1555980,14.99
1556100,39.99
1556400,
1556920,3.99
1557060,
1558110,
1558830,19.99
1558970,
1559430,5.99
1559720,
1562420,12.99
1563240,
1563250,
1563490,
1565210,12.99
1565660,9.99
1566550,5.99
1567190,9.99
1568530,6.99
1568590,
1568620,14.99
1569100,
1569730,
1569780,
1570330,9.99
1570790,
1571440,4.99
1571960,19.99
1572150,4.99
1573330,0.99
1573950,
1574030,1.99
1575060,
1576350,29.99
1576980,
1577320,2.99
1577470,17.99
1577570,4.99
1578390,19.99
1578970,
1579010,0.99
1579300,9.99
1580090,17.99
1581480,29.99
1581740,1.99
1581800,19.99
1582120,
1583090,2.99
1583280,
1583290,4.99
1583660,4.99
1583910,
1585430,
1586240,9.99
1586980,3.99
1587020,3.99
1587410,
1588400,
1589500,
1589590,
1589700,
1590720,
1592110,14.99
1592290,7.99
1592780,
1593010,
1593510,
1594040,39.99
1595510,2.99
1595710,3.99
1596360,1.99
1596750,2.99
1597400,2.99
1597730,2.99
1598650,
1599470,6.99
1599600,19.99
1600870,3.99
1600950,9.99
1601750,1.99
1601890,9.99
1601910,
1601930,6.99
1602090,
1605250,24.99
1605340,24.99
1605580,
1605640,17.99
1606970,
1607680,14.99
1607770,11.99
1609570,4.99
1610360,
1610370,5.99
1612220,
1613300,
1613670,9.99
1613760,
1617120,
1617450,1.99
1617480,4.99
1618160,
1618320,4.99
1618540,11.99
1620300,
1621200,16.99
1622180,2.99
1623650,1.99
1623660,
1625630,
1626040,0.99
1626280,
1626620,17.99
1627310,0.99
1627610,
1627760,2.99
1627850,4.99
1630940,0.99
1631440,
1632030,
1632100,7.99
1632670,3.99
1635810,7.99
1635920,3.99
1636570,4.99
1636700,2.99
1637140,
1637230,39.99
1637550,
1639530,2.99
1640110,
1640230,
1640360,19.99
1640700,34.99
1641040,
1641700,29.99
1642220,0.99
1642420,
1643040,
1643170,0.99
1643310,49.99
1644330,4.99
1644490,4.99
1644910,
1644950,
1645150,13.99
1647360,4.99
1648610,4.99
1649240,59.99
1650320,
1651990,
1652000,
1653790,4.99
1653800,24.99
1653980,6.99
1654620,5.99
1655050,5.99
1656210,2.99
1657780,
1657910,
1658400,4.99
1661260,
1661630,9.99
1662080,19.99
1662270,5.99
1662540,
1662570,9.99
1662940,2.99
1663330,
1663410,19.99
1663640,19.99
1664810,9.99
1665460,
1667360,14.99
1668990,2.99
1669480,34.99
1670810,18.99
1671330,
1673300,9.99
1673550,4.99
1674200,16.99
1675680,
1676060,0.99
1676180,
1676360,
1676570,1.99
1677720,
1677740,
1678090,
1678860,9.99
1679320,0.99
1679490,8.99
1679680,10.99
1681110,1.99
1681490,8.99
1682000,
1682050,3.99
1682380,19.99
1682670,
1683310,1.99
1683790,
1683970,
1684710,4.99
1685520,1.99
1685620,
1686940,9.99
1689940,
1690100,
1691320,14.99
1693070,9.99
1693410,
1693940,
1694160,
1694270,1.99
1695670,9.99
1695810,
1696810,29.99
1697170,4.99
1697620,1.99
1698520,3.99
1699180,
1699480,9.99
1701380,44.99
1702760,
1705510,
1706570,2.99
1707260,
1707540,4.99
1707790,8.99
1708350,
1708460,11.99
1708510,
1709520,
1709830,14.99
1710180,11.99
1710500,7.99
1712050,9.99
1712420,1.99
1712510,0.99
1712840,9.99
1713310,2.99
1713550,4.99
1714040,
1714250,17.99
1715160,9.99
1715190,
1715710,
1715730,7.99
1715980,19.99
1717330,
1718300,6.99
1720860,5.99
1721350,
1721910,3.99
1722020,3.99
1722520,1.99
1722840,19.99
1724030,9.99
1724630,19.99
1725130,0.99
1725370,
1725880,2.99
1727900,
1728180,
1728620,
1729140,9.99
1729640,4.99
1729790,
1730050,9.99
1731370,
1731460,9.99
1732910,
1734260,
1735660,
1736120,19.99
1736530,
1736680,4.99
1736830,
1738140,1.6
1740230,4.99
1740890,9.99
1741160,1.99
1741270,
1744060,0.99
1745680,9.99
1746150,7.99
1746620,0.99
1746980,
1747050,19.99
1747190,18.99
1748340,14.99
1748370,
1748610,5.99
1749980,14.99
1750050,
1750080,
1750410,
1751950,
1752060,9.99
1753110,4.99
1755130,
1755350,3.99
1755680,14.99
1756150,5.99
1756160,11.99
1756230,
1756760,
1757470,9.99
1758260,1.99
1758810,14.99
1760150,
1761340,
1762230,
1763370,
1763510,
1764000,7.99
1764220,
1764660,12.99
1766060,19.99
1766100,24.99
1766200,4.99
1766840,
1768100,0.99
1768470,6.99
1769960,12.99
1770490,29.99
1771180,2.99
1772720,
1772840,9.99
1773890,0.99
1774100,
1774560,
1774770,9.99
1774880,
1775080,8.99
1776650,
1779080,9.99
1779090,
1779710,2.99
1779790,4.99
1780680,
1780840,13.99
1781140,
1781380,9.99
1782120,19.99
1782180,
1782330,19.99
1782380,
1782820,
1784650,
1785120,9.99
1785600,
1786740,
1786950,
1787670,0.99
1787760,2.99
1788120,19.99
1788130,
1789090,14.99
1789110,
1789480,29.99
1789620,4.99
1790340,8.99
1790360,14.99
1791590,17.99
1791910,9.99
1792000,
1792250,19.99
1792460,
1792790,17.99
1793990,
1794250,
1794490,
1794830,9.99
1794950,2.99
1795670,
1795820,9.99
1796280,
1796310,
1797270,
1797880,
1798570,5.99
1799220,7.99
1799440,
1800570,11.99
1802160,
1802330,4.99
1802640,
1804170,4.99
1805570,4.99
1805740,
1806290,
1806910,
1807080,14.99
1807810,24.99
1808060,
1808150,
1808160,
1808500,39.99
1808640,14.99
1810410,1.0
1812560,19.99
1812580,
1814710,0.99
1814850,
1818280,9.99
1818450,
1818470,14.99
1818880,24.99
1820560,8.99
1821960,1.99
1822080,
1822240,11.99
1822590,
1823340,
1823810,
1824090,5.99
1824150,4.99
1825020,
1827660,16.99
1829960,9.99
1830050,1.99
1830110,
1831230,
1831650,
1833560,7.99
1833870,
1834310,1.99
1834980,4.99
1835870,3.99
1835930,
1836450,
1836850,
1836920,4.99
1837140,9.99
1838580,
1839070,9.99
1839190,19.99
1839680,24.99
1839710,5.99
1840330,
1840480,
1841150,9.99
1843310,34.99
1843400,8.99
1843710,6.99
1843730,9.99
1843860,7.99
1844060,9.99
1845200,
1846940,4.99
1847480,
1848250,
1850740,14.99
1850930,
1852290,7.99
1852360,
1853120,3.99
1853200,0.99
1855110,8.99
1855210,
1855580,19.99
1855920,9.99
1856020,9.99
1856190,14.99
1857650,14.99
1858260,7.99
1858530,
1859270,8.99
1859800,0.99
1862300,
1863010,1.99
1864580,0.99
1865260,4.99
1866120,14.99
1866320,24.99
1866470,6.99
1867580,14.99
1868680,15.99
1868760,9.99
1869130,14.99
1869500,19.9
1870280,
1870490,12.99
1872550,
1872800,
1873120,
1873230,
1873740,6.99
1873820,4.99
1874170,29.99
1874980,
1875810,5.99
1876030,5.99
1877330,
1878010,15.99
1879030,3.99
1879240,
1879400,8.99
1881320,
1882200,1.99
1882410,
1883530,9.99
1884030,1.99
1884510,
1884540,
1884970,2.99
1887380,
1887420,6.99
1888440,4.99
1889640,9.99
1890350,
1891120,8.99
1891240,
1892140,4.99
1892640,3.99
1892780,
1894460,9.99
1894770,4.99
1895960,7.99
1896180,
1898910,
1898980,
1899000,
1900080,
1902650,0.99
1902830,7.99
1903530,0.99
1903730,4.99
1904830,
1906130,4.99
1906190,
1906660,9.99
1906980,
1910410,
1911390,
1911900,7.99
1912940,
1913810,5.99
1915880,
1916310,15.99
1916560,
1916970,7.99
1917470,
1918640,10.99
1918970,8.99
1919140,4.99
1920290,
1921130,10.99
1921490,14.99
1921500,11.99
1921510,11.99
1922270,
1922560,29.99
1922980,11.99
1924270,4.99
1924350,1.99
1924470,
1924510,
1927030,2.99
1927650,
1928210,
1928670,4.99
1928840,
1928980,29.99
1929360,2.99
1929610,19.99
1929980,
1930040,19.99
1930190,
1930210,
1930920,19.99
1931740,
1931930,
1931950,6.99
1931990,17.99
1932250,
1932380,
1932490,19.99
1932590,
1933010,7.99
1933060,1.99
1935810,6.99
1936800,
1937050,
1937540,9.99
1937820,11.99
1938010,69.99
1938660,3.99
1938750,6.99
1939290,
1939390,11.99
1940080,
1940090,4.99
1940200,9.99
1940360,
1940870,6.99
1941430,1.99
1943440,14.99
1943950,9.99
1944050,0.99
1946330,
1946600,
1946650,0.99
1947090,3.99
1948390,6.9
1948490,8.99
1949890,4.99
1949970,
1951780,8.99
1952020,
1952520,39.99
1952560,18.99
1952780,
1952920,
1953230,7.99
1953520,39.99
1954260,
1955330,2.99
1955440,3.99
1956490,4.99
1957110,4.99
1957210,1.99
1957680,14.99
1957780,24.99
1957880,3.99
1958230,5.99
1958250,4.99
1958950,3.99
1959460,
1961460,
1961930,11.99
1961960,9.99
1962100,14.99
1963200,0.99
1963360,
1963610,19.99
1964830,
1965070,
1966610,4.99
1966720,9.99
1967050,
1968300,6.99
1969370,39.99
1969410,9.99
1970090,
1972160,4.99
1973970,
1973990,9.99
1974220,14.99
1975120,
1975370,6.99
1975640,
1975730,4.99
1977530,
1978210,19.99
1978460,6.99
1979460,9.99
1979520,4.99
1980150,
1980820,4.99
1984670,0.99
1985420,16.99
1986560,12.99
1986840,4.99
1987080,6.99
1987550,14.99
1988900,
1989540,
1989990,
1990540,3.99
1992520,1.99
1992530,
1992890,
1994140,
1994510,4.99
1994650,
1996440,
1996500,
1998040,2.99
1998280,
1998590,24.99
2001110,14.99
2001120,49.99
2001210,3.99
2001760,59.99
2001860,
2002730,
2002740,
2003270,12.99
2003320,1.99
2003450,
2005790,
2006560,5.99
2006730,
2007880,6.99
2008280,
2008410,29.99
2009310,
2009340,12.99
2009360,
2009470,
2009620,9.99
2011330,
2012070,
2012570,4.99
2013730,4.99
2014380,49.99
2015220,
2015650,3.99
2016590,
2017080,49.99
2018700,
2018960,19.99
2019620,19.99
2022060,9.99
2023160,
2025320,0.99
2025680,
2025780,1.0
2026450,
2026510,9.99
2026990,
2027860,3.99
2050210,2.99
2050370,
2052710,
2052730,9.99
2054300,7.99
2055480,
2056510,
2059170,24.99
2059350,
2059760,13.99
2060150,
2061620,13.99
2061980,
2062020,
2062910,3.99
2063110,
2063170,
2065340,
2066000,
2066460,
2068050,39.99
2068380,
2068680,
2069190,
2069900,
2070270,29.99
2071300,
2071400,7.99
2071630,
2071770,1.99
2072360,7.99
2072430,8.99
2072640,4.99
2073590,7.99
2073620,
2073640,
2074390,3.99
2075050,6.99
2076970,
2076980,
2077770,4.99
2078350,29.99
2079230,
2079710,6.99
2080140,14.99
2080450,19.99
2080480,2.99
2081610,
2082860,7.99
2082990,
2083940,
2084190,
2084230,
2086450,18.99
2087360,99.99
2087540,
2092820,
2093110,1.99
2093330,
2093580,
2093590,4.99
2093970,12.99
2094600,
2094900,
2095420,29.99
2095540,9.99
2097160,
2097210,
2097840,19.99
2097850,
2098350,
2099570,
2101750,
2101880,0.99
2102040,24.99
2102420,
2103020,4.99
2103630,4.99
2103950,9.99
2104310,3.99
2104520,1.99
2104750,14.99
2104890,39.99
2105600,29.99
2107080,
2107300,
2107650,1.99
2108310,7.99
2111170,39.99
2112550,2.99
2113710,
2113770,6.99
2114130,
2114370,2.99
2115390,9.99
2115810,
2116120,21.99
2116170,
2117420,
2117430,12.99
2118060,
2119580,15.99
2119590,4.99
2119740,
2119830,12.99
2120640,
2120710,
2121050,2.99
2121450,9.99
2121550,
2122000,3.99
2122880,12.99
2124120,24.99
2124300,9.99
2125410,
2126860,
2126980,
2127300,
2127590,4.99
2128140,7.99
2128230,
2128600,9.99
2128810,9.99
2129140,4.99
2129530,39.99
2129850,4.99
2131220,
2131240,9.99
2131350,1.99
2132540,24.99
2133650,
2133810,
2134400,
2136340,
2136990,19.99
2137540,
2138460,9.99
2138780,2.93
2139890,7.99
2140510,
2140700,11.99
2141730,9.99
2142170,0.99
2142490,
2145950,9.99
2146270,14.99
2146730,4.99
2147710,5.0
2148930,
2150810,
2151130,
2151790,9.99
2152050,
2153420,0.99
2153780,29.99
2153880,0.99
2154660,1.99
2155010,4.99
2157830,39.99
2158210,9.99
2158220,
2159400,
2159980,
2160190,4.99
2160220,7.99
2160420,8.99
2161230,7.99
2162870,0.99
2164610,2.99
2164930,9.99
2165470,13.99
2166250,2.99
2167390,12.99
2168200,14.99
2169140,
2169700,2.99
2170380,
2172900,39.99
2173810,7.99
2174060,
2174420,4.99
2174510,
2175180,
2176500,
2178430,
2178840,0.99
2179180,
2179940,
2180690,
2180890,4.99
2181480,4.99
2182770,8.99
2182990,7.99
2185160,14.99
2186970,4.99
2187420,
2188880,
2189040,
2189120,0.99
2190910,1.99
2191180,4.99
2191500,19.99
2191590,
2191690,
2192600,
2192900,7.99
2192970,9.99
2193510,
2193670,0.99
2194570,9.99
2195500,5.99
2195970,0.99
2196020,
2196870,9.99
2197310,
2197890,9.99
2198400,10.99
2198690,
2198850,
2198890,
2199420,19.99
2199860,14.99
2200990,4.99
2201070,9.99
2202150,19.99
2202220,
2202270,4.99
2203850,4.99
2204350,9.99
2204560,7.99
2206690,4.99
2206790,
2207920,
2208330,3.99
2208570,9.99
2208780,9.99
2209340,
2209390,3.99
2209620,
2209930,
2210500,19.99
2210890,2.99
2211260,
2211790,6.99
2212400,7.99
2213390,
2214170,
2214250,
2214320,
2215050,
2215790,
2215800,
2215910,
2216090,
2216360,6.99
2216840,
2217440,0.99
2218200,
2219660,
2220170,
2220200,
2221390,13.99
2221820,3.99
2222090,
2223760,
2223860,
2224610,24.99
2224680,11.99
2226280,
2226350,1.99
2226750,4.99
2228310,3.99
2228710,6.99
2228720,
2230540,4.99
2231300,
2232120,
2232600,5.99
2233920,7.99
2234140,7.99
2234150,2.99
2234550,4.99
2234920,5.99
2235200,19.99
2235310,
2235730,
2238240,3.99
2238750,2.99
2238760,0.99
2239520,19.99
2240390,14.99
2241910,3.99
2242630,
2243220,15.99
2244050,11.99
2244550,0.99
2245210,4.99
2245610,9.99
2246340,39.99
2246810,
2247510,4.99
2247670,4.99
2248010,
2248290,
2248890,13.99
2248950,
2249590,14.99
2249700,5.99
2250740,
2251870,4.99
2254600,0.99
2255140,
2256290,10.99
2256350,
2256840,
2257590,3.99
2261310,6.99
2261560,
2261600,2.99
2261690,10.99
2262890,0.99
2263500,
2263920,4.99
2264460,3.99
2264470,
2265170,
2265370,
2265730,
2265920,
2266700,4.99
2267230,
2267790,15.99
2267800,
2268260,
2269500,
2269730,14.99
2270270,
2270980,1.99
2271930,19.99
2273980,29.99
2274190,
2274270,
2275020,6.99
2275820,
2275840,2.99
2276500,9.99
2276780,4.99
2276810,4.99
2276880,
2277420,
2278110,
2278360,7.99
2278790,17.99
2278820,9.99
2280320,10.99
2281080,
2281360,3.99
2281530,
2282360,
2282790,14.99
2283120,4.99
2283580,17.99
2285250,
2285890,
2286280,9.99
2286380,
2288660,3.99
2290490,
2290500,3.59
2290950,
2291870,
2291880,4.99
2292720,9.99
2292740,2.99
2292840,5.99
2293080,3.99
2293400,
2293430,
2294250,
2294280,9.99
2294660,9.99
2294920,9.99
2295150,
2295320,
2296880,14.99
2296990,3.99
2297240,2.99
2298960,
2300120,39.99
2300130,
2300230,8.99
2300320,29.99
2301630,
2301640,
2302120,
2303200,
2303550,
2303780,
2304620,6.99
2306120,5.99
2306710,9.99
2307080,13.99
2307870,9.99
2309030,19.99
2309350,
2309400,9.99
2310390,
2311270,
2311890,
2313830,3.99
2314580,7.99
2315100,12.99
2316420,
2317640,14.99
2317820,9.99
2318440,3.99
2318480,11.99
2318640,
2318880,0.99
2319060,
2319330,
2321250,19.99
2321890,
2323360,
2324410,
2324740,
2324780,
2325190,
2326040,
2326380,
2327140,9.99
2327160,3.99
2327200,3.99
2327220,
2328310,49.99
2328380,14.99
2329070,
2329520,2.99
2329580,2.99
2330210,6.99
2331390,
2331580,
2331780,
2332190,19.99
2333060,2.99
2334220,
2334280,11.99
2334450,8.99
2334780,5.99
2335610,
2335670,
2336220,15.99
2336430,
2336820,
2337360,12.99
2338740,14.99
2339320,39.99
2340860,9.99
2341210,
2341450,2.02
2341780,11.99
2342260,
2343650,
2343920,14.99
2344060,8.99
2344320,
2344820,
2345430,12.99
2347180,5.99
2348730,18.99
2349040,14.99
2350290,14.99
2351560,9.99
2352710,2.79
2353160,
2353190,10.99
2353900,1.99
2354450,8.99
2354630,
2354870,
2355860,5.99
2356140,4.99
2356460,
2356530,19.99
2356560,29.99
2357000,14.99
2357510,
2357950,8.99
2358120,
2358620,12.99
2359470,14.99
2360550,
2363590,
2364290,6.99
2365030,0.99
2367280,4.99
2368320,
2368390,4.99
2368490,
2369640,19.99
2369760,7.99
2370270,
2372340,
2372370,9.99
2372480,2.99
2372930,
2375090,3.99
2375550,49.99
2375710,1.99
2375730,12.99
2376190,2.99
2377230,5.99
2377340,2.99
2378060,2.99
2378410,
2379160,16.99
2379390,39.99
2379500,
2380940,4.99
2383180,14.99
2383760,29.99
2383920,9.99
2383940,
2383990,19.99
2384300,
2385120,
2387270,
2388580,9.99
2389420,
2389810,
2390420,
2394180,
2396250,
2397360,
2398920,
2399070,5.99
2399420,39.99
2400790,4.99
2400880,3.99
2401370,3.99
2401680,14.99
2402690,
2404240,
2405290,
2405640,
2405730,11.99
2406230,
2406370,10.99
2406610,2.99
2407600,
2408920,4.99
2409050,7.99
2410080,
2410490,
2410500,
2410740,3.99
2410810,
2410820,1.99
2411210,2.99
2411280,
2413450,
2417490,2.99
2417530,
2417560,
2417650,5.99
2418290,
2418600,6.99
2419010,4.99
2419240,11.99
2420540,1.99
2420800,
2421450,
2422870,
2423100,7.99
2423300,6.99
2423760,24.99
2424480,19.99
2426520,
2427850,
2428110,
2428810,39.99
2430390,24.99
2430790,1.99
2431100,4.99
2431700,29.99
2431790,
2431920,
2431940,6.99
2432000,3.99
2432250,0.99
2432990,
2434300,2.99
2434930,
2435250,
2435920,4.99
2435980,
2436350,2.99
2436410,7.99
2437390,
2438120,4.99
2438180,14.99
2438240,11.99
2438460,2.99
2439700,2.99
2439960,
2440210,
2440760,
2441360,29.99
2445690,17.99
2446040,6.99
2446180,5.99
2448830,13.99
2449640,
2450290,7.99
2451010,24.99
2451310,14.99
2453430,
2454600,7.49
2454890,8.99
2455040,24.99
2455260,4.99
2455360,24.99
2455370,29.99
2459290,0.99
2461110,17.5
2461140,
2463160,4.99
2463710,11.99
2463720,11.99
2464530,19.99
2464540,3.99
2465510,19.99
2466970,0.99
2467300,6.99
2467380,
2468720,9.99
2469160,3.99
2469200,9.99
2469320,1.99
2470010,
2470330,
2470470,
2470700,4.99
2472390,1.99
2472670,
2472810,
2472820,9.99
2473450,3.99
2474010,
2475010,24.99
2475460,4.99
2475670,
2476710,4.99
2477340,39.99
2478290,
2478840,7.99
2479150,19.99
2479440,0.99
2479580,1.99
2479670,
2479810,39.99
2480930,1.99
2482670,9.99
2482760,
2482850,19.99
2483190,69.99
2483470,
2485060,4.99
2487140,9.99
2489820,12.99
2490850,19.99
2490960,
2491310,4.99
2491700,9.99
2493670,8.99
2494690,
2497560,4.99
2499400,
2499750,
2500080,2.99
2500700,1.99
2500750,4.99
2501590,2.99
2503600,5.99
2503640,
2505020,
2506480,14.99
2506680,
2506820,13.99
2507690,
2507950,
2508550,
2511160,
2511300,
2511430,
2512840,
2512860,
2512880,
2513230,
2514460,9.99
2514580,7.99
2514890,
2514970,
2515430,
2515660,
2516430,16.99
2516770,5.2
2518430,3.99
2518600,1.99
2519700,
2520460,
2520490,6.99
2520580,3.99
2520670,0.99
2520840,
2521370,
2523720,39.99
2524650,
2524700,9.99
2524870,6.99
2524930,4.99
2524980,
2525690,2.99
2526030,
2526300,
2526410,24.99
2526880,19.99
2527760,3.99
2527940,
2530970,4.99
2532110,
2532780,4.99
2533180,
2534300,
2535010,4.99
2535830,7.99
2535990,
2536260,6.99
2536600,9.99
2537010,11.99
2537190,7.99
2537430,
2538220,
2539800,5.99
2539870,
2540450,
2540530,
2540540,5.99
2541520,9.99
2541950,
2543180,19.99
2543510,4.99
2543830,39.99
2544330,4.99
2545130,1.99
2545360,24.99
2545380,8.99
2545550,
2546150,4.99
2546650,
2547710,
2547890,
2548050,
2548650,3.99
2548770,3.99
2549040,
2549080,
2550460,9.99
2550530,
2551440,10.99
2551790,
2552190,
2553890,4.99
2557470,
2558110,5.99
2558150,
2558660,2.58
2560240,14.99
2561660,
2562390,
2562910,
2563050,14.99
2563130,
2563230,
2563820,
2564480,
2564860,7.99
2564910,14.99
2567870,4.99
2567910,
2569760,29.99
2571140,6.99
2571170,
2572540,
2572560,7.99
2574120,29.99
2574270,11.99
2575060,
2576150,24.99
2576710,2.99
2577900,
2578140,14.99
2580310,9.99
2580380,
2582310,
2582900,0.99
2582960,
2583380,
2583700,
2585530,5.99
2586430,29.99
2587450,
2587840,4.99
2588180,19.99
2589320,11.99
2589340,11.99
2589910,4.99
2590010,
2590150,
2590750,
2590910,1.99
2591580,0.99
2591810,1.99
2591990,4.99
2592220,9.99
2592340,19.99
2592470,4.99
2593870,
2593970,9.99
2593980,
2595530,4.99
2596100,4.99
2597200,
2597330,
2597570,19.99
2597610,
2597900,
2598110,5.99
2599370,11.99
2600830,6.99
2601510,14.99
2601730,3.99
2601840,
2602220,
2602430,14.99
2605290,
2605790,29.99
2606850,
2607150,
2607420,
2607640,4.99
2608940,
2609400,
2609610,24.99
2610020,
2610050,2.99
2610970,
2612230,2.99
2612960,15.99
2613480,
2613870,
2615010,6.99
2615770,
2616040,5.99
2616170,17.99
2616270,
2617210,4.99
2617470,3.99
2619640,12.99
2620240,9.99
2620630,
2621350,
2622280,14.99
2622690,14.99
2623630,
2624660,5.99
2624730,
2625330,7.49
2625390,19.99
2625420,24.99
2625510,4.99
2626760,1.99
2626770,
2626780,9.99
2626830,
2627040,4.99
2627570,7.99
2627580,
2628710,
2630690,
2630970,4.99
2631080,
2631140,19.99
2631250,49.99
2631450,13.99
2631520,
2631810,
2632680,
2633100,3.99
2633940,
2634510,11.99
2634700,9.99
2634870,
2635490,2.99
2635640,7.99
2635990,
2636460,
2637020,
2637870,14.99
2638240,3.99
2638910,7.99
2639140,1.99
2639270,
2639410,
2639930,
2640880,
2640950,28.99
2641490,16.99
2641740,
2641910,7.99
2641930,0.99
2642310,3.99
2642500,11.99
2642870,3.99
2643290,7.99
2643540,
2643810,
2644040,0.99
2644220,6.99
2644470,8.99
2645000,2.99
2645030,9.99
2645060,
2645490,8.99
2645800,
2646460,29.99
2646710,1.99
2647980,8.0
2648050,19.99
2648580,
2648720,
2649860,8.99
2650080,9.99
2651090,6.99
2651780,
2652930,4.99
2653120,9.99
2654710,6.99
2655190,9.99
2655770,7.99
2657140,7.99
2657220,1.99
2657270,
2657560,7.99
2657600,11.99
2658010,1.99
2658510,24.99
2659790,
2660510,9.99
2661300,29.99
2661470,3.99
2662190,
2662310,
2664650,9.99
2665020,
2665250,19.99
2666060,
2667020,4.99
2668320,
2668530,9.99
2669930,
2670810,5.99
2670890,
2671090,
2672260,9.99
2672290,
2672740,
2673870,
2673990,2.99
2675290,2.99
2676960,7.99
2678660,3.99
2679320,
2679340,4.99
2681660,0.99
2682260,
2683150,14.99
2683170,
2684140,
2684740,
2685280,0.99
2686690,4.99
2687040,
2688030,
2688180,2.99
2688190,
2688270,
2688400,1.99
2688950,49.99
2690080,
2691450,2.99
2691530,
2691550,
2692200,4.99
2692720,0.99
2692950,8.99
2692990,7.99
2693400,
2693650,9.99
2694490,29.99
2695940,9.99
2696420,14.99
2696590,
2696930,
2696960,
2698040,7.99
2698420,12.99
2698880,
2700560,
2700790,14.99
2701080,
2702190,2.99
2702920,4.99
2704340,
2704350,
2704860,5.99
2705130,
2705580,
2705890,24.99
2706230,6.99
2707540,
2708320,7.99
2708450,9.99
2708790,2.99
2709500,
2709600,9.99
2710420,7.99
2711010,
2711690,
2713380,
2713940,0.99
2713960,
2714330,3.99
2714340,3.99
2714920,9.99
2714970,7.99
2715910,19.99
2716620,4.79
2718150,8.99
2718260,
2719160,19.99
2719290,5.99
2719500,
2719810,
2719940,
2720340,3.0
2720640,
2721020,1.99
2721340,4.99
2721360,
2721690,6.99
2722220,
2722330,14.99
2723370,
2723460,1.99
2724710,
2725660,15.99
2725670,
2726030,
2726270,
2726580,
2727850,5.99
2728250,7.99
2731260,
2731550,
2731760,9.99
2732230,14.99
2732610,5.99
2732790,14.99
2733710,7.99
2734970,
2735220,3.99
2737070,14.99
2737670,
2738120,
2738480,
2738960,
2739900,3.99
2739940,
2740110,14.99
2741360,14.99
2741420,
2741840,1.99
2743290,
2744100,
2744880,3.99
2746680,
2747330,9.99
2747610,4.99
2747660,
2748050,1.99
2748340,19.99
2748490,0.99
2748650,
2749770,11.99
2749880,
2749920,
2751070,
2751970,
2752710,5.99
2753430,14.99
2753510,
2754340,13.99
2755250,
2756050,
2757510,
2757660,2.99
2759750,2.99
2759920,
2761240,
2761670,9.99
2761820,9.99
2761960,1.99
2762250,6.99
2762970,
2763000,9.99
2764050,1.99
2764690,5.99
2764750,13.99
2765070,
2765790,9.99
2766290,9.99
2766480,
2766640,
2766880,5.99
2767950,
2768300,
2770410,6.99
2771590,4.99
2771970,
2772720,
2772990,9.99
2773280,9.99
2773560,
2773660,
2773720,
2774130,
2774380,7.99
2774570,
2775170,
2776130,
2776300,4.99
2776450,11.99
2776660,4.99
2776860,
2777220,12.99
2778420,
2778840,
2779980,
2780470,6.99
2782820,5.99
2783990,6.02
2784660,
2784920,
2785230,2.0
2785330,4.99
2785350,2.99
2785620,
2786760,
2787320,29.99
2787340,
2787610,9.99
2787750,2.99
2788040,6.99
2788560,
2789400,
2790250,
2790330,12.49
2790700,16.49
2791600,
2791970,
2792420,1.99
2792500,4.99
2793270,4.99
2793280,0.99
2794120,
2794480,
2794590,6.99
2794880,
2795110,
2795540,19.99
2796010,4.99
2796230,1.99
2796250,6.99
2797390,
2798960,
2799230,
2799620,
2800460,15.99
2802410,4.99
2802740,9.99
2802820,9.99
2803140,5.99
2803470,4.99
2805770,14.99
2806800,4.99
2807880,
2808570,2.99
2809380,
2809390,
2809540,
2809830,3.99
2810470,0.99
2810780,14.99
2811100,5.99
2812670,8.99
2813250,0.99
2813510,
2813720,
2814360,4.99
2815570,9.99
2815690,7.99
2818150,18.99
2818260,
2818480,13.37
2818700,
2819410,7.99
2819600,4.99
2820450,4.99
2820910,
2821450,10.99
2821850,9.99
2822300,3.99
2822460,2.99
2822660,
2822720,
2822780,
2823080,8.99
2823090,
2823240,
2823250,9.99
2823840,
2824020,3.99
2824380,14.99
2824410,
2824800,
2824880,11.99
2826140,16.99
2826160,12.99
2827200,9.99
2827400,14.99
2827640,
2827780,2.99
2828370,
2828620,
2828860,29.99
2829070,4.99
2830090,
2830930,
2831320,6.99
2831900,11.99
2832780,8.99
2834510,
2834580,0.99
2835460,9.99
2835530,6.99
2835950,
2835980,
2837640,
2838430,
2838810,
2839090,
2840210,7.99
2841720,8.99
2842150,
2844820,1.99
2845600,
2846060,7.99
2846300,
2846740,1.99
2847390,6.99
2847620,8.99
2848460,4.99
2848760,
2848800,12.99
2850650,
2850960,
2851420,1.99
2851700,11.99
2852140,
2852490,1.99
2852700,
2853290,
2854520,
2855010,1.99
2855790,
2859470,
2859880,
2859970,11.99
2861030,3.99
2861080,
2862470,
2862680,
2862860,29.99
2864370,3.99
2864810,
2865580,4.99
2865830,4.99
2866360,
2866470,
2866620,
2866880,
2867220,6.99
2867380,1.99
2868070,18.99
2868400,4.99
2868740,
2868790,2.99
2868850,
2868860,21.99
2869600,
2869960,3.99
2870080,
2870120,
2870390,
2870790,
2870920,19.9
2871370,6.99
2871520,
2872000,6.99
2872800,3.99
2872990,3.99
2873490,9.99
2873750,
2874730,
2874900,7.99
2875100,4.99
2875260,
2876080,4.99
2876090,4.99
2876640,11.99
2876920,5.99
2877550,
2878420,9.99
2878770,
2879360,
2880070,1.99
2881520,29.99
2881650,7.99
2882280,1.99
2882310,
2883280,3.5
2883400,
2884010,
2884510,
2886060,
2886590,0.99
2886930,1.99
2887450,7.99
2887580,29.99
2887780,
2888830,5.99
2889040,6.99
2889760,
2890060,6.99
2890930,
2891270,0.99
2891790,
2891940,4.99
2892660,6.95
2892910,9.99
2893940,
2895580,
2896330,
2896530,8.99
2896990,
2898650,2.99
2898770,
2898810,7.99
2899880,7.99
2900600,2.99
2900890,2.99
2901570,4.99
2902470,1.99
2903510,
2903710,10.99
2904060,
2904930,10.99
2905890,
2906780,0.99
2907180,
2907820,
2908830,9.99
2909110,6.99
2909140,10.23
2909320,
2909570,3.99
2909870,14.99
2910710,0.99
2912030,4.99
2914110,
2915770,
2915930,
2916290,
2916430,14.99
2918160,
2918470,4.99
2918500,8.99
2918660,
2918700,4.99
2920270,
2920510,7.99
2920570,7.99
2921000,
2921370,
2922630,2.99
2922740,3.99
2923010,8.99
2923030,
2923190,9.99
2923210,
2923350,19.99
2924860,9.99
2925490,14.99
2927290,5.99
2927380,
2928040,
2928280,1.99
2930210,4.99
2930840,
2932790,
2932990,6.99
2933080,19.99
2933760,
2934340,
2935430,
2936130,4.99
2937090,14.99
2937730,5.99
2937810,1.99
2938660,
2939340,
2939900,3.99
2940280,
2940700,7.99
2941520,
2944420,
2946190,5.99
2946530,
2947350,0.99
2947650,16.99
2947710,
2947840,
2948120,
2948690,
2949320,24.99
2949940,
2950190,9.99
2951480,
2951600,
2952930,
2954300,1.99
2955300,
2955840,4.99
2956440,14.99
2956680,14.99
2957900,
2958110,
2958550,
2958950,7.99
2959340,
2959560,7.99
2960070,3.99
2960220,4.99
2960280,14.99
2960540,4.99
2960770,7.99
2962260,4.99
2962340,7.99
2962750,
2963720,6.99
2963880,8.99
2963930,19.99
2964280,1.99
2964550,
2965380,3.99
2965430,1.59
2966570,
2967220,
2967940,
2968420,24.99
2968540,
2971610,4.99
2971900,
2972760,
2974690,
2975350,
2975920,0.99
2976110,9.99
2976320,
2976630,0.99
2976890,7.99
2976900,14.99
2977810,6.99
2978220,
2978980,
2980170,14.99
2981080,3.99
2982360,14.99
2982710,
2985950,1.99
2986340,6.99
2987320,
2987600,
2988030,
2988050,0.99
2988130,
2990300,2.99
2990360,
2990920,
2991630,6.99
2991810,
2993210,
2995920,
2996390,
2996460,
2996520,
2997450,2.99
2997840,19.99
2998860,
2998970,0.99
2999030,12.49
2999670,
3000360,
3001890,
3003460,7.99
3003880,
3004020,
3004100,39.99
3004140,8.99
3006280,14.99
3007590,2.99
3009460,5.99
3009750,0.99
3010060,
3010130,
3010460,8.99
3010560,9.99
3010850,69.99
3012430,
3012470,12.99
3012680,
3012760,
3013790,
3014580,10.0
3015640,
3015690,3.99
3015910,
3017110,
3017610,
3018070,2.99
3018090,
3018340,5.99
3018630,4.99
3019060,
3019350,
3019940,
3020100,
3020950,
3021640,
3021850,6.99
3022120,
3022470,
3022640,
3023190,5.99
3023610,
3023800,2.99
3024080,
3024700,
3024840,1.99
3025290,9.99
3026650,4.99
3026770,9.99
3027300,
3027490,15.99
3027590,3.99
3027820,
3030360,4.99
3030820,1.5
3031450,
3033770,
3034290,
3034650,19.99
3035270,
3035400,4.99
3035440,0.99
3036380,
3036800,9.99
3036880,5.99
3038500,
3038590,0.99
3038690,
3039820,8.99
3040020,
3040390,3.99
3042690,2.99
3043690,3.99
3044240,
3044610,
3046150,5.99
3046620,
3047090,15.99
3047760,1.99
3048670,3.99
3049550,
3049900,2.99
3050090,
3050950,
3051280,
3051660,
3051960,7.99
3053290,
3053490,
3053500,2.99
3053850,9.99
3054140,3.99
3054950,14.99
3055150,
3057060,4.99
3057490,
3058000,
3058480,
3058620,19.99
3059070,7.99
3059300,
3060170,2.99
3061030,4.99
3062700,
3062930,7.99
3063780,14.99
3063970,
3064040,
3064370,
3064500,
3064720,
3064770,
3064990,
3065120,
3065360,8.49
3065800,39.99
3066870,
3067050,
3070040,15.99
3070190,
3070430,
3071240,9.99
3072120,13.99
3072570,
3073510,1.99
3073700,5.99
3073810,14.99
3074390,
3075170,4.99
3075270,
3075800,4.99
3076520,
3076710,
3077140,
3077200,2.99
3077520,
3078760,
3079190,
3081000,14.99
3081120,9.99
3081510,
3082170,
3082910,
3083230,9.99
3083740,7.99
3084040,
3085900,
3086590,
3087110,1.99
3087930,9.99
3088440,6.99
3088990,
3089830,
3091410,
3091520,17.99
3091660,
3092430,
3093030,
3093420,15.99
3093880,1.99
3094400,
3094540,
3095020,
3095720,4.99
3095890,6.99
3095980,
3096820,3.99
3097320,11.99
3097510,15.99
3097560,6.99
3098470,17.99
3098490,
3099190,7.99
3099370,
3099550,
3100730,
3100940,
3102290,39.99
3103040,3.99
3104020,14.99
3104070,
3104250,6.99
3104370,
3104610,9.99
3106150,5.99
3106690,1.99
3106880,9.0
3107590,8.99
3107810,2.99
3108140,4.99
3108650,
3108820,2.99
3109030,
3110010,3.99
3111080,9.99
3111800,
3111960,
3112420,4.99
3112730,29.99
3113140,
3113330,
3113590,
3113730,9.99
3113750,2.99
3113940,
3115320,
3115420,
3116440,
3116480,5.99
3116640,19.99
3118840,
3118860,6.99
3119210,
3119820,3.99
3120190,9.99
3120210,19.99
3121110,4.0
3121420,
3123290,11.99
3123830,9.99
3123980,
3124540,19.99
3125250,24.99
3126220,7.99
3126410,
3126470,9.99
3127290,
3127600,
3128530,
3129180,
3131260,
3131700,
3133440,
3134820,
3135050,
3138570,4.99
3139480,
3139570,7.99
3140620,6.99
3140720,11.99
3140970,
3140990,9.99
3141530,
3142980,
3143740,
3144060,
3144110,8.99
3145830,
3146010,6.99
3146550,
3146590,
3147170,2.99
3147200,
3148010,3.99
3148170,0.99
3148270,
3148930,
3150210,
3150970,3.99
3151140,
3151700,
3151820,1.99
3152230,3.99
3153030,
3153140,3.99
3154150,
3155010,9.99
3156370,2.99
3156640,5.99
3156770,39.99
3157010,19.99
3158060,
3158110,
3158600,9.99
3159050,
3159620,2.99
3161440,15.99
3162140,8.99
3162190,
3162650,
3163070,
3164010,
3164410,0.99
3165990,
3166140,5.99
3166230,
3166860,
3167020,17.99
3167320,
3167540,8.99
3168600,9.99
3169450,
3170060,
3170110,
3170640,5.99
3170720,
3171380,
3171500,13.99
3171780,2.99
3172770,7.99
3174510,2.99
3174810,2.99
3175020,
3175180,
3175590,
3176060,8.99
3176290,
3176720,11.99
3177490,
3178670,
3179450,1.99
3179870,
3180700,
3181960,
3182020,0.99
3182290,
3183990,
3184440,
3184710,0.99
3185170,
3185820,
3186260,
3186280,
3187960,
3188350,4.99
3188530,
3189110,
3189810,
3191800,4.99
3192980,
3193490,
3193580,
3193830,0.99
3193920,
3193990,
3194090,
3194220,
3194340,8.99
3194380,4.99
3194510,9.99
3195020,
3195250,
3195350,7.99
3195470,9.99
3196270,
3196390,
3198360,9.99
3198880,
3199540,
3200020,0.99
3200600,
3201910,19.99
3202430,4.99
3203040,7.99
3203360,
3204770,6.99
3204780,4.99
3204850,
3205480,199.99
3208260,4.99
3208910,14.99
3209530,
3209700,4.99
3209920,4.99
3209950,
3210730,4.99
3211310,
3213300,
3213600,12.99
3215820,6.99
3216300,3.99
3216370,
3216790,12.99
3219160,9.99
3219630,39.99
3219680,
3222130,5.99
3222860,6.99
3223330,7.99
3223760,0.99
3224910,
3226030,29.99
3226360,
3227240,19.99
3227810,4.99
3228590,24.99
3229460,0.99
3229970,14.99
3229980,18.99
3230270,5.99
3230330,
3231990,2.99
3232000,
3232040,6.99
3232660,
3233230,19.99
3233630,9.99
3233810,0.99
3234100,7.99
3235150,
3237000,6.99
3237420,
3237440,9.99
3237460,
3237570,9.99
3238580,11.99
3239220,5.99
3239370,1.99
3239770,17.99
3239840,0.99
3240510,1.99
3240590,
3240950,1.99
3241520,4.99
3241660,9.99
3242890,4.99
3243290,
3244030,2.99
3244990,
3247720,12.99
3247750,14.99
3249560,9.99
3249580,2.99
3250120,2.99
3250220,14.99
3250670,2.99
3251280,
3251660,
3251700,
3252160,4.99
3252400,6.99
3252550,4.99
3252600,0.99
3253440,4.99
3253530,5.99
3253730,
3253980,
3253990,9.99
3254730,
3255120,4.99
3255820,
3257620,
3258290,14.99
3258560,8.99
3260310,
3261510,1.99
3261780,
3262520,
3262810,7.99
3262870,7.99
3263320,4.99
3264250,24.99
3264820,11.99
3264980,
3265230,8.99
3265340,
3265420,
3265510,
3266110,
3266120,
3266790,
3266950,9.99
3267370,6.99
3267550,9.99
3268130,
3268600,5.99
3268890,
3268910,
3269050,
3269410,6.99
3269850,0.99
3270270,7.99
3270800,4.99
3271950,4.99
3273060,
3275460,3.99
3275780,
3275850,
3275890,
3276100,
3277580,3.95
3278120,6.99
3278260,
3278390,9.99
3279150,7.99
3280430,3.99
3281490,
3281600,
3281790,14.99
3282300,24.99
3282980,3.99
3283630,2.99
3284080,
3286440,9.99
3286780,
3288340,
3288600,1.99
3290330,
3291010,39.99
3291090,7.99
3291500,
3291520,9.99
3292290,5.99
3292370,
3293190,
3293700,5.99
3293950,
3294220,1.99
3294320,
3294750,4.99
3295360,11.99
3295810,19.99
3295890,3.99
3296060,
3296990,
3297250,
3297290,
3297310,
3298460,3.99
3298560,
3298920,
3299010,
3299050,
3299140,
3299470,
3299510,
3300820,2.99
3301300,
3302230,
3302740,
3304040,1.99
3306050,
3307340,
3308110,
3308210,
3309070,
3309510,
3310530,29.99
3312060,4.99
3312250,9.99
3312300,1.99
3313350,
3313860,2.99
3314270,
3314580,
3315230,14.99
3315490,7.99
3316060,
3316330,1.99
3316410,3.99
3317570,
3317920,
3319140,
3319450,
3319750,0.99
3320000,
3320320,
3321190,
3321290,
3321400,9.99
3323030,
3325000,0.99
3325020,4.49
3325210,
3325350,
3327430,
3327950,
3328170,
3331310,9.99
3331550,
3333060,16.37
3333200,
3333840,
3334050,
3334560,
3334760,
3336370,4.99
3337110,0.99
3337850,
3338020,
3338350,
3339100,13.99
3339820,
3340770,
3340890,9.99
3341800,4.99
3342080,4.99
3342410,2.99
3343020,
3343840,2.99
3344400,4.99
3344520,
3344790,1.99
3345950,5.99
3346460,
3347200,8.99
3347910,
3347960,
3348150,
3348260,
3349600,0.99
3349960,9.99
3350190,4.99
3351040,3.99
3351260,
3352020,14.99
3352150,
3352950,
3353000,2.99
3353090,8.99
3353430,
3354160,
3354750,
3355410,
3355910,4.99
3356310,
3356340,2.99
3356970,5.99
3358560,12.99
3360220,3.99
3360730,
3361060,
3361190,
3362190,6.99
3362340,7.99
3363400,
3363610,3.99
3363810,4.99
3364070,29.99
3364600,9.99
3365170,19.99
3366010,
3366370,
3367490,
3367500,9.99
3367710,
3367810,
3368390,
3368520,
3369000,4.99
3369290,9.99
3369720,
3370270,
3370540,
3370840,
3371070,
3372420,6.99
3372630,
3372890,3.0
3372990,
3373440,
3373530,29.99
3374090,
3374360,2.99
3374560,2.99
3375140,
3375220,0.99
3375990,
3376130,4.99
3376250,3.99
3376480,
3376710,
3377170,6.99
3377450,
3377890,6.99
3379220,1.99
3379690,
3380340,19.98
3380410,
3381970,6.99
3381980,
3382280,1.99
3382460,
3382670,5.99
3382860,
3383510,
3383720,4.99
3383850,6.66
3384340,
3387650,
3389380,
3390010,
3390160,12.99
3390200,5.99
3390390,
3391000,
3391130,
3391260,
3391350,3.99
3391470,
3392420,9.99
3393200,
3393480,
3393620,
3393780,
3393820,4.99
3394450,2.99
3394740,
3394840,19.99
3395290,
3395310,9.99
3396090,9.99
3396100,6.99
3396740,5.99
3396890,0.99
3398760,
3398870,9.99
3398980,
3399920,17.99
3399950,0.99
3400930,5.5
3401960,
3403500,0.99
3404170,19.99
3404470,5.99
3404480,8.99
3404880,
3406350,4.99
3406940,
3407450,
3408210,
3408540,
3408870,0.99
3409010,
3409720,5.99
3410410,
3411260,
3411570,
3412160,12.99
3413170,17.99
3414640,0.99
3417410,7.99
3418040,
3419960,3.99
3421030,2.99
3421300,4.99
3421940,2.99
3422060,
3422330,1.99
3422460,6.99
3423620,
3423700,
3423980,
3424820,13.0
3424870,3.99
3424910,
3425120,1.99
3425150,
3426310,
3426670,
3427700,1.99
3428270,
3428870,4.99
3429190,
3429890,9.99
3431190,
3431220,3.99
3431500,
3431590,
3431620,
3432120,
3432220,
3432420,6.99
3433640,3.99
3433820,
3434430,1.99
3434490,
3434550,3.99
3435110,17.99
3435180,
3435640,
3436490,1.99
3437600,
3438080,
3438550,3.0
3438850,7.99
3438900,9.99
3438920,
3439540,
3439980,
3442760,3.99
3443060,
3443650,
3444080,11.99
3444220,5.99
3446850,1.49
3447070,24.99
3447180,
3447690,2.99
3447940,6.99
3448000,
3448510,
3448650,49.99
3448750,4.99
3450150,
3450180,0.99
3450340,3.99
3451500,5.99
3451820,
3453430,
3453610,6.99
3453760,9.99
3453910,9.99
3454860,
3456650,
3456920,
3457790,4.99
3458050,
3458140,
3458330,
3458380,0.99
3458850,
3458880,
3458900,
3459480,0.99
3459610,
3461300,4.99
3461600,
3464150,
3464230,
3464690,
3465050,9.99
3465070,
3465370,1.99
3467040,19.99
3467310,4.99
3467390,4.99
3467590,4.99
3467660,7.99
3468160,
3468170,
3468200,
3468330,9.99
3468720,
3468790,4.99
3470550,9.99
3470800,8.99
3470870,2.99
3472280,
3472560,
3472960,
3473060,2.99
3473200,
3473580,19.99
3473900,
3473920,
3474070,
3475680,
3476240,7.99
3477170,2.99
3477320,
3478880,
3479080,
3480600,
3480910,
3481230,4.99
3482770,
3483800,
3483950,
3484210,9.99
3484480,
3486420,
3486520,4.99
3486770,4.99
3487500,
3488690,
3489210,
3492250,0.99
3492720,4.99
3492760,9.99
3494520,24.99
3495480,
3498650,6.99
3498760,
3499940,3.99
3500460,
3502860,3.99
3503350,
3504460,6.99
3504780,9.99
3505800,
3506310,
3506730,
3506830,
3507930,4.99
3508060,
3508260,8.99
3509130,14.99
3510690,
3511130,12.99
3511660,5.99
3511810,4.99
3513030,9.99
3513200,
3513320,
3513440,
3513480,7.99
3513600,7.99
3515130,
3515560,4.99
3515620,2.99
3516640,3.99
3516890,10.99
3517190,
3517530,
3517560,
3521330,13.99
3521770,6.99
3522470,4.99
3523630,
3524060,5.99
3524280,
3524700,6.99
3525360,7.99
3525790,39.99
3525850,199.99
3527290,7.99
3528930,0.99
3529750,
3530410,2.99
3530640,
3532340,6.99
3532640,
3533370,
3533380,
3534040,1.99
3534100,7.99
3534190,
3534270,
3534630,
3534710,
3534750,4.99
3536710,
3537230,
3539120,
3539220,
3540060,
3541160,
3542260,
3542310,4.99
3543860,7.99
3543890,4.99
3544130,6.99
3545200,
3545560,
3546650,
3546790,
3547430,
3547510,
3547640,
3548000,14.99
3548510,
3548520,9.99
3551100,3.99
3551630,1.99
3553020,11.99
3553250,7.99
3553650,
3554630,14.99
3555300,
3555370,5.99
3557530,12.99
3557690,5.99
3558400,9.99
3560470,
3560920,
3561580,
3562230,
3562400,
3563000,
3563060,
3563570,
3563590,
3564110,
3564340,5.99
3564490,
3564850,
3566940,4.99
3567350,2.99
3568030,0.99
3568070,
3568460,6.99
3568830,2.99
3569420,
3569430,
3569950,19.99
3570070,4.99
3572060,5.99
3572120,4.99
3572580,9.99
3572800,14.99
3574210,
3574550,
3574840,
3575300,4.99
3575840,2.99
3576380,
3576670,
3576880,5.99
3576920,
3577240,
3578250,
3578350,
3578530,4.99
3579010,6.99
3579300,11.99
3579320,9.99
3579630,
3582170,1.99
3582500,
3582690,
3583210,7.99
3583970,9.99
3584250,
3584350,
3584710,3.99
3585080,2.99
3585310,4.99
3585400,4.99
3585760,6.99
3586060,5.99
3586420,6.99
3586760,
3587020,
3587200,
3587260,2.99
3588310,1.99
3588490,5.49
3589010,4.49
3589720,2.99
3590570,
3591370,
3592220,6.99
3592490,1.99
3592800,
3593250,
3593290,
3593400,
3593660,
3594680,4.99
3594790,
3594990,
3595390,
3597670,
3597720,
3598190,1.99
3598790,1.99
3599340,0.99
3599510,1.49
3599680,
3600120,4.79
3601450,
3601810,
3602150,2.99
3602270,
3603380,9.99
3603860,
3604490,
3604550,3.99
3604600,
3604800,
3605090,9.99
3605140,11.69
3605480,
3605510,
3605910,
3606390,2.99
3606840,
3607730,
3607770,4.99
3607900,
3611780,
3611940,6.99
3612300,
3612850,7.99
3613050,14.99
3613730,7.99
3614690,4.99
3615110,3.99
3615340,
3615420,
3616260,9.99
3616560,
3616730,
3616910,6.99
3617250,
3617310,
3617830,
3617840,
3618030,4.99
3618060,9.99
3618560,4.99
3618840,
3619490,
3620130,5.99
3620240,
3620610,
3620690,
3620720,6.99
3621090,
3621700,4.99
3622660,
3622930,
3622950,
3623280,2.99
3623330,9.99
3624390,4.99
3625220,1.99
3626560,5.99
3627560,
3628360,9.99
3628390,17.99
3629140,14.99
3629570,4.99
3629620,
3629640,
3630010,
3630870,2.99
3630930,0.99
3630950,
3631040,
3631410,4.99
3631900,
3633400,6.99
3633690,
3634050,
3634090,1.99
3634220,5.99
3635050,
3635540,
3636130,12.99
3636190,
3636380,
3636520,5.99
3636680,
3636740,
3637410,
3637950,
3638830,
3639240,4.99
3639490,14.99
3640200,9.99
3640740,4.99
3640950,
3642040,
3642500,
3642720,
3642850,6.5
3643170,14.99
3643250,
3643790,7.99
3644020,
3644200,
3645100,
3645730,
3645820,5.99
3645880,3.99
3645890,9.99
3647240,
3647510,
3648350,
3648840,
3648960,
3649790,
3650100,3.99
3650190,
3650330,
3651130,11.99
3651960,
3652210,
3652570,2.99
3653590,16.99
3654540,
3654580,3.99
3655170,
3656580,
3656980,0.99
3657080,
3657230,1.99
3657240,4.99
3657500,
3658780,2.99
3659090,9.99
3659130,
3659280,
3659900,
3660260,
3660410,
3660440,5.99
3661410,
3661830,
3663980,3.99
3664010,
3664440,
3664650,
3665130,
3665430,
3665520,
3665610,
3665770,
3666470,1.99
3666790,
3667060,4.99
3667380,
3668090,2.99
3668910,
3669080,4.99
3669180,
3669530,
3669720,
3669740,9.99
3669830,
3669940,
3670180,6.99
3670640,
3670740,7.99
3670970,
3672190,
3672290,
3672710,
3672980,
3673110,
3673320,4.99
3673500,
3674940,
3674980,4.99
3675320,
3675340,
3675400,3.99
3675630,
3676430,6.99
3676840,14.88
3677590,
3678070,
3678080,5.99
3678880,2.99
3679170,
3680450,
3681820,4.99
3682740,
3682950,
3683690,
3683770,15.99
3684080,
3684460,
3684500,11.99
3684850,
3685330,
3686410,
3686510,
3688110,
3688200,
3688240,
3688770,
3690290,
3690320,1.99
3690910,4.99
3691230,
3691380,
3691400,
3691910,7.99
3692240,19.99
3692250,
3693270,2.99
3694270,0.99
3694420,
3695350,
3695950,
3697310,7.99
3697380,
3697560,5.99
3698630,
3698900,
3700000,3.99
3700300,
3701330,
3701830,
3702930,9.99
3703080,
3703740,5.99
3704130,4.99
3705340,7.99
3705550,9.99
3705780,
3705840,
3706640,3.99
3709090,
3709130,
3709240,
3711770,
3712040,
3712080,14.99
3712230,14.99
3712610,
3714560,
3714790,15.99
3715540,3.99
3715890,
3716360,2.99
3716900,
3717140,
3717250,
3718160,
3718170,3.99
3719170,
3720040,
3720060,
3720760,3.99
3721000,
3722050,
3722330,9.99
3722510,
3722740,
3723430,
3724300,
3724750,9.99
3724810,
3724820,7.99
3725630,8.99
3726350,
3726830,9.99
3726940,
3727280,
3727580,
3729030,2.99
3729940,
3731580,
3732570,4.99
3732860,
3733310,
3733660,
3734250,6.99
3734800,
3736480,
3736520,1.99
3736680,2.99
3737290,
3737850,
3737940,9.99
3738570,2.99
3738620,
3739150,
3739620,3.99
3740500,
3743090,9.99
3744040,
3744430,9.99
3744840,
3745880,
3746230,9.99
3746680,
3746710,
3750310,
3751620,
3752230,6.99
3753490,
3753550,4.99
3753790,7.99
3753850,3.5
3754350,
3754650,
3755250,
3756600,
3757140,
3757550,
3758420,
3758460,
3760200,
3761310,8.99
3761450,
3761880,7.99
3762740,
3762800,
3764040,
3765930,
3766740,2.99
3768140,3.89
3768670,
3769800,
3770030,
3770230,
3771740,2.99
3772550,3.99
3772960,12.99
3774230,
3774390,
3774860,
3775050,
3775700,
3776680,11.99
3777300,6.99
3777830,
3779090,13.99
3779190,1.99
3779300,
3779960,
3780250,
3780530,
3782120,
3782370,
3783800,
3783840,
3784110,14.99
3784310,
3786990,
3787430,3.99
3788060,
3788110,
3788200,7.99
3788720,
3794010,
3794910,0.99
3795170,4.99
3795760,7.99
3797390,
3797620,
3797770,2.99
3798230,
3798950,
3799920,
3800200,
3800900,
3801330,2.99
3801350,1.99
3801370,1.99
3801800,
3801810,
3802260,1.99
3803030,
3803410,
3803670,
3805140,
3805460,
3806220,
3808410,5.99
3808750,
3809310,2.99
3809370,4.99
3809820,
3810050,
3811390,3.99
3811890,4.99
3812470,
3813060,6.99
3813340,
3814410,
3815750,9.99
3816180,9.99
3816420,9.99
3816820,9.99
3817640,4.99
3817760,1.99
3817950,
3818040,
3818280,
3818300,
3819030,1.99
3819250,7.99
3819370,
3820880,6.99
3820950,0.99
3820960,
3822330,
3822530,1.99
3825270,
3825740,6.99
3825780,
3825850,7.99
3826210,
3826670,
3828740,
3828950,
3830220,
3830400,
3831080,9.99
3832660,
3833730,
3834090,9.99
3834100,
3834270,
3834370,3.99
3834380,
3834500,
3835300,
3835530,1.99
3835840,
3836350,
3836380,
3836500,
3836520,
3836970,6.99
3838660,9.99
3839250,8.99
3839300,9.99
3839840,
3840000,
3842740,4.99
3842980,
3844150,27.99
3844730,
3846540,
3846780,1.85
3846920,
3847070,4.99
3847110,13.99
3847190,9.99
3847450,
3847670,2.99
3847920,
3848360,
3849100,
3850470,
3850670,
3850790,
3851160,
3851370,8.99
3853020,
3853690,
3854600,9.99
3855180,
3855650,6.99
3856250,
3856400,
3857790,
3858260,
3858410,3.99
3858810,
3859060,
3859210,
3859880,
3861030,6.99
3861140,5.99
3861770,4.99
3861910,
3861930,6.99
3862890,4.99
3863650,
3864290,4.99
3864450,9.99
3864580,
3864690,
3864910,
3864990,3.99
3865250,
3866700,0.99
3866920,11.99
3868030,
3868740,
3869840,
3870510,9.99
3870750,
3871040,
3871500,
3872000,4.99
3872110,11.99
3873330,7.99
3873440,5.99
3874450,4.99
3875230,1.99
3875660,2.99
3875700,0.99
3876030,2.99
3876680,0.99
3877170,
3877950,
3878710,
3879330,
3879670,1.99
3880860,
3882140,9.99
3882380,
3882430,29.99
3882980,14.99
3883570,
3883760,4.99
3884040,
3884060,
3884380,
3884400,9.99
3885540,5.99
3885940,
3886080,
3886700,
3886800,0.99
3890350,0.99
3891120,0.99
3891370,
3891450,
3892270,7.99
3892850,
3893290,
3893390,
3893890,7.99
3894380,0.99
3894440,9.99
3894540,
3894620,
3896420,
3897280,
3897940,3.99
3899460,
3899600,
3900170,
3901840,
3902060,4.99
3902930,3.99
3905070,
3906270,
3908940,13.49
3909330,
3909600,
3909810,
3910690,0.99
3912320,
3912430,4.99
3913060,0.99
3916690,
3917590,5.99
3917620,
3918400,
3919140,14.99
3919430,
3919810,
3921280,
3921540,
3921710,
3921790,2.99
3922920,7.99
3923070,
3923820,3.99
3924350,
3924400,
3924610,9.99
3926330,
3926970,
3927790,5.99
3929200,9.99
3929240,0.99
3929260,7.99
3929530,
3930480,
3931080,2.99
3932270,
3932790,24.99
3932890,49.99
3933150,7.99
3933760,
3934340,
3935190,
3935200,
3936250,4.99
3936900,4.99
3937090,7.99
3937290,3.99
3938040,3.99
3938810,
3939690,
3940440,
3941470,5.99
3941960,
3942780,6.99
3942990,6.99
3943390,
3944530,2.99
3944810,3.99
3945940,0.99
3945950,0.99
3946160,
3946790,5.99
3947220,12.99
3948160,
3948650,9.99
3948910,4.99
3949040,7.99
3949460,9.99
3950190,
3950630,
3950740,6.99
3950840,
3950890,2.99
3951480,
3951570,7.49
3951810,6.99
3952040,
3952110,0.99
3952540,
3952820,
3953860,
3955660,4.99
3956170,
3956540,
3956740,2.99
3957560,7.99
3957770,
3959720,0.99
3960160,8.99
3960460,
3960910,7.99
3961370,
3961850,
3961910,
3962460,3.99
3962520,3.99
3962780,5.99
3963300,
3964030,6.99
3964500,4.99
3965290,
3965600,6.99
3965930,14.99
3966140,4.99
3966820,
3967470,9.99
3969400,
3969700,
3969810,
3970200,
3970800,
3970880,
3971030,
3971290,7.99
3971420,
3971670,1.99
3972140,
3973380,
3973560,3.99
3974210,
3974270,1.99
3974390,7.99
3974590,
3975190,
3975350,
3975570,
3976520,
3976690,
3977630,6.99
3978760,8.99
3978820,
3979080,9.99
3979130,9.99
3980790,
3981630,
3981970,
3982830,7.99
3983200,
3984450,
3984800,
3985160,
3985710,7.99
3985720,
3985880,
3985950,14.99
3986110,
3986580,
3987150,9.99
3987700,
3987970,
3987980,
3988220,
3989920,2.99
3989960,7.99
3990100,
3990510,
3991390,
3992200,5.99
3994040,
3994220,
3994540,3.0
3994840,
3995650,3.99
3995930,
3996350,
3996530,9.99
3996710,
3996870,
3998000,
3999180,2.99
3999200,
3999290,2.99
3999950,
4000180,7.99
4000360,9.99
4000850,7.99
4001120,4.99
4001850,3.99
4001890,7.99
4003030,
4003460,
4004820,
4004990,
4005160,
4005220,14.99
4006130,
4006860,
4007090,3.99
4007300,6.99
4009080,
4009480,5.99
4009490,
4010150,2.99
4010400,
4011300,7.99
4011580,
4011870,
4012520,
4013110,5.99
4013410,
4014040,6.99
4014830,
4015070,
4016760,7.99
4017170,0.99
4017180,0.99
4017450,7.99
4017930,2.99
4018520,
4018920,1.99
4019090,7.99
4020030,
4020630,9.99
4020800,
4021670,1.99
4022090,8.99
4022310,
4022620,
4022970,
4023480,2.99
4024220,4.99
4024270,4.99
4024440,
4024590,
4024600,7.99
4024990,6.99
4025150,
4025490,
4026290,
4027680,1.99
4029740,4.99
4032230,
4032820,0.99
4033110,
4033610,22.99
4033820,0.99
4034300,
4034350,
4037180,9.99
4037680,
4038080,9.99
4038250,
4038680,19.99
4038950,
4039040,4.99
4039200,
4039320,
4040680,4.99
4041280,4.99
4041340,
4041500,
4042470,
4043220,11.99
4043580,
4043610,
4043640,7.99
4043720,7.99
4044080,
4044170,
4044500,1.99
4044890,
4045440,4.99
4046870,4.99
4047200,4.99
4047220,
4048580,
4048690,2.99
4049910,14.99
4050190,4.99
4050310,
4050610,4.99
4050910,
4051050,
4052500,
4054250,7.99
4055050,
4055780,
4056630,9.99
4056660,9.99
4059070,
4059430,2.99
4059650,
4059970,
4060250,4.99
4061800,9.99
4062110,
4062150,
4062210,7.99
4062840,
4062900,
4063150,
4063220,
4063270,
4063950,4.99
4064030,6.99
4066220,
4066790,
4067630,
4067890,5.99
4068190,
4068980,
4069520,12.99
4069530,
4071040,
4071650,
4072030,
4072320,14.99
4072600,3.99
4073040,
4073090,2.99
4074010,7.99
4074100,
4074280,
4074680,3.0
4075860,
4076980,
4077590,
4077740,
4078150,3.99
4078520,4.99
4078600,
4078670,3.99
4078820,
4079310,
4079710,
4080010,9.99
4080500,2.99
4080530,
4081760,
4081820,
4081910,
4081970,4.99
4082750,4.99
4082940,
4083670,2.99
4083990,
4084970,
4085700,4.99
4085890,
4087710,
4088120,
4088460,
4088480,
4088720,
4088870,
4089520,
4090240,
4090360,9.99
4091540,
4092180,
4092600,0.99
4092610,0.99
4093570,
4093880,
4094330,
4096780,
4096810,
4096830,
4096850,7.99
4097280,
4098490,
4099020,
4099970,
4100250,
4100320,
4100420,4.99
4101590,
4101750,
4101920,
4103640,4.99
4104240,0.99
4106520,2.99
4108000,7.99
4108270,9.99
4108740,
4109540,
4109600,19.99
4109780,
4111820,
4112070,4.99
4112370,
4112500,
4113160,
4113260,
4113580,2.99
4113670,
4113780,2.99
4114540,4.99
4115520,
4116240,
4116630,
4117320,4.49
4117910,
4118060,1.99
4118470,
4119020,
4119160,5.99
4119310,2.99
4119710,
4119970,
4120000,
4121170,7.99
4121400,6.99
4121420,1.99
4123710,7.99
4123800,
4123860,3.99
4123960,
4124000,
4124110,
4124400,
4124640,
4127370,7.99
4127750,29.99
4130400,
4130890,
4132070,
4132210,
4132280,
4132290,
4132330,12.99
4132460,
4132510,
4132890,15.99
4133210,5.99
4133960,7.99
4134420,
4134620,
4135040,4.99
4135100,
4135860,
4135870,0.99
4135890,11.99
4136150,
4136460,
4136600,2.99
4136620,
4137270,
4137450,9.99
4137630,2.99
4138130,
4138400,
4138550,
4139000,
4139160,
4140410,
4141230,
4141410,
4141760,
4141900,
4142130,
4142180,9.99
4142480,
4142590,
4143890,
4144140,
4144230,4.99
4146020,
4146800,
4147720,
4148510,
4148920,
4149230,
4149370,
4149620,
4151560,5.99
4153760,
4153850,
4153880,
4154290,
4154510,4.99
4154610,
4154790,
4155350,
4155850,
4156450,6.99
4156630,
4157020,
4157300,
4157550,
4157560,
4158000,
4158030,
4158230,
4158480,
4158720,
4159680,
4160540,3.99
4161140,9.99
4161320,
4161700,12.4
4162110,4.99
4162130,
4162290,7.99
4162620,
4163750,
4164310,2.4
4164940,4.99
4165450,1.99
4165720,
4165990,
4166510,
4166640,
4166860,2.99
4167340,
4168440,
4169150,6.99
4169200,0.99
4169210,0.99
4170340,
4170390,
4170540,
4171740,
4171930,
4172090,
4172400,3.99
4172450,
4172940,
4173600,
4174160,
4174270,5.99
4174810,
4175080,
4175090,
4176920,
4178080,
4178200,9.99
4178540,
4178620,
4178630,
4179280,17.99
4179600,
4179710,2.99
4179860,
4180510,
4180520,
4180620,9.99
4180840,
4180860,
4181300,
4181370,7.99
4181770,
4181840,
4181860,
4182190,
4182520,
4183130,
4183270,
4183320,
4183410,
4183510,
4184850,
4184900,
4185770,
4186890,
4186980,4.99
4187140,7.99
4187430,
4187610,
4187860,
4188260,
4189000,
4189430,
4189640,3.99
4190710,7.99
4190730,
4192010,
4192680,
4193510,5.99
4193590,
4193660,
4193870,7.99
4194230,
4195690,2.99
4195910,3.99
4196140,
4196170,
4197990,19.99
4198470,
4198550,
4200000,
4200060,
4200110,
4200440,14.99
4201130,
4201440,
4202040,
4202400,4.99
4202850,
4203270,7.99
4203890,
4203970,
4204050,
4204130,
4204240,
4204430,
4204600,4.99
4205180,8.49
4206850,5.99
4207100,5.99
4207330,12.99
4207530,
4207740,
4207800,15.99
4208920,
4209930,
4210060,
4210110,4.99
4210260,6.99
4210550,2.99
4210560,2.99
4211070,2.99
4211350,
4211820,
4211920,
4212370,
4212940,
4212980,
4213030,
4213320,
4213930,
4215940,7.99
4216020,
4217180,4.99
4217580,
4218080,
4218620,
4218660,
4218680,2.49
4218760,
4219790,4.99
4220160,8.99
4221210,4.99
4221270,
4221670,
4222500,
4222860,4.99
4223000,5.99
4223530,0.99
4224370,
4225530,8.99
4226240,8.99
4226570,
4227030,
4228630,
4229460,1.99
4229760,
4229790,
4230410,
4231400,
4232310,
4232320,1.99
4233400,0.99
4233470,
4233500,
4233550,0.99
4233980,
4234020,
4234210,
4235060,
4235730,
4235890,0.99
4235900,1.99
4236060,6.99
4237670,
4238470,6.99
4239080,
4240320,
4240760,4.99
4240920,
4241190,
4241300,2.99
4241460,
4241880,
4242830,2.99
4243690,4.99
4244040,7.99
4244510,7.99
4244880,7.49
4244910,
4245170,
4247230,
4247680,
4247840,7.99
4248140,
4249340,
4249380,4.99
4249610,
4250780,
4250900,
4251030,
4251520,4.99
4251560,
4252280,
4252290,7.99
4253660,4.99
4254250,
4254310,8.99
4254650,
4255160,
4255660,
4256040,
4256070,7.99
4256630,
4257450,
4258070,19.99
4258160,
4258290,
4258650,
4258760,3.99
4259100,3.99
4259910,
4259930,
4260300,
4260550,
4260630,4.99
4260800,8.99
4260850,
4261020,
4262460,
4262850,
4262870,
4263890,0.99
4265300,
4265310,
4265390,6.99
4265400,
4265920,2.99
4266860,3.99
4267780,
4268060,5.99
4268430,4.99
4268470,6.99
4268530,
4269100,7.99
4269150,
4269480,3.99
4269700,
4270010,
4270660,3.99
4270860,
4271110,9.99
4271790,
4272150,
4272370,
4272440,
4272470,
4273870,7.99
4277020,
4277590,
4278250,
4278290,
4279040,6.99
4279520,
4279630,9.99
4279950,
4280020,9.99
4280530,
4280680,
4280840,
4280880,
4281370,9.99
4281530,
4281650,
4281830,
4285690,7.99
4285870,
4286040,4.99
4286050,
4286090,
4286760,
4286930,9.99
4287480,
4287520,
4287650,
4287700,
4287720,1.99
4288130,
4288220,
4288270,
4289340,3.99
4289800,
4290150,
4290160,7.99
4290170,11.99
4290570,4.49
4291310,
4291400,
4291410,
4292220,
4292440,4.99
4292740,
4293250,
4293560,
4293800,
4293900,16.99
4294040,
4294330,
4294370,5.99
4294590,
4294630,6.99
4295140,
4295690,
4295750,
4296160,5.99
4296450,
4296640,
4297360,
4298170,
4298200,
4299750,
4300000,2.99
4300260,
4300350,
4300660,7.99
4300740,5.99
4300860,
4301580,
4302360,
4302610,
4302910,4.99
4303060,
4303090,
4303570,
4304740,
4304840,9.99
4304880,
4305550,5.99
4305790,23.5
4306070,
4307290,
4307440,
4308870,
4309950,
4311440,17.99
4311460,
4311700,
4312190,
4312770,
4313180,
4313260,3.99
4313610,6.99
4313710,
4313930,
4314290,
4314340,
4314570,0.99
4314740,
4314860,
4314970,
4316440,
4316480,
4316540,9.99
4317790,7.99
4318150,
4320230,8.99
4320520,1.99
4320570,4.99
4321210,3.99
4321350,
4321400,9.99
4322960,7.99
4323260,
4324000,3.99
4325070,
4325640,
4326820,
4327180,
4327300,
4327480,0.99
4327930,
4328150,
4328290,9.99
4329460,
4330500,
4332910,4.99
4332930,2.99
4332950,1.49
4333290,
4333440,3.99
4333780,
4334290,
4335450,4.99
4335960,
4336090,
4336630,
4336960,4.99
4337710,
4339340,2.99
4339410,
4339540,
4339680,
4339850,
4340000,
4340200,
4341010,
4341550,
4341570,
4341910,
4342060,1.99
4342070,1.99
4343870,
4344790,
4344920,
4345060,
4346080,
4346780,
4347010,
4347160,
4347280,
4347410,4.99
4347660,
4347750,1.99
4347770,
4348060,
4348760,
4349190,
4349210,9.99
4349610,
4351420,4.99
4351700,3.28
4352400,
4353060,
4353520,
4353840,
4354610,
4356360,
4356460,
4359350,4.99
4359800,3.99
4359980,
4360140,6.99
4360180,5.99
4361870,
4361980,
4362490,
4363780,
4364220,
4365050,
4365940,
4367940,8.99
4368640,9.99
4369220,3.99
4369660,4.99
4370300,
4371320,
4372340,
4372950,
4373040,1.99
4373070,
4373150,4.99
4373420,
4373870,15.99
4374200,
4374530,
4374930,
4375530,
4376780,1.99
4377710,0.99
4378510,
4378600,3.99
4379230,
4379360,
4379550,
4380020,
4380180,
4380490,14.99
4380690,6.99
4380740,
4380980,4.99
4381330,9.99
4381410,6.99
4381740,
4381860,
4381890,
4382680,
4383310,
4383880,7.99
4384170,4.99
4385270,12.99
4386220,
4386540,
4386680,
4388130,6.99
4388920,5.99
4389390,
4389810,5.99
4391590,1.99
4393200,
4393700,
4393820,
4393920,
4394020,9.99
4394260,
4394890,9.99
4395870,
4396030,
4396590,
4396680,2.99
4397060,7.99
4397260,
4397680,
4397780,4.99
4398290,
4398500,
4399370,
4400020,
4400040,
4400300,6.99
4400340,
4400900,2.99
4401660,
4402260,2.99
4402990,
4403450,
4404010,
4404180,
4404410,
4405820,
4406280,11.99
4406440,
4408510,3.99
4408560,
4408990,
4409050,15.99
4409390,
4409420,
4410310,
4410360,
4410890,6.99
4411140,
4411240,
4411310,
4412090,
4412320,7.99
4412620,
4413290,
4413430,
4413440,
4413600,1.99
4414560,
4414800,
4415290,
4415740,7.99
4416020,
4416470,
4417910,
4418430,2.99
4418470,4.99
4419110,
4419310,
4420410,4.99
4420660,
4420980,
4421700,7.99
4422640,
4422740,1.99
4422750,1.99
4423110,4.99
4423180,
4424100,1.99
4425050,
4425500,9.99
4425550,
4426190,24.99
4426300,
4426390,
4426920,
4427230,5.99
4427580,4.99
4427620,
4427720,
4427810,
4428210,
4428260,14.99
4428570,0.99
4428700,
4429930,7.99
4430020,
4430480,1.99
4430560,
4430640,
4431080,
4431610,
4432130,
4432580,
4433420,
4434770,
4434910,
4435110,0.99
4435340,24.99
4435800,
4436020,
4436400,
4436580,
4436790,
4436880,4.99
4437650,
4437750,
4438080,
4440410,
4440650,
4442340,15.99
4443380,
4443820,
4444220,
4444250,4.99
4444370,
4444740,
4444880,
4446720,
4447410,
4447680,
4448560,
4448840,
4449420,14.99
4449800,
4449990,9.99
4450570,4.99
4450620,9.99
4451860,
4452910,
4454760,
4455810,
4456030,
4456100,
4456180,
4456670,
4456740,
4456960,
4457210,
4458000,
4459070,
4459080,9.99
4459600,
4460500,
4460560,
4461620,
4461870,
4461910,2.99
4462560,
4462780,4.99
4462830,
4463820,
4464550,
4465610,
4465740,
4465960,
4465980,
4466790,
4466850,
4470900,
4474590,
4474920,
4475760,6.99
4476130,11.99
4476600,
4476610,7.99
4479040,
4480150,
4480370,7.99
4481160,
4481560,
4482510,
4482940,
4483200,5.99
4483860,
4484900,
4485450,6.99
4485570,
4485850,3.99
4487280,
4487350,
4487560,
4488250,
4488780,6.99
4488790,
4489170,
4489570,2.99
4492690,1.49
4493050,
4498480,
4499980,
4500000,
4500020,
4500460,
4501310,4.99
4502180,15.99
4502440,
4502710,9.99
4502820,
4502890,
4503040,
4504440,
4504880,
4504890,
4507020,
4508090,5.99
4508230,
4508450,
4509370,
4509530,5.99
4509690,
4510980,2.99
4510990,
4511350,
4512340,
4512570,7.99
4512740,2.99
4513060,6.99
4513180,
4513470,
4514640,9.99
4516620,10.5
4516880,6.99
4517170,
4518270,
4518730,6.99
4519230,
4519930,
4521280,3.98
4521950,
4522150,4.99
4523070,1.99
4523080,1.99
4523340,5.99
4523780,
4525480,
4526530,
4526990,
4527250,9.99
4527300,
4527360,
4527390,0.99
4528910,
4529240,
4529640,
4530690,
4530800,
4531290,
4531620,
4532140,4.99
4532680,
4533650,
4533880,
4534010,
4534190,
4534310,
4534960,
4535320,3.0
4535740,
4536480,
4536600,
4536700,
4536720,0.99
4537000,7.99
4537100,4.99
4537250,
4537390,
4537780,4.99
4537830,
4539710,
4539760,
4541330,
4541830,
4541920,
4541970,
4542390,
4545080,
4545170,7.99
4545480,
4546540,
4548160,4.99
4549220,0.99
4549520,
4549600,
4550070,
4550130,
4550700,
4550860,
4551040,19.99
4551220,
4551570,
4551680,
4553030,
4553750,
4554640,
4555210,
4555260,
4555840,
4556190,
4556220,
4557380,14.99
4559210,
4559830,9.99
4560180,
4560320,
4561930,
4562170,
4562880,
4562940,11.99
4563590,
4564970,
4565450,
4565910,
4566330,0.99
4566500,
4566710,
4566850,
4566870,2.99
4566970,5.99
4567860,
4568300,4.99
4568490,
4568640,7.99
4569360,
4569510,
4569940,
4570020,
4572890,7.99
4573860,
4574160,
4574510,
4574760,
4574790,
4575390,4.99
4576130,
4576840,
4577050,
4577460,
4577740,
4578640,
4578760,
4580160,
4580290,
4580330,
4580560,1.99
4580770,
4580810,5.99
4581060,
4581580,1.99
4581640,4.99
4581790,
4582040,
4582220,
4582380,3.99
4582550,
4583130,2.99
4584800,
4584890,
4584940,
4585280,
4585830,4.95
4586670,1.99
4588260,
4588440,
4588510,
4589250,
4589400,4.99
4589850,
4589920,
4590840,
4590870,
4591490,2.99
4592710,
4593000,5.99
4593870,
4594090,
4594500,6.99
4594940,
4595290,
4595980,
4596010,6.99
4596480,3.99
4597140,
4597330,
4597390,
4597410,
4597780,
4597790,
4597950,
4599220,
4600270,
4600370,1.99
4600750,
4601370,
4605860,
4606080,
4606150,
4606900,3.99
4607560,
4607780,4.99
4608690,5.0
4608930,
4610030,
4610220,
4611290,4.99
4612760,
4613110,
4613180,17.99
4613790,
4614080,
4614900,
4615330,
4615900,
4616210,
4616950,
4617690,1.99
4617700,1.99
4618110,
4618550,
4619050,
4619670,3.99
4619990,
4621850,
4622680,
4623720,
4624100,6.99
4624510,
4624930,
4625300,
4625350,
4626000,7.99
4626170,
4626420,
4627980,
4628160,
4628460,6.99
4628560,
4629610,3.99
4629920,
4630920,
4631340,
4631500,14.99
4632530,3.99
4633010,4.99
4633810,
4633850,
4634660,
4634760,
4634930,
4635170,
4635290,
4635560,
4635820,
4636160,
4637430,
4637650,
4637990,
4638090,
4638650,
4638900,
4639820,
4640590,3.99
4640600,
4641100,2.5
4642840,
4643550,
4643820,4.99
4643890,
4644040,4.99
4644500,
4644660,2.99
4645400,
4646260,3.99
4648360,
4651490,7.99
4651500,
4652450,0.99
4652920,3.99
4652930,
4653090,
4653220,
4653240,
4653490,
4653900,
4653910,
4655080,
4655570,
4656000,7.99
4657910,
4658160,
4659460,
4660050,4.99
4660170,
4660200,
4660280,8.99
4660540,
4660920,7.99
4661450,
4662100,
4662170,
4662190,
4662680,
4663000,
4663870,
4664240,
4667100,
4667450,
4667460,
4668880,
4669030,
4669090,
4669590,
4669810,
4670050,
4670520,
4670920,9.99
4671920,
4672820,
4673070,
4674810,
4674820,
4675590,
4677070,
4677650,
4678570,
4681410,
4681960,
4682490,2.99
4682910,
4683420,
4683590,
4683810,
4684050,
4685480,
4686110,
4687480,
4687570,
4688570,
4688730,
4690030,
4691090,
4692190,5.99
4692920,
4694270,9.99
4694390,
4694670,2.99
4695340,
4697170,8.29
4697700,
4698160,
4698470,0.99
4698980,
4699150,
4699560,
4699950,
4700140,
4701660,
4702200,3.99
4702450,
4702700,
4703860,
4703920,
4703930,
4704000,
4704370,
4704690,5.99
4704880,1.99
4704920,
4705050,
4705620,6.99
4706060,
4707220,
4708080,8.99
4708120,
4708440,
4711710,
4712430,
4713090,
4713160,9.99
4713940,
4714590,
4714850,
4715160,
4715980,
4716690,
4717240,24.99
4717490,
4717790,
4718700,
4720460,
4720800,1.99
4720860,1.99
4721000,1.99
4724340,
4725220,
4725970,1.99
4725980,1.99
4726060,
4726300,
4726540,3.99
4727260,0.99
4727690,
4728100,
4730160,3.99
4731340,
4731830,3.99
4733080,
4733430,
4733510,7.99
4733960,
4736090,
4738010,
4738990,6.99
4740270,
4740600,4.99
4741230,5.5
4741790,
4742200,
4742850,
4742920,
4743360,
4743540,
4743880,
4743970,2.99
4744280,3.99
4745200,
4745210,
4745450,4.99
4746060,4.99
4746370,
4746530,5.99
4747280,
4747920,
4748180,
4748300,8.99
4748830,
4748880,0.99
4749120,
4749300,
4749410,
4751020,3.99
4751660,
4752330,
4753380,4.99
4753590,3.99
4753790,
4754860,
4755160,
4755250,
4756220,
4756660,
4757060,
4757580,
4757680,
4758560,
4760650,
4761310,3.99
4762640,3.99
4762680,
4762920,
4765270,
4766080,4.99
4766180,
4767090,
4767110,2.99
4767380,
4767500,
4767630,
4767830,
4768040,
4768730,0.99
4768750,
4768970,
4769490,14.99
4769990,
4771120,
4771290,
4771310,
4774090,
4774370,
4775820,
4776500,
4776830,
4777800,
4778360,2.99
4778540,6.99
4778600,
4779100,
4779310,
4779390,
4781610,
4781630,
4782210,
4782240,
4782430,
4782530,
4783130,
4783400,
4783450,
4784820,
4786810,
4788240,
4789340,
4789610,
4789870,
4790380,5.99
4790660,
4790950,
4791980,7.99
4792260,
4792460,
4795010,
4796520,
4796830,7.99
4796850,7.99
4797790,3.99
4797900,
4798950,
4799050,
4799920,4.99
4801180,7.99
4801280,
4801630,
4805600,5.0
4806240,
4806270,
4806910,
4808810,3.99
4809290,
4811000,0.99
4811030,6.2
4812100,
4812880,7.99
4812940,3.99
4813360,
4814120,
4815060,4.99
4815320,
4816480,
4816850,2.99
4818190,
4818530,
4818670,
4818920,
4818990,
4819120,
4820140,
4820680,
4821510,
4821880,
4822660,4.99
4824220,
4824310,2.99
4824910,
4825460,
4826260,
4827490,
4827880,
4829160,1.99
4829180,1.99
4829530,
4830110,
4830360,
4831130,
4831290,3.99
4832630,
4832770,
4833940,
4834640,8.99
4835050,
4835560,
4835760,
4835830,
4836070,14.99
4838520,
4838680,1.0
4838690,
4838870,
4839200,
4839900,
4840470,
4840650,
4840700,
4840980,
4842440,
4842640,
4843960,
4844200,
4845130,
4845300,8.99
4846920,
4848160,
4848440,
4848890,
4849240,
4850230,
4850370,
4852030,
4853490,3.74
4854090,
4854180,6.99
4854360,9.99
4855430,
4856120,
4856900,
4857320,
4857340,7.99
4858190,6.99
4858490,9.99
4858900,3.99
4859010,
4859830,
4861370,1.99
4861700,
4863140,
4863560,
4864280,7.99
4864560,3.99
4864880,
4865910,
4866950,
4867170,8.99
4867490,
4867740,
4868090,
4869220,
4869320,7.99
4869480,
4869550,
4869560,
4870640,
4871080,
4871110,
4872770,
4873040,
4873920,
4875360,
4875750,
4876110,
4876770,4.99
4877100,
4877420,
4877970,
4878420,
4878610,
4878750,
4878890,
4879300,
4879320,
4879470,
4879780,
4879850,5.99
4882500,
4883040,
4883580,7.99
4885010,2.99
4885940,
4886830,
4887270,
4887280,
4887300,
4888380,
4888600,5.0
4889520,
4889770,
4890170,
4891550,
4891820,
4891910,
4891990,
4892520,
4892710,
4894010,11.99
4895330,
4895380,
4895520,5.99
4895550,4.99
4896010,
4896710,9.99
4896770,
4896820,
4896950,
4898080,
4899300,4.99
4899580,
4900290,
4900420,4.99
4900460,4.99
4900990,9.99
4901420,
4901710,
4901810,
4902480,2.99
4903560,
4904110,
4904190,
4904370,4.49
4905400,
4905570,
4906170,5.99
4907430,
4907620,
4907980,
4908090,
4908460,
4908970,
4909050,
4909250,
4909670,
4910090,
4910230,
4910410,
4910450,0.99
4911240,
4912300,
4912650,
4914220,
4914930,
4916030,
4916200,
4916820,
4917040,
4917320,2.99
4917440,6.99
4917940,
4918700,
4919380,
4919550,2.99
4920110,
4920530,0.99
4920700,
4920990,2.99
4921660,
4922530,4.99
4922570,
4922900,
4923560,
4924340,
4924780,
4925300,6.99
4926050,
4927030,
4928080,
4928450,
4928980,
4930270,
4930280,
4931110,
4932130,
4932360,
4932510,
4934370,4.99
4934690,
4934720,
4935020,
4935330,
4935340,
4936630,2.43
4936650,
4937720,
4938780,
4939730,
4940930,
4941330,4.99
4943620,4.99
4944000,
4944310,1.99
4944320,
4944470,7.34
4945580,0.99
4945810,
4947230,
4948000,6.99
4948090,
4948640,
4948850,
4948990,
4949050,
4949810,0.99
4949820,0.99
4950410,
4950470,5.99
4951290,
4951330,
4952920,
4953420,
4953560,
4953620,
4953670,
4954910,
4954920,
4955330,
4956450,
4958210,0.99
4958280,
4958710,
4959400,
4959650,
4961960,
4962870,
4963130,2.99
4963360,6.99
4964030,6.99
4964620,
4964690,
4964860,
4964880,0.99
4965500,
4966030,
4966090,
4966560,
4966590,5.99
4966690,
4967850,
4968530,0.99
4969160,
4970670,
4970900,2.99
4971410,
4972920,
4974330,
4974630,1.99
4974960,
4977560,
4978260,
4980420,
4980660,
4980890,11.99
4981550,
4981570,5.99
4981810,
4981910,4.99
4982380,
4982580,
4982680,
4983210,
4983820,
4984610,
4984680,
4984780,
4986260,
4986730,
4986890,4.99
4987170,
4988160,
4989380,
4989410,
4989590,2.99
4989610,
4990840,
4991530,
4991730,
4991800,0.99
4992050,
4992530,4.99
4992950,
4993490,
4995290,
4995330,5.0
4995400,4.99
4995500,
4996240,
4996960,
4997850,
4998160,
4998290,
4999280,
4999710,
4999760,
5000170,
5000870,
5001350,
5001430,5.99
5001600,
5003210,
5004310,
5004420,7.99
5004550,
5004570,
5005100,
5005150,4.99
5005570,
5006540,
5007100,
5007240,
5007890,
5008510,3.99
5008960,
5009740,
5010400,7.99
5011760,
5011990,4.99
5012290,
5012980,
5013160,
5013410,
5013430,24.99
5013480,
5014790,
5014840,9.99
5015170,
5015330,
5015840,
5016320,
5018030,
5018350,
5018780,
5018960,3.0
5019410,
5019700,
5019800,
5019920,12.99
5020480,4.99
5020540,
5020590,3.99
5020730,
5020910,
5021060,4.95
5021550,
5021900,
5022410,
5023030,7.99
5023050,
5023110,
5023500,
5023800,
5024540,
5025110,
5025320,0.99
5025950,
5026050,
5026480,
5027030,
5027050,
5027610,
5028370,
5028420,
5029430,
5029890,6.99
5030630,
5031260,
5031350,
5031430,
5032810,7.99
5033840,
5034280,6.99
5035880,
5035940,
5035950,
5036010,
5036280,
5036340,8.99
5037200,
5037410,
5037580,6.0
5037660,
5037940,
5038420,
5039230,
5040850,
5040970,
5041030,5.99
5041040,
5041060,
5041530,
5041700,
5041880,2.99
5042020,
5042850,
5043210,
5043650,
5045560,5.99
5046290,7.99
5046740,
5047450,
5048000,
5050510,
5050520,
5050950,
5051760,
5052200,
5052220,
5052560,
5052670,
5052970,2.99
5053820,6.99
5054090,
5055130,
5055150,
5056400,
5057070,
5057210,2.99
5057750,
5058470,
5059130,
5059340,
5060940,
5061170,5.99
5061440,
5061540,
5061870,
5061970,
5063650,
5064350,
5064830,
5064890,
5064950,
5065400,
5065630,
5066980,
5067320,
5068220,
5068360,0.99
5068870,
5068910,
5068940,
5069090,3.99
5069740,
5069950,
5070060,
5070620,
5071050,
5071940,2.99
5073210,
5073410,
5073420,
5074510,
5074850,1.99
5075310,
5076020,
5077080,
5077140,
5077350,
5080060,
5080290,
5080710,3.99
5080860,2.99
5081010,
5082000,
5082010,
5082790,
5082880,2.99
5083150,4.99
5083370,
5084740,
5085090,
5085180,
5085680,
5085740,5.99
5085900,
5086460,
5086800,
5086830,
5086950,
5087210,4.99
5087540,
5087740,
5087880,
5088660,
5088770,
5088790,
5088820,
5090120,
5090530,
5090990,
5091280,
5091410,
5091610,
5091820,0.99
5091840,0.99
5092810,4.99
5093060,
5093980,
5094120,
5094510,
5094620,
5094940,
5095460,0.99
5095520,
5095720,2.99
5096400,
5097310,
5099290,
5099340,
5100500,
5100960,
5101320,
5101780,
5102360,
5102670,
5103070,14.99
5103800,
5104280,
5104860,
5106100,
5106580,
5106700,
5107510,
5107550,
5108180,
5108430,
5108470,
5108500,
5108820,
5108850,
5109150,
5109630,
5110640,
5111420,
5111470,
5111530,
5111880,
5112450,
5112510,
5113360,
5113430,
5113690,
5113760,
5113890,
5114740,
5115150,
5115240,6.99
5115730,
5116080,
5116420,
5117530,
5117550,
5117630,
5118350,
5118500,
5118710,
5118740,5.99
5119020,
5119350,4.99
5120290,8.99
5120680,
5122120,
5122180,
5122600,8.99
5123020,
5123380,
5123950,
5124310,
5124650,
5125180,
5125800,
5126510,
5126730,
5127100,
5127350,
5127370,
5127670,
5128190,
5128440,
5129300,
5129580,
5129610,
5129690,9.99
5130710,3.99
5131030,
5131110,
5131380,
5131510,
5131530,
5131730,
5132290,
5132390,
5132730,3.99
5133510,
5134560,
5134730,
5136030,
5136410,
5136610,
5136890,
5137000,
5137310,
5139430,
5139900,
5140020,
5140990,
5141350,
5142270,0.99
5142510,
5142800,
5142950,
5143910,
5144160,
5144990,
5146230,
5146410,
5146720,5.99
5147020,
5147410,
5147810,
5148080,
5148480,
5149300,
5150610,
5151240,
5151800,
5151850,
5152440,
5152700,
5153070,
5154130,
5154200,
5154830,
5155060,
5155470,
5155490,
5155810,
5156850,
5158320,20.0
5158490,
5158750,
5159800,
5159820,
5159870,
5160050,
5160300,
5160660,
5160740,
5160780,
5160840,3.99
5161180,
5161780,
5162560,
5163700,
5164920,
5165010,
5166560,
5167420,
5167460,
5167810,
5168130,
5168140,
5168560,
5168580,
5169080,
5169390,
5170180,
5170320,
5171250,
5171730,
5172460,
5173620,
5173870,
5173970,
5175310,
5175450,
5175610,
5175780,
5175810,
5175840,
5176090,
5176270,
5177220,
5178240,
5178560,
5179050,
5179420,
5179660,
5179750,
5180160,
5180240,
5180400,
5180650,
5182970,
5183380,9.99
5183520,
5186020,
5186770,
5187000,9.9
5187320,
5188730,
5189460,7.99
5189800,
5190440,
5190870,
5191120,
5191330,
5191730,
5191900,0.99
5193310,
5194600,
5197750,
5197950,
5198020,
5199150,
5199210,
5199280,
5200400,
5201390,
5201530,
5201690,
5201890,
5202590,3.99
5202790,2.49
5203690,
5203960,
5205090,
5205270,
5207010,
5207770,
5208530,
5208540,
5208860,
5210830,
5210970,
5211630,
5211650,
5211690,
5211870,
5212700,
5212710,
5213150,
5215210,
5215670,
5215900,
5216270,
5219000,
5219680,
5220100,
5220450,
5221100,
5221820,
5222780,
5222930,
5223650,
5225090,
5225300,
5226410,
5226450,
5226680,
5226780,
5227100,
5228680,
5228830,
5229620,
5229850,
5230400,
5231010,
5231840,
5232060,
5234330,
5235520,
5235780,
5236020,
5238660,
5239120,
5241380,
5241470,
5244110,
5244200,
5244550,
5244650,
5245690,
5247180,
5247240,
5247790,
5248300,
5248370,
5248940,4.99
5250190,
5250580,
5251070,
5251500,
5251960,
5252490,
5254220,
5255700,
5255870,
5255910,
5257200,
5257900,
5258470,
5258640,
5258910,
5259730,
5259850,
5262520,
5262620,
5263590,0.99
5263850,
5263980,
5266250,
5268480,
5269350,
5269890,
5270220,
5270510,
5271790,
5272230,
5272960,
5275410,
5275590,
5275930,
5276060,
5276600,
5277220,
5277550,
5278920,
5279120,
5279240,
5280000,
5280940,
5281730,
5282100,
5283380,
5283800,
5283850,
5284080,
5285630,
5287300,
5289260,
5290030,
5291570,
5292720,
5295630,
5298360,
5298430,
5298910,
5300920,
5303570,
5304450,
5305680,
5306780,
5306870,
5307350,
5308210,
5312510,
5313470,
5314170,
5314870,
5317610,
5317740,
5321080,
5323220,
5325220,
5327380,
5327590,
5331230,
5331780,
5333160,
5334160,
5335730,
5336080,
5336140,
5338340,
5342300,
5342740,
5347730,
5352690,
5353370,
