appid,price_usd
348930,19.99
357330,14.99
362670,4.99
423730,6.99
437550,4.99
438460,2.99
460540,7.99
517670,19.99
553150,4.99
555160,24.99
588930,11.99
596500,19.99
611300,
624950,0.99
640700,8.99
655740,9.99
662720,9.99
666170,24.99
688540,5.99
692890,24.99
698660,0.99
700360,14.99
720660,11.99
721780,1.99
756600,0.99
763180,19.99
769520,9.99
774801,9.99
787920,7.99
794350,9.99
800080,14.99
803020,14.99
803940,0.99
806670,0.99
812380,9.99
821870,19.99
837350,19.99
844430,7.99
860020,19.99
866570,29.99
886200,4.99
893900,19.99
894960,5.99
906870,4.99
909750,14.99
915810,19.99
917950,19.99
918780,2.99
934700,49.99
941890,14.99
956310,4.99
963950,4.99
976890,24.99
980210,5.99
1004620,19.99
1013220,29.99
1016180,14.99
1016360,19.99
1020450,6.99
1020510,7.99
1029210,19.99
1029690,49.99
1035780,9.99
1037080,14.99
1043520,9.99
1053510,29.99
1054430,19.99
1061270,9.99
1061880,14.99
1065310,49.99
1068840,4.99
1080040,18.99
1097620,19.99
1098280,14.99
1111650,8.99
1111920,11.99
1116170,14.99
1120480,9.99
1124160,19.99
1125830,16.99
1138440,19.99
1142810,9.99
1143860,3.99
1144130,6.99
1144200,49.99
1145330,12.99
1147130,4.99
1149290,16.99
1151050,9.99
1154830,24.99
1155300,5.99
1157740,19.99
1163740,5.99
1166990,4.99
1172930,10.99
1175770,14.99
1176060,6.99
1183530,4.99
1186660,4.99
1195070,12.9
1195420,19.99
1203940,12.99
1208690,14.99
1209510,11.99
1211250,4.99
1219800,9.99
1220170,14.99
1225840,1.99
1226160,24.99
1230530,39.99
1234240,14.99
1236670,23.99
1243200,12.99
1253610,14.99
1257660,9.99
1260320,19.99
1260800,19.99
1266470,19.99
1266700,39.99
1268750,29.99
1269300,19.99
1270820,9.99
1272080,29.99
1274230,4.99
1274700,2.99
1280930,24.99
1282760,14.99
1283550,9.99
1285360,11.99
1286580,21.99
1288320,29.99
1291970,8.99
1296340,14.99
1297490,16.99
1297680,14.99
1298540,5.99
1299000,2.99
1299060,9.99
1302230,9.99
1302240,9.99
1304680,4.99
1304930,39.99
1305640,0.99
1307180,34.99
1311570,14.99
1318820,14.99
1320490,14.99
1322100,14.99
1324530,19.99
1329500,14.99
1332660,5.99
1334110,4.99
1335400,5.99
1337930,15.99
1340180,9.99
1341290,17.99
1342900,1.99
1345320,14.99
1351000,39.99
1352470,7.99
1353830,2.99
1354260,19.99
1355200,1.99
1358790,16.99
1359090,9.99
1361210,39.99
1361510,24.99
1363680,14.99
1366390,4.99
1369720,19.99
1374350,19.99
1375290,19.99
1375630,24.99
1375650,9.99
1376150,12.99
1378800,19.99
1382190,6.99
1383280,13.99
1385380,19.99
1386650,6.99
1390700,16.99
1391200,4.99
1392560,9.99
1392980,19.99
1393570,14.99
1393580,11.99
1398300,4.99
1403400,9.99
1405010,1.99
1407640,29.99
1410540,2.99
1411020,19.99
1420350,19.99
1423330,16.99
1424860,19.99
1425000,8.99
1425590,7.99
1426490,17.99
1430190,39.99
1432050,24.99
1433140,14.99
1437280,19.99
1437400,19.99
1441430,7.99
1442840,9.99
1445790,14.99
1446540,1.99
1447700,19.99
1448840,14.99
1450290,17.99
1450790,14.99
1452910,4.99
1453900,9.99
1454730,9.99
1455390,19.99
1456000,4.99
1459760,9.99
1460650,29.99
1461370,9.99
1461930,12.49
1465070,39.99
1469690,9.99
1473270,1.99
1474390,13.99
1476830,4.99
1477300,1.99
1481210,10.99
1481840,2.99
1484180,19.99
1485980,5.99
1486790,4.99
1487390,24.99
1488430,19.99
1488510,9.99
1489620,19.99
1491090,4.99
1492070,19.99
1492090,12.99
1492320,24.99
1492650,4.99
1496150,12.99
1499700,14.99
1502010,9.99
1502190,14.99
1504250,14.99
1511880,29.99
1515210,5.99
1519010,9.99
1519090,29.99
1520380,4.99
1520590,5.99
1527350,13.99
1531490,14.99
1533410,13.99
1538030,5.99
1538380,7.99
1538550,24.99
1547670,9.99
1548850,39.99
1552940,1.99
1554170,0.99
1555980,14.99
1556100,39.99
1556170,4.99
1557720,14.99
1558830,19.99
1562420,12.99
1567190,9.99
1568620,14.99
1570330,9.99
1572150,4.99
1573560,9.99
1574870,19.99
1575750,1.99
1575830,19.99
1583290,4.99
1584690,14.99
1585650,9.99
1587020,3.99
1588250,9.99
1591590,4.99
1592290,7.99
1593160,1.99
1595620,9.99
1595900,1.99
1596360,1.99
1596940,39.99
1598470,4.99
1600780,39.99
1601630,9.99
1602700,7.99
1603180,2.99
1603420,14.99
1607680,14.99
1608700,29.99
1609570,4.99
1609730,7.49
1610370,5.99
1611290,11.99
1615740,11.99
1616110,19.99
1618320,4.99
1618330,5.99
1619310,19.99
1620030,49.99
1620540,16.99
1621000,2.99
1622040,3.99
1624320,9.99
1625830,5.99
1627210,12.99
1627850,4.99
1627890,12.99
1632670,3.99
1633300,24.99
1636030,29.99
1637400,23.99
1638440,14.99
1640160,29.99
1640640,9.99
1640700,34.99
1641470,12.99
1642170,29.99
1644490,4.99
1651030,6.99
1651500,2.99
1651950,6.99
1653980,6.99
1654680,11.99
1655220,
1655990,14.99
1656930,19.99
1658540,17.99
1660850,9.99
1661630,9.99
1661950,4.99
1662080,19.99
1662570,9.99
1662940,2.99
1663210,14.99
1663250,9.99
1663320,7.99
1664810,9.99
1666800,9.99
1670120,13.99
1675000,14.99
1679220,14.99
1679800,8.99
1681110,1.99
1682380,19.99
1685510,9.99
1688270,7.99
1689640,14.99
1691320,14.99
1692400,8.99
1694600,24.99
1694610,5.99
1697170,4.99
1704920,9.99
1706480,4.99
1706550,5.99
1706800,9.99
1707540,4.99
1707790,8.99
1708270,3.99
1708550,14.99
1708800,17.99
1708810,17.99
1708820,17.99
1710670,19.99
1710830,11.99
1712050,9.99
1713310,2.99
1714190,9.99
1714240,4.99
1714420,14.99
1715730,7.99
1716830,19.99
1717190,14.99
1718290,19.99
1719550,19.99
1721110,24.99
1725350,12.99
1729140,9.99
1729640,4.99
1730650,19.99
1731460,9.99
1732420,9.99
1733890,19.99
1734970,2.99
1736120,19.99
1740660,49.99
1741160,1.99
1741420,3.99
1745040,0.99
1745640,4.99
1745680,9.99
1746620,0.99
1746660,1.99
1746760,7.99
1752540,14.99
1755580,19.99
1755680,14.99
1756150,5.99
1756160,11.99
1757300,19.99
1761670,3.99
1761900,14.99
1763290,4.99
1764660,12.99
1765310,9.99
1765990,19.99
1770490,29.99
1771180,2.99
1774770,9.99
1777600,9.99
1777790,9.99
1779080,9.99
1785120,9.99
1785150,9.99
1785270,39.99
1787190,3.99
1787630,2.99
1787760,2.99
1789310,19.99
1790250,14.99
1790340,8.99
1790710,2.99
1791910,9.99
1792250,19.99
1792660,4.99
1794670,1.99
1794680,4.99
1794830,9.99
1795010,14.99
1795820,9.99
1797680,9.99
1798270,3.99
1798340,4.99
1799220,7.99
1801110,5.49
1801520,9.99
1804170,4.99
1805240,29.99
1805500,6.99
1806050,11.99
1807080,14.99
1807220,14.99
1807380,14.99
1808330,4.99
1812090,19.99
1812170,14.99
1812230,19.99
1816930,12.99
1819290,5.99
1820460,0.99
1823200,39.99
1823740,2.99
1826000,4.99
1826570,7.99
1829370,19.99
1829960,9.99
1831670,0.99
1834980,4.99
1836730,24.99
1836790,5.0
1836900,7.99
1836920,4.99
1838540,4.99
1839680,24.99
1841150,9.99
1841810,4.99
1842540,4.99
1843310,34.99
1843540,19.99
1843710,6.99
1843730,9.99
1844060,9.99
1844170,7.99
1846940,4.99
1847380,5.99
1848430,9.99
1849530,2.99
1850550,9.99
1850740,14.99
1850930,
1850960,29.99
1851020,14.99
1851610,19.99
1851840,7.99
1852290,7.99
1852300,2.99
1853200,0.99
1853660,3.99
1854280,12.99
1855580,19.99
1858650,14.99
1859270,8.99
1860510,29.99
1863010,1.99
1865940,0.99
1866470,6.99
1866980,14.99
1867580,14.99
1868070,4.99
1869780,19.99
1870490,12.99
1870660,7.99
1871700,9.99
1875280,5.99
1876030,5.99
1876950,14.99
1877000,2.99
1879030,3.99
1879220,1.99
1879400,8.99
1880080,2.99
1880230,14.99
1881160,2.49
1881480,3.99
1882130,11.99
1883530,9.99
1885140,14.99
1886070,14.99
1888440,4.99
1889640,9.99
1890820,1.99
1891090,24.99
1892140,4.99
1892640,3.99
1894730,29.99
1894770,4.99
1898550,4.99
1898860,1.99
1899200,6.99
1901810,6.99
1902650,0.99
1902830,7.99
1903530,0.99
1903560,19.99
1903730,4.99
1906520,4.99
1907280,2.99
1907620,3.99
1908560,4.99
1909820,24.99
1911510,12.99
1911610,24.99
1911780,19.99
1911900,7.99
1913210,39.99
1913680,14.99
1915550,24.99
1916150,2.99
1916310,15.99
1917170,2.99
1917810,17.99
1918320,5.99
1918970,8.99
1919140,4.99
1919570,2.5
1920430,14.99
1921130,10.99
1921180,19.99
1921240,1.99
1922980,11.99
1923380,6.99
1923990,3.99
1924150,4.99
1924460,9.99
1925320,7.99
1925930,2.99
1926240,5.99
1927030,2.99
1927380,4.99
1928670,4.99
1929610,19.99
1930350,14.99
1931370,4.99
1931950,6.99
1933230,4.99
1933490,24.99
1933570,4.99
1933850,5.99
1935750,9.99
1936360,12.99
1936640,4.99
1937230,9.99
1937540,9.99
1938410,4.99
1940380,9.99
1941700,2.99
1942280,4.99
1942850,4.99
1943160,14.99
1944050,0.99
1945260,6.99
1947660,3.99
1948490,8.99
1949890,4.99
1951610,6.99
1951650,9.99
1951780,8.99
1952690,11.99
1953230,7.99
1954550,9.99
1954720,5.99
1955340,14.99
1955440,3.99
1955850,11.99
1956180,3.99
1956770,12.99
1957110,4.99
1958540,9.99
1961160,3.99
1962130,8.99
1962760,12.99
1963200,0.99
1965320,10.99
1965390,4.99
1965940,4.99
1966180,7.99
1966220,9.99
1966610,4.99
1966660,3.99
1966720,9.99
1967260,24.99
1968300,6.99
1969100,2.99
1969260,3.99
1969370,39.99
1969930,0.99
1970840,4.99
1975370,6.99
1978210,19.99
1978460,6.99
1979460,9.99
1980770,9.99
1981780,9.99
1981820,19.99
1984570,9.99
1985420,16.99
1986560,12.99
1987080,6.99
1987860,9.99
1990060,7.99
1990510,7.99
1991600,5.99
1991820,6.99
1992860,14.99
1998040,2.99
1998320,2.99
1999520,10.99
2000590,14.99
2002850,29.99
2002860,29.99
2003990,8.99
2004060,14.99
2004960,7.99
2005670,0.99
2006430,2.99
2006450,4.99
2008410,29.99
2011860,3.99
2011900,7.99
2012320,9.99
2012840,
2015620,29.99
2015650,3.99
2022880,7.99
2022910,7.99
2022920,7.99
2023000,7.99
2023010,7.99
2023020,7.99
2023170,7.99
2023180,7.99
2023200,7.99
2024300,4.99
2025320,0.99
2027560,3.99
2050050,4.99
2051870,9.99
2052660,3.99
2053590,4.99
2054300,7.99
2054660,29.99
2055050,11.99
2055500,5.99
2056090,8.99
2057220,4.99
2058430,6.99
2061100,11.99
2061150,11.99
2061620,13.99
2062910,3.99
2067350,24.99
2069020,7.99
2069040,5.99
2070860,9.99
2071020,9.99
2071030,7.99
2071040,9.99
2071280,24.99
2071400,7.99
2072520,1.99
2072640,4.99
2072980,13.99
2073750,14.99
2074390,3.99
2075240,39.99
2076220,29.99
2077580,3.99
2078350,29.99
2078450,19.99
2079710,6.99
2081400,24.99
2082900,2.99
2083240,14.99
2086360,6.99
2086370,6.99
2087030,9.99
2088330,9.99
2089250,19.99
2089980,5.99
2090370,24.99
2091300,9.99
2095540,9.99
2096800,5.99
2099220,4.99
2100970,7.99
2101490,9.99
2102330,1.99
2102640,14.99
2103020,4.99
2104750,14.99
2104920,14.99
2105370,0.99
2105910,19.99
2106670,14.99
2107780,2.99
2109090,9.99
2111870,19.99
2112550,2.99
2113250,4.99
2114360,9.99
2114970,18.99
2114990,9.99
2115190,1.99
2116120,21.99
2116260,4.99
2116680,6.99
2119850,11.99
2120820,9.99
2122000,3.99
2124460,1.99
2127550,4.99
2127590,4.99
2128360,2.99
2128410,0.99
2130980,5.99
2131240,9.99
2132850,14.99
2134410,12.99
2134420,9.99
2134430,6.99
2134440,9.99
2136390,1.99
2137090,9.99
2137700,11.99
2138780,2.93
2139020,4.99
2139890,7.99
2141730,9.99
2142330,19.99
2143710,11.99
2144910,2.99
2146610,17.99
2146730,4.99
2151820,1.99
2152690,7.99
2153000,6.99
2153350,19.99
2153550,2.99
2157130,6.66
2157250,4.99
2158210,9.99
2160190,4.99
2160380,4.99
2160420,8.99
2161050,19.99
2167380,4.99
2169200,49.99
2169700,2.99
2170100,4.99
2172370,4.99
2172380,1.99
2172580,19.99
2173810,7.99
2173850,11.99
2174420,4.99
2174940,5.0
2175090,3.99
2176240,7.99
2178840,0.99
2180890,4.99
2181750,1.99
2182950,1.99
2183900,59.99
2183920,3.99
2185280,4.99
2186700,13.99
2188260,14.99
2188930,3.99
2189370,9.99
2189860,9.99
2190070,1.99
2191180,4.99
2191230,6.99
2191770,16.99
2192900,7.99
2193490,8.99
2193540,24.99
2193590,9.99
2193750,7.99
2193760,7.99
2193770,9.99
2194570,9.99
2194840,4.99
2195060,0.99
2195750,3.99
2197890,9.99
2198280,3.99
2198640,4.99
2199930,49.99
2200580,29.99
2200990,4.99
2201070,9.99
2202590,14.99
2204620,8.99
2208780,9.99
2212280,4.99
2212400,7.99
2212410,6.99
2212550,8.99
2213500,14.99
2213650,3.99
2213980,9.99
2214160,1.99
2216360,6.99
2217000,29.99
2217420,6.99
2217910,24.99
2218400,12.99
2220870,6.99
2221390,13.99
2221820,3.99
2222150,9.99
2224610,24.99
2224760,8.99
2224900,4.99
2228310,3.99
2228710,6.99
2229230,8.99
2232180,6.99
2232600,5.99
2234150,2.99
2234420,0.99
2235200,19.99
2235440,39.99
2237190,7.99
2237200,7.99
2237440,4.99
2238750,2.99
2238760,0.99
2239200,1.99
2239360,2.99
2240390,14.99
2241910,3.99
2241980,9.99
2242760,3.99
2243580,14.99
2244520,3.99
2244970,4.99
2245610,9.99
2247510,4.99
2247670,4.99
2248920,9.99
2249590,14.99
2249700,5.99
2250410,19.99
2250820,4.99
2251870,4.99
2252170,1.99
2252790,6.99
2253110,4.99
2253730,19.99
2256860,9.99
2257170,0.99
2257410,6.99
2257460,3.99
2261100,2.99
2261690,10.99
2262600,0.99
2262880,14.99
2263220,2.99
2263920,4.99
2264140,12.99
2264460,3.99
2265950,3.99
2266700,4.99
2266980,4.99
2268720,2.99
2268780,2.99
2269730,14.99
2269950,29.99
2271190,11.99
2271200,9.99
2271300,5.99
2272430,3.99
2272540,19.99
2273110,5.99
2275020,6.99
2275920,9.99
2276840,4.99
2278360,7.99
2279450,9.99
2281200,9.99
2281610,4.99
2282350,29.99
2282740,19.99
2283120,4.99
2283380,11.99
2283410,14.99
2283870,7.99
2283880,19.99
2284460,2.99
2284640,0.99
2286280,9.99
2287000,19.99
2288070,19.99
2290000,14.99
2290210,4.99
2290360,2.99
2290500,3.59
2291060,59.99
2292180,7.99
2292740,2.99
2294280,9.99
2294550,6.99
2295610,14.99
2296880,14.99
2296990,3.99
2297160,0.99
2297240,2.99
2298950,14.99
2298990,0.99
2299650,7.99
2300520,9.99
2301500,9.99
2303450,4.99
2303720,0.99
2305840,19.99
2306020,4.99
2306160,0.99
2306710,9.99
2307760,4.99
2308110,12.99
2309400,9.99
2310810,9.99
2312160,12.99
2313160,4.99
2313180,6.99
2315590,0.99
2317870,0.99
2318480,11.99
2318880,0.99
2320860,6.99
2321250,19.99
2321940,19.99
2322330,39.99
2323630,4.99
2324460,9.99
2325720,9.99
2327140,9.99
2328310,49.99
2328770,5.99
2329520,2.99
2329660,7.99
2330210,6.99
2331490,9.99
2334340,0.99
2334450,8.99
2335060,19.99
2335340,2.99
2339320,39.99
2340640,34.99
2340860,9.99
2341640,9.99
2342150,14.99
2343740,39.99
2346490,2.99
2347040,14.99
2347080,39.99
2347550,14.99
2348810,4.99
2351560,9.99
2352060,4.99
2352710,2.79
2353190,10.99
2355860,5.99
2356140,4.99
2357550,13.99
2357950,8.99
2358600,12.99
2360250,24.99
2362590,4.99
2362630,9.99
2363620,29.99
2364570,2.99
2364790,0.99
2366050,5.99
2369640,19.99
2370170,49.99
2370990,4.99
2372170,8.99
2372490,11.99
2374030,9.99
2374190,29.99
2374620,5.99
2375710,1.99
2378490,3.99
2378640,5.99
2379830,0.99
2383180,14.99
2383660,5.99
2383990,19.99
2389230,4.99
2390480,9.99
2390840,0.99
2391900,11.99
2394070,18.99
2394170,3.99
2395730,3.99
2396800,9.99
2397230,1.99
2397250,24.99
2397500,29.99
2399540,29.99
2400520,10.0
2400880,3.99
2401380,4.99
2401450,2.99
2404070,9.99
2405730,11.99
2406180,17.99
2408210,9.99
2409500,29.99
2410030,4.99
2410590,6.99
2410640,14.99
2410740,3.99
2411210,2.99
2411530,7.99
2413220,9.99
2418600,6.99
2419430,2.99
2420220,3.99
2420230,0.99
2423050,2.99
2423300,6.99
2423830,0.99
2425570,1.99
2425920,4.99
2428780,4.99
2429160,4.99
2430410,7.99
2430580,14.99
2430790,1.99
2431820,12.99
2431940,6.99
2432000,3.99
2435330,4.99
2436660,9.99
2437950,4.99
2437990,0.99
2438460,2.99
2439700,2.99
2440220,8.99
2441360,29.99
2443090,9.99
2443250,0.99
2443510,5.99
2443630,19.99
2444350,19.99
2444750,24.99
2445380,0.99
2445390,0.99
2445440,0.99
2446180,5.99
2446700,5.99
2448830,13.99
2449310,9.99
2452650,15.99
2452720,0.99
2454890,8.99
2455260,4.99
2455340,6.99
2455720,5.99
2456430,9.99
2456550,5.0
2457580,14.99
2458250,29.99
2460130,39.99
2460490,9.99
2461110,17.5
2462000,4.99
2463570,0.99
2465080,2.99
2470700,4.99
2474690,7.99
2475460,4.99
2475720,4.99
2477340,39.99
2477770,8.99
2477790,2.99
2478020,49.99
2478470,1.99
2478840,7.99
2479580,1.99
2480930,1.99
2482640,5.99
2482850,19.99
2483370,2.99
2484270,9.99
2485430,12.99
2485890,7.99
2487140,9.99
2488360,0.99
2488410,5.99
2488640,0.99
2491310,4.99
2493670,8.99
2500080,2.99
2500750,4.99
2501590,2.99
2501750,2.99
2503180,9.99
2506130,9.99
2506690,19.99
2506820,13.99
2510160,3.99
2511290,0.99
2514400,14.99
2514460,9.99
2514580,7.99
2515060,6.99
2516170,24.99
2516430,16.99
2518430,3.99
2518600,1.99
2520360,9.0
2520580,3.99
2522520,4.99
2524280,10.99
2524700,9.99
2524870,6.99
2525690,2.99
2527580,29.99
2530890,3.99
2530970,4.99
2533370,39.99
2534940,7.99
2536260,6.99
2537010,11.99
2537190,7.99
2540540,5.99
2541520,9.99
2541890,9.99
2543180,19.99
2543510,4.99
2543760,19.99
2545130,1.99
2545360,24.99
2549580,4.99
2549650,14.99
2549780,39.99
2550460,9.99
2551740,0.99
2553180,3.99
2558110,5.99
2560380,4.99
2563030,14.99
2563050,14.99
2563490,5.99
2563800,6.99
2564600,9.99
2564630,9.99
2565450,4.99
2567670,9.99
2568710,5.99
2569820,24.99
2571140,6.99
2574270,11.99
2574470,6.99
2574760,9.99
2574870,9.99
2575150,9.99
2577180,2.99
2580390,14.99
2581310,9.99
2585530,5.99
2589910,4.99
2590080,3.99
2590180,7.99
2591580,0.99
2591990,4.99
2595020,6.99
2595530,4.99
2597570,19.99
2598110,5.99
2598290,0.99
2599360,3.99
2601450,4.99
2601730,3.99
2602030,9.99
2603560,9.99
2608290,4.99
2610370,7.99
2611110,4.99
2612960,15.99
2615010,6.99
2615380,12.99
2616040,5.99
2616090,9.99
2617190,1.99
2619280,4.99
2619630,2.99
2619640,12.99
2620240,9.99
2621260,1.99
2622280,14.99
2625330,7.49
2625510,4.99
2626760,1.99
2627570,7.99
2627640,7.99
2628230,9.99
2633950,19.99
2634700,9.99
2635170,12.99
2635640,7.99
2638240,3.99
2638910,7.99
2639500,7.99
2641930,0.99
2642310,3.99
2642860,9.99
2642870,3.99
2642920,9.99
2643290,7.99
2644040,0.99
2644470,8.99
2645030,9.99
2645490,8.99
2647800,6.99
2647980,8.0
2648060,2.99
2650080,9.99
2650730,14.99
2651090,6.99
2652180,3.99
2652930,4.99
2654040,14.99
2654930,4.99
2654940,4.99
2654950,4.99
2654960,9.99
2654970,4.99
2654980,4.99
2655800,5.99
2658140,9.99
2659690,9.99
2666530,19.99
2668530,9.99
2669540,4.99
2669560,2.99
2672260,9.99
2673730,0.99
2673750,14.99
2674080,4.99
2675290,2.99
2676410,49.99
2678710,4.99
2679270,0.99
2679960,13.99
2681660,0.99
2683030,19.99
2684010,2.99
2684850,0.99
2685370,12.99
2686080,4.99
2688180,2.99
2688400,1.99
2689220,2.99
2691920,1900.0
2692200,4.99
2694460,7.99
2695940,9.99
2696390,12.99
2696570,9.99
2698040,7.99
2698600,9.99
2700990,24.99
2702780,6.99
2702920,4.99
2703790,6.99
2704580,14.99
2704790,1.99
2704860,5.99
2706230,6.99
2708450,9.99
2708790,2.99
2709600,9.99
2710790,2.99
2711740,0.99
2713300,0.99
2713750,1.99
2714330,3.99
2716520,0.99
2718150,8.99
2718210,4.99
2720340,3.0
2720670,2.99
2722360,9.99
2726450,4.99
2726920,4.99
2728250,7.99
2729420,5.99
2729600,19.99
2731760,9.99
2733070,19.99
2735150,11.99
2735260,0.99
2736490,4.99
2736950,4.99
2737430,24.99
2738110,19.99
2738680,14.99
2738910,3.99
2739900,3.99
2740030,3.99
2747720,4.99
2748490,0.99
2748720,11.99
2751060,8.99
2752710,5.99
2753330,4.99
2753430,14.99
2756570,9.99
2757220,6.99
2757660,2.99
2758570,11.99
2758730,1.99
2758810,10.99
2759240,9.99
2761050,0.99
2761350,9.99
2761960,1.99
2763000,9.99
2764050,1.99
2764750,13.99
2765250,9.99
2767220,4.99
2769390,0.99
2773430,4.99
2774380,7.99
2779010,4.99
2780470,6.99
2781730,1.99
2786360,1.99
2787320,29.99
2787610,9.99
2787700,14.99
2787750,2.99
2788460,4.99
2788740,10.99
2790330,12.49
2792420,1.99
2792500,4.99
2793280,0.99
2795750,9.99
2796010,4.99
2796230,1.99
2798090,0.99
2798390,4.99
2800510,9.99
2800630,39.99
2802820,9.99
2804740,14.99
2805060,19.99
2805770,14.99
2808570,2.99
2810270,1.99
2811130,9.99
2813380,2.99
2816390,2.99
2816760,9.99
2816870,34.99
2817610,1.99
2822640,9.99
2824020,3.99
2824580,9.99
2825560,12.99
2828860,29.99
2831320,6.99
2832620,5.99
2832780,8.99
2834580,0.99
2834820,1.99
2835530,6.99
2835590,3.99
2840210,7.99
2841770,13.99
2842910,4.99
2844300,3.99
2844360,14.99
2844980,2.99
2845740,9.99
2846000,5.99
2846060,7.99
2848140,4.99
2848460,4.99
2850330,0.99
2850560,11.99
2851700,11.99
2852260,2.99
2853810,9.99
2857250,4.99
2857900,1.99
2858750,1.99
2861050,4.99
2862140,8.99
2862210,7.99
2862620,7.99
2863290,4.49
2866120,4.99
2868400,4.99
2869510,19.99
2870000,12.99
2871370,6.99
2872990,3.99
2873100,5.99
2875100,4.99
2876090,4.99
2877500,5.99
2879550,0.99
2881520,29.99
2881650,7.99
2881720,4.99
2883180,6.99
2883890,3.99
2885480,11.99
2885990,1.99
2886930,1.99
2887820,0.99
2889830,39.99
2891270,0.99
2892230,4.99
2892660,6.95
2892910,9.99
2896320,4.99
2896530,8.99
2897520,9.99
2897700,19.99
2898650,2.99
2898810,7.99
2899250,3.99
2900600,2.99
2900890,2.99
2902470,1.99
2903210,0.99
2904490,2.99
2906740,4.99
2907310,1.99
2907620,1.99
2908120,9.99
2909140,10.23
2909720,9.99
2909960,10.99
2910950,17.99
2912430,14.99
2914170,1.99
2917630,4.99
2918440,4.99
2919780,4.99
2920510,7.99
2920600,2.99
2921020,0.99
2923430,0.99
2923640,12.99
2924040,5.99
2924860,9.99
2925490,14.99
2925990,19.99
2928280,1.99
2928940,14.99
2930170,9.99
2933080,19.99
2934630,9.99
2935670,0.99
2936130,4.99
2936440,5.99
2939640,4.99
2939850,6.99
2940700,7.99
2942470,4.99
2943100,3.99
2945730,4.99
2948380,4.99
2949110,0.99
2949320,24.99
2950190,9.99
2953810,2.99
2958950,7.99
2959560,7.99
2960070,3.99
2960540,4.99
2960770,7.99
2961530,9.99
2962150,4.99
2963720,6.99
2963880,8.99
2965380,3.99
2965660,7.99
2966150,4.99
2976160,1.99
2976900,14.99
2978020,1.99
2978950,8.99
2980580,1.99
2980660,0.99
2981080,3.99
2982100,2.99
2986340,6.99
2987070,3.99
2987170,19.99
2990300,2.99
2992700,15.99
2993080,4.99
2996040,29.99
2996320,8.99
2998970,0.99
2999510,14.99
3002560,14.99
3003460,7.99
3004340,9.99
3005850,0.99
3006450,4.99
3008070,9.99
3008320,0.99
3009010,4.99
3009540,14.99
3009750,0.99
3010090,14.99
3010460,8.99
3010560,9.99
3015690,3.99
3016140,1.99
3018070,2.99
3018630,4.99
3020240,0.99
3020250,0.99
3020260,0.99
3020270,0.99
3020360,0.99
3023190,5.99
3025290,9.99
3026770,9.99
3030360,4.99
3031780,3.99
3032020,4.99
3033950,4.99
3036610,5.99
3036880,5.99
3038290,5.99
3038340,4.99
3038590,0.99
3039820,8.99
3040390,3.99
3041160,2.99
3041770,14.99
3047070,19.99
3047090,15.99
3047320,3.99
3047760,1.99
3051960,7.99
3053500,2.99
3053810,4.99
3053850,9.99
3057060,4.99
3059070,7.99
3060170,2.99
3061030,4.99
3062930,7.99
3068450,0.99
3069300,5.99
3074230,0.99
3074800,49.99
3075170,4.99
3081120,9.99
3093880,1.99
3094630,0.99
3095270,0.99
3095720,4.99
3096820,3.99
3097170,8.99
3097320,11.99
3097560,6.99
3098250,0.99
3099790,24.99
3101600,4.99
3104610,9.99
3106140,6.99
3106690,1.99
3107800,9.99
3107890,14.99
3108140,4.99
3108510,5.99
3108610,5.99
3109500,0.99
3110710,4.99
3111080,9.99
3113650,9.99
3113730,9.99
3113980,1.99
3114360,1.99
3115130,19.99
3116640,19.99
3120050,3.99
3120190,9.99
3120370,0.99
3120380,0.99
3120730,1.99
3120750,2.99
3121110,4.0
3123290,11.99
3123830,9.99
3126150,5.49
3126220,7.99
3128080,5.99
3128780,4.99
3133580,0.99
3134590,0.99
3135250,4.99
3136560,4.99
3138440,3.99
3138570,4.99
3139570,7.99
3140620,6.99
3142930,5.99
3146010,6.99
3146520,4.99
3147370,5.99
3147780,1.99
3148160,19.9
3149440,3.99
3150420,4.99
3150970,3.99
3151830,4.8
3153140,3.99
3154390,9.99
3156640,5.99
3161440,15.99
3163660,7.99
3169290,5.99
3169390,0.99
3171500,13.99
3172400,4.99
3174720,2.99
3176060,8.99
3176740,0.99
3177740,0.99
3179950,29.99
3180270,4.99
3181770,9.99
3184510,5.99
3184720,0.99
3188960,14.99
3189190,0.99
3191050,4.99
3191800,4.99
3191950,9.99
3193270,4.99
3194340,8.99
3195980,0.99
3201010,12.99
3203040,7.99
3204480,7.99
3204780,4.99
3208780,11.99
3212580,39.99
3214360,7.99
3214870,29.99
3216330,19.99
3220110,4.99
3222270,14.99
3222830,39.99
3225030,14.99
3225420,19.99
3227530,3.99
3227810,4.99
3228590,24.99
3230270,5.99
3231990,2.99
3233230,19.99
3237000,6.99
3237440,9.99
3237570,9.99
3240760,10.99
3241520,4.99
3241660,9.99
3243970,4.99
3247750,14.99
3249560,9.99
3249650,15.88
3250670,2.99
3253150,14.99
3253440,4.99
3253530,5.99
3253630,29.99
3253690,29.99
3255120,4.99
3257310,7.99
3261510,1.99
3261870,0.99
3262220,3.99
3263320,4.99
3267940,14.99
3268730,3.99
3269650,2.99
3270270,7.99
3272180,7.99
3274480,0.99
3274770,7.99
3276440,2.99
3277530,4.99
3277670,1.99
3278120,6.99
3279150,7.99
3281400,5.99
3281620,12.5
3282450,7.99
3285240,0.99
3287480,1.5
3288600,1.99
3288940,0.99
3295890,3.99
3295900,0.99
3300840,7.99
3302150,12.99
3303700,4.99
3310590,11.99
3313860,2.99
3314040,4.99
3315230,14.99
3315600,4.99
3316390,1.99
3317140,2.99
3317170,9.99
3317510,2.99
3319710,4.99
3321400,9.99
3324420,0.99
3325000,0.99
3327480,3.99
3329240,0.99
3331280,2.99
3337320,9.99
3337370,3.99
3339910,0.99
3340270,7.99
3342080,4.99
3342430,7.99
3343400,5.99
3349600,0.99
3351990,3.99
3353000,2.99
3354250,4.99
3356970,5.99
3362340,7.99
3363420,5.99
3363610,3.99
3363980,4.99
3374820,0.99
3376130,4.99
3376690,24.99
3377170,6.99
3378650,3.99
3379440,6.99
3380800,4.99
3382280,1.99
3390730,4.99
3391350,3.99
3391750,3.99
3393690,2.99
3393820,4.99
3393930,5.99
3393940,5.99
3396740,5.99
3396810,2.99
3397090,0.99
3397690,4.99
3399110,7.99
3399480,2.99
3399590,2.99
3399950,0.99
3401500,0.99
3404170,19.99
3407770,4.99
3409720,5.99
3413330,2.99
3414480,4.99
3414630,4.99
3415340,8.99
3419010,7.99
3422170,14.99
3424430,1.99
3424820,13.0
3424870,3.99
3428080,7.99
3428330,9.99
3431220,3.99
3433640,3.99
3433720,7.99
3434430,1.99
3436620,7.99
3436870,3.99
3439080,9.99
3439970,24.99
3442760,3.99
3443420,1.99
3444220,5.99
3446850,1.49
3447820,7.99
3447940,6.99
3457790,4.99
3459320,3.99
3461300,4.99
3465370,1.99
3467390,4.99
3467590,4.99
3469270,1.99
3470870,2.99
3471130,5.99
3476060,9.99
3485890,1.0
3486220,4.99
3489640,2.99
3492720,4.99
3492760,9.99
3495240,19.99
3498550,9.99
3500600,19.99
3504780,9.99
3505060,4.99
3506370,2.0
3506560,5.99
3510970,7.99
3511130,12.99
3511660,5.99
3513480,7.99
3515460,14.99
3521330,13.99
3522620,1.99
3524700,6.99
3525360,7.99
3527290,7.99
3527810,29.99
3533400,1.99
3538920,9.99
3540920,4.99
3542310,4.99
3542650,6.99
3543740,2.99
3551100,3.99
3551600,4.99
3552870,5.99
3553020,11.99
3553750,8.99
3560530,1.99
3560690,8.99
3567350,2.99
3568460,6.99
3568830,2.99
3570070,4.99
3572120,4.99
3575300,4.99
3575840,2.99
3578530,4.99
3580650,10.99
3582170,1.99
3583710,4.99
3584710,3.99
3585310,4.99
3585400,4.99
3586420,6.99
3588330,9.99
3592170,1.99
3592710,4.99
3593500,3.99
3599510,1.49
3601300,4.99
3602720,6.99
3604550,3.99
3607380,6.99
3616450,6.99
3620210,8.99
3623280,2.99
3623330,9.99
3627720,7.99
3627820,4.99
3629570,4.99
3630910,3.99
3630930,0.99
3633720,8.99
3634090,1.99
3635380,9.99
3636140,2.99
3638240,14.99
3644070,1.99
3645890,9.99
3650100,3.99
3652650,15.99
3657230,1.99
3658780,2.99
3663980,3.99
3669080,4.99
3678910,5.99
3693270,2.99
3694260,4.99
3700000,3.99
3713850,7.99
3715390,11.99
3716600,2.99
3724440,4.99
3725220,6.99
3732570,4.99
3732900,0.99
3737940,9.99
3738570,2.99
3743830,4.99
3758360,5.99
3763320,4.99
3764130,1.99
3764920,1.99
3765910,1.99
3766740,2.99
3770720,9.99
3771740,2.99
3777060,3.99
3781690,5.99
3782970,7.99
3788760,4.99
3791080,1.99
3793690,4.99
3795170,4.99
3799280,1.99
3800860,1.99
3801330,2.99
3801350,1.99
3805420,6.99
3808450,4.99
3810620,0.99
3811390,3.99
3817790,4.99
3818570,3.99
3819030,1.99
3822000,1.99
3832240,0.99
3833820,9.99
3842740,4.99
3861930,6.99
3863220,4.99
3879670,1.99
3908660,2.99
3919380,10.99
3940990,29.99
3969120,5.99
3973560,3.99
3981420,4.99
