appid,name,videos_matched,views_top50
2141730,Backrooms: Escape Together,48,156375608
1987080,Inside the Backrooms,24,96404844
1929610,Demonologist,48,34897329
1515210,The Past Within,41,22262702
934700,Dead Island 2,47,206693599
2828860,The Forever Winter,45,21686551
1272080,PAYDAY 3,42,52273836
3097560,Liar's Bar,0,0
1029690,Sniper Elite 5,22,40807672
1433140,The Texas Chain Saw Massacre,33,23146826
2695940,PANICORE,43,38099789
1562420,FOREWARNED,45,15442562
1556100,Killer Klowns From Outer Space: The Game,50,105914219
1519090,Welcome to ParadiZe,46,4562703
1931950,Vade Retro : Exorcist,47,12807343
1492070,Sker Ritual,50,4067047
1592290,Paranoia Place: Escape Together,37,113885
2111870,Section 13,48,1242169
555160,Pavlov,40,141661027
2169200,Sniper Elite: Resistance,44,163950134
2475460,SOS OPS!,45,20203720
1359090,Zero Hour,43,71032564
1548850,Six Days in Fallujah,35,21703817
1288320,Way of the Hunter,24,15197333
976890,Hidden Deep,37,10337033
1329500,SpiderHeck,48,14814413
3263320,Carry The Glass,47,32439504
3121110,Zort,41,34960933
3059070,The Headliners,40,38002006
3191050,BRAZILIAN DRUG DEALER 3: I OPENED A PORTAL TO HELL IN THE FAVELA TRYING TO REVIVE MIT AIA I NEED TO CLOSE IT,23,596385
3108510,FlyKnight Enhanced Edition,1,125
2305840,Cat Quest III,24,2328142
3645890,GONE Fishing,18,19973369
1268750,Starship Troopers: Extermination,50,34837859
774801,Crab Champions,42,22500969
692890,Roboquest,47,3766857
2071280,Ravenswatch,50,4415783
2444750,Shape of Dreams,44,3432402
1570330,West Hunt,41,51382880
1969370,LEGO® Party!,40,15049881
1166990,Kukoro: Stream chat games,44,1933736
1432050,Nobody Saves the World,37,3200236
1286580,Ship of Fools,35,4512348
1607680,Bread & Fred,1,198926
2996040,Teenage Mutant Ninja Turtles: Splintered Fate,26,8852452
2132850,Rabbit and Steel,21,577462
3399950,Your Mother,9,26562246
